2026-06-09 00:54:26,253 - INFO - models_dir atualizado para C:\Users\s293\AppData\Local\Temp\pytest-of-s293\pytest-227\test_set_models_dir_updates_sc0\new-models
2026-06-09 00:54:26,348 - WARNING - llama-server nao encontrado automaticamente; configure LLAMA_SERVER_BIN ou paths.json (llama_server_bin)
2026-06-09 00:54:26,400 - WARNING - Could not detect model layers for /media/docker/models/model.gguf: Command '"llama-server.exe" --model-info "/media/docker/models/model.gguf" 2>&1' returned non-zero exit status 1.
2026-06-09 00:54:26,455 - WARNING - Could not detect model layers for /media/docker/models/model.gguf: Command '"llama-server.exe" --model-info "/media/docker/models/model.gguf" 2>&1' returned non-zero exit status 1.
2026-06-09 00:54:26,981 - INFO - estimate_model_vram_mb [DISK] model=C:\Users\s293\AppData\Local\Temp\pytest-of-s293\pytest-227\test_estimate_model_vram_uses_0\qwen-49b.gguf disk_mb=100 ctx_overhead_mb=6553.6 runtime_overhead_mb=256 total_mb=6909
2026-06-09 00:54:26,998 - INFO - estimate_model_vram_mb [DISK] model=C:\Users\s293\AppData\Local\Temp\pytest-of-s293\pytest-227\test_estimate_model_vram_uses_0\qwen-49b.gguf disk_mb=100 ctx_overhead_mb=6553.6 runtime_overhead_mb=256 total_mb=6909
2026-06-09 00:54:27,032 - INFO - === HARDWARE CAPACITY FAILURE ===
  reason=no_feasible_split
  model=huge-model.gguf path=/models/huge-model.gguf
  estimated_model_mb=?
  total_vram_mb=24576 total_vram_gb=24.00
  active_gpus=[0]
  gpu_details=[{'index': 0, 'name': 'RTX 3090', 'vram_mb': 24576}]
  context_size=32768 parallel_slots=2
  message=Não foi possível carregar "huge-model.gguf" em nenhuma divisão testada entre as GPUs selecionadas. O modelo excede a capacidade do hardware atual (~24.0 GB de VRAM em 1 GPU(s)) com contexto 32768 e 2 slot(s).
2026-06-09 00:54:27,052 - INFO - === HARDWARE CAPACITY FAILURE ===
  reason=no_feasible_split
  model=huge-model.gguf path=/models/huge-model.gguf
  estimated_model_mb=?
  total_vram_mb=24576 total_vram_gb=24.00
  active_gpus=[0]
  gpu_details=[{'index': 0, 'name': 'RTX 3090', 'vram_mb': 24576}]
  context_size=32768 parallel_slots=2
  message=Não foi possível carregar "huge-model.gguf" em nenhuma divisão testada entre as GPUs selecionadas. O modelo excede a capacidade do hardware atual (~24.0 GB de VRAM em 1 GPU(s)) com contexto 32768 e 2 slot(s).
2026-06-09 00:54:27,057 - WARNING - OOM detected! Consecutive: 1
2026-06-09 00:54:27,180 - INFO - Auto-balance probe #1: weight_map={0: 100%} -> synced={0: 100%} | cpu_weight=10 -> probe_cpu=0 | active_weights=[gpu[0]=100.0%, cpu[-1]=0.0%]
2026-06-09 00:54:27,185 - INFO - Auto-balance probe #1: result=ready (cpu_weight=0, synced_map={0: 100%})
2026-06-09 00:54:27,335 - INFO - Session expired due to inactivity
2026-06-09 00:54:27,502 - INFO - START: /usr/bin/llama-server -m /fake/model.gguf -ngl 999 --flash-attn on --host 0.0.0.0 --port 8085 --tools all --parallel 1 --ctx-size 8192 --batch-size 2048 --mlock --main-gpu 0 --split-mode layer --tensor-split 1.0000 --api-key sk-test --mmproj-auto --jinja --reasoning on --chat-template-kwargs {"enable_thinking":true} (CUDA_VISIBLE_DEVICES=0, ctx_per_slot=8192, server_ctx=8192, batch_size=2048, thinking_enabled=True, mtp_enabled=False, mtp_draft_tokens=3, mtp_applied=False, gpu_pct=100.0, cpu_pct=0, n_gpu_layers=999, n_cpu_layers=0)
2026-06-09 00:54:27,513 - INFO - START: /usr/bin/llama-server -m /fake/model.gguf -ngl 999 --flash-attn on --host 0.0.0.0 --port 8085 --tools all --parallel 1 --ctx-size 8192 --batch-size 2048 --mlock --main-gpu 0 --split-mode layer --tensor-split 0.5000,0.5000 --api-key sk-test --mmproj-auto --jinja --reasoning on --chat-template-kwargs {"enable_thinking":true} (CUDA_VISIBLE_DEVICES=0,1, ctx_per_slot=8192, server_ctx=8192, batch_size=2048, thinking_enabled=True, mtp_enabled=False, mtp_draft_tokens=3, mtp_applied=False, gpu_pct=100.0, cpu_pct=0, n_gpu_layers=999, n_cpu_layers=0)
2026-06-09 00:54:27,523 - INFO - START: /usr/bin/llama-server -m /fake/model.gguf -ngl 999 --flash-attn on --host 0.0.0.0 --port 8085 --tools all --parallel 1 --ctx-size 8192 --batch-size 2048 --mlock --main-gpu 0 --split-mode layer --tensor-split 1.0000 --api-key sk-test --mmproj-auto --jinja --reasoning on --chat-template-kwargs {"enable_thinking":true} (CUDA_VISIBLE_DEVICES=0, ctx_per_slot=8192, server_ctx=8192, batch_size=2048, thinking_enabled=True, mtp_enabled=False, mtp_draft_tokens=3, mtp_applied=False, gpu_pct=100.0, cpu_pct=0, n_gpu_layers=999, n_cpu_layers=0)
2026-06-09 00:54:27,542 - INFO - START: /usr/bin/llama-server -m /fake/model.gguf -ngl 22 --flash-attn on --host 0.0.0.0 --port 8085 --tools all --parallel 1 --ctx-size 8192 --batch-size 2048 --mlock --main-gpu 0 --split-mode layer --tensor-split 1.0000 --api-key sk-test --mmproj-auto --jinja --reasoning on --chat-template-kwargs {"enable_thinking":true} (CUDA_VISIBLE_DEVICES=0, ctx_per_slot=8192, server_ctx=8192, batch_size=2048, thinking_enabled=True, mtp_enabled=False, mtp_draft_tokens=3, mtp_applied=False, gpu_pct=70.0, cpu_pct=30.0, n_gpu_layers=22, n_cpu_layers=10)
2026-06-09 00:54:27,610 - ERROR - GPU metrics error: not enough values to unpack (expected 2, got 0)
2026-06-09 00:54:27,720 - INFO - START: /usr/bin/llama-server -m /fake/model.gguf -ngl 999 --flash-attn on --host 0.0.0.0 --port 8085 --tools all --parallel 1 --ctx-size 8192 --batch-size 2048 --mlock --main-gpu 0 --split-mode layer --tensor-split 1.0000 --api-key sk-test --mmproj-auto --jinja --reasoning on --chat-template-kwargs {"enable_thinking":true} (CUDA_VISIBLE_DEVICES=0, ctx_per_slot=8192, server_ctx=8192, batch_size=2048, thinking_enabled=True, mtp_enabled=False, mtp_draft_tokens=3, mtp_applied=False, gpu_pct=70.0, cpu_pct=0.0, n_gpu_layers=999, n_cpu_layers=0)
2026-06-09 00:54:27,730 - INFO - START: /usr/bin/llama-server -m /fake/model.gguf -ngl 22 --flash-attn on --host 0.0.0.0 --port 8085 --tools all --parallel 1 --ctx-size 8192 --batch-size 2048 --mlock --main-gpu 0 --split-mode layer --tensor-split 1.0000 --api-key sk-test --mmproj-auto --jinja --reasoning on --chat-template-kwargs {"enable_thinking":true} (CUDA_VISIBLE_DEVICES=0, ctx_per_slot=8192, server_ctx=8192, batch_size=2048, thinking_enabled=True, mtp_enabled=False, mtp_draft_tokens=3, mtp_applied=False, gpu_pct=70.0, cpu_pct=30.0, n_gpu_layers=22, n_cpu_layers=10)
2026-06-09 00:54:27,737 - ERROR - GPU metrics error: not enough values to unpack (expected 2, got 0)
2026-06-09 00:54:27,841 - INFO - START: /usr/bin/llama-server -m /fake/model.gguf -ngl 999 --flash-attn on --host 0.0.0.0 --port 8085 --tools all --parallel 1 --ctx-size 8192 --batch-size 2048 --mlock --main-gpu 0 --split-mode layer --tensor-split 1.0000 --api-key sk-test --mmproj-auto --jinja --reasoning on --chat-template-kwargs {"enable_thinking":true} (CUDA_VISIBLE_DEVICES=0, ctx_per_slot=8192, server_ctx=8192, batch_size=2048, thinking_enabled=True, mtp_enabled=False, mtp_draft_tokens=3, mtp_applied=False, gpu_pct=70.0, cpu_pct=0.0, n_gpu_layers=999, n_cpu_layers=0)
2026-06-09 00:54:27,863 - INFO - START: /usr/bin/llama-server -m /fake/model.gguf -ngl 70 --flash-attn on --host 0.0.0.0 --port 8085 --tools all --parallel 1 --ctx-size 8192 --batch-size 2048 --mlock --main-gpu 0 --split-mode layer --tensor-split 0.7143,0.2857 --api-key sk-test --mmproj-auto --jinja --reasoning on --chat-template-kwargs {"enable_thinking":true} (CUDA_VISIBLE_DEVICES=0,1, ctx_per_slot=8192, server_ctx=8192, batch_size=2048, thinking_enabled=True, mtp_enabled=False, mtp_draft_tokens=3, mtp_applied=False, gpu_pct=70.0, cpu_pct=30.0, n_gpu_layers=70, n_cpu_layers=30)
2026-06-09 00:54:27,873 - INFO - START: /usr/bin/llama-server -m /fake/model.gguf -ngl 999 --flash-attn on --host 0.0.0.0 --port 8085 --tools all --parallel 1 --ctx-size 8192 --batch-size 2048 --mlock --main-gpu 1 --split-mode layer --tensor-split 0.6000,0.4000 --api-key sk-test --mmproj-auto --jinja --reasoning on --chat-template-kwargs {"enable_thinking":true} (CUDA_VISIBLE_DEVICES=0,1, ctx_per_slot=8192, server_ctx=8192, batch_size=2048, thinking_enabled=True, mtp_enabled=False, mtp_draft_tokens=3, mtp_applied=False, gpu_pct=100.0, cpu_pct=0, n_gpu_layers=999, n_cpu_layers=0)
2026-06-09 00:54:27,880 - INFO - === Auto-balance ANALYTIC START ===
  model=test.gguf path=/models/test.gguf
  estimated_vram=20000 MB (19.53 GB)
  context_size=4096 parallel_slots=1
  active_gpus=2 | total_vram=40000 MB (39.06 GB)
  gpu_vram={0: 24000, 1: 16000}
  gpu_names={0: GPU0, 1: GPU1}
  main_index=0
  priority_order=[0, 1]
  cpu_enabled=True
  pins_count=0
2026-06-09 00:54:27,899 - INFO - === Auto-balance ANALYTIC START ===
  model=test.gguf path=/models/test.gguf
  estimated_vram=20000 MB (19.53 GB)
  context_size=4096 parallel_slots=1
  active_gpus=2 | total_vram=40000 MB (39.06 GB)
  gpu_vram={0: 24000, 1: 16000}
  gpu_names={0: GPU0, 1: GPU1}
  main_index=0
  priority_order=[0, 1]
  cpu_enabled=True
  pins_count=0
2026-06-09 00:54:27,902 - INFO - === Auto-balance: LoadDistributor resultado ===
  is_feasible=True
  gpu_weights={0: 100, 1: 0}
  cpu_weight=0
  total_gpu_pct=100
2026-06-09 00:54:27,923 - INFO - === Auto-balance: LoadDistributor resultado ===
  is_feasible=True
  gpu_weights={0: 100, 1: 0}
  cpu_weight=0
  total_gpu_pct=100
2026-06-09 00:54:27,926 - INFO - === Auto-balance: peso final ===
  weight_label=GPU0=100%
  weight_map={0: 100%, 1: 0%}
  cpu_weight=0
  pins_applied=0 (auto-balance limpa pins)
  budget_ok=True
2026-06-09 00:54:27,942 - INFO - === Auto-balance: peso final ===
  weight_label=GPU0=100%
  weight_map={0: 100%, 1: 0%}
  cpu_weight=0
  pins_applied=0 (auto-balance limpa pins)
  budget_ok=True
2026-06-09 00:54:27,946 - INFO - === HARDWARE SNAPSHOT BEFORE LOAD ===
  gpu_count=0
  ram_used_mb=18315 ram_total_mb=32510 ram_pct=56.3%
  cpu_pct=1.0% cpu_name=<MagicMock name='mock.get_metrics().get()' id='2863649524944'>
  gpus=[]
2026-06-09 00:54:27,967 - INFO - === HARDWARE SNAPSHOT BEFORE LOAD ===
  gpu_count=0
  ram_used_mb=18315 ram_total_mb=32510 ram_pct=56.3%
  cpu_pct=1.0% cpu_name=<MagicMock name='mock.get_metrics().get()' id='2863649524944'>
  gpus=[]
2026-06-09 00:54:30,972 - INFO - === HARDWARE SNAPSHOT AFTER LOAD ===
  gpu_count=0
  ram_used_mb=18279 ram_total_mb=32510 ram_pct=56.2%
  cpu_pct=1.0% cpu_name=<MagicMock name='mock.get_metrics().get()' id='2863649524944'>
  gpus=[]
2026-06-09 00:54:31,006 - INFO - === HARDWARE SNAPSHOT AFTER LOAD ===
  gpu_count=0
  ram_used_mb=18279 ram_total_mb=32510 ram_pct=56.2%
  cpu_pct=1.0% cpu_name=<MagicMock name='mock.get_metrics().get()' id='2863649524944'>
  gpus=[]
2026-06-09 00:54:31,009 - INFO - === HARDWARE SNAPSHOT COMPARISON (BEFORE -> AFTER) ===
  model=test.gguf estimated_mb=20000
  weights=GPU0=100% cpu_weight=0
  ram_delta=-36 MB (before=18315 -> after=18279)
  gpu_changes=[N/A]
2026-06-09 00:54:31,027 - INFO - === HARDWARE SNAPSHOT COMPARISON (BEFORE -> AFTER) ===
  model=test.gguf estimated_mb=20000
  weights=GPU0=100% cpu_weight=0
  ram_delta=-36 MB (before=18315 -> after=18279)
  gpu_changes=[N/A]
2026-06-09 00:54:31,030 - INFO - === Auto-balance SUCCESS ===
  message=Balance otimizado por cascata (GPU0=100%).
  gpu_weights_exported=3 entries
  total_layers=0
  split_mode=layer
2026-06-09 00:54:31,059 - INFO - === Auto-balance SUCCESS ===
  message=Balance otimizado por cascata (GPU0=100%).
  gpu_weights_exported=3 entries
  total_layers=0
  split_mode=layer
2026-06-09 00:54:31,067 - INFO - === Auto-balance ANALYTIC START ===
  model=test.gguf path=/models/test.gguf
  estimated_vram=20000 MB (19.53 GB)
  context_size=4096 parallel_slots=1
  active_gpus=1 | total_vram=24000 MB (23.44 GB)
  gpu_vram={0: 24000}
  gpu_names={0: GPU0}
  main_index=0
  priority_order=[0]
  cpu_enabled=True
  pins_count=1
2026-06-09 00:54:31,084 - INFO - === Auto-balance ANALYTIC START ===
  model=test.gguf path=/models/test.gguf
  estimated_vram=20000 MB (19.53 GB)
  context_size=4096 parallel_slots=1
  active_gpus=1 | total_vram=24000 MB (23.44 GB)
  gpu_vram={0: 24000}
  gpu_names={0: GPU0}
  main_index=0
  priority_order=[0]
  cpu_enabled=True
  pins_count=1
2026-06-09 00:54:31,085 - INFO - === Auto-balance: LoadDistributor resultado ===
  is_feasible=True
  gpu_weights={0: 100}
  cpu_weight=0
  total_gpu_pct=100
2026-06-09 00:54:31,116 - INFO - === Auto-balance: LoadDistributor resultado ===
  is_feasible=True
  gpu_weights={0: 100}
  cpu_weight=0
  total_gpu_pct=100
2026-06-09 00:54:31,118 - INFO - === Auto-balance: peso final ===
  weight_label=GPU0=100%
  weight_map={0: 100%}
  cpu_weight=0
  pins_applied=0 (auto-balance limpa pins)
  budget_ok=True
2026-06-09 00:54:31,140 - INFO - === Auto-balance: peso final ===
  weight_label=GPU0=100%
  weight_map={0: 100%}
  cpu_weight=0
  pins_applied=0 (auto-balance limpa pins)
  budget_ok=True
2026-06-09 00:54:31,144 - INFO - === HARDWARE SNAPSHOT BEFORE LOAD ===
  gpu_count=0
  ram_used_mb=18286 ram_total_mb=32510 ram_pct=56.2%
  cpu_pct=1.0% cpu_name=<MagicMock name='mock.get_metrics().get()' id='2863649524432'>
  gpus=[]
2026-06-09 00:54:31,174 - INFO - === HARDWARE SNAPSHOT BEFORE LOAD ===
  gpu_count=0
  ram_used_mb=18286 ram_total_mb=32510 ram_pct=56.2%
  cpu_pct=1.0% cpu_name=<MagicMock name='mock.get_metrics().get()' id='2863649524432'>
  gpus=[]
2026-06-09 00:54:34,179 - INFO - === HARDWARE SNAPSHOT AFTER LOAD ===
  gpu_count=0
  ram_used_mb=18356 ram_total_mb=32510 ram_pct=56.5%
  cpu_pct=1.0% cpu_name=<MagicMock name='mock.get_metrics().get()' id='2863649524432'>
  gpus=[]
2026-06-09 00:54:34,194 - INFO - === HARDWARE SNAPSHOT AFTER LOAD ===
  gpu_count=0
  ram_used_mb=18356 ram_total_mb=32510 ram_pct=56.5%
  cpu_pct=1.0% cpu_name=<MagicMock name='mock.get_metrics().get()' id='2863649524432'>
  gpus=[]
2026-06-09 00:54:34,197 - INFO - === HARDWARE SNAPSHOT COMPARISON (BEFORE -> AFTER) ===
  model=test.gguf estimated_mb=20000
  weights=GPU0=100% cpu_weight=0
  ram_delta=+70 MB (before=18286 -> after=18356)
  gpu_changes=[N/A]
2026-06-09 00:54:34,225 - INFO - === HARDWARE SNAPSHOT COMPARISON (BEFORE -> AFTER) ===
  model=test.gguf estimated_mb=20000
  weights=GPU0=100% cpu_weight=0
  ram_delta=+70 MB (before=18286 -> after=18356)
  gpu_changes=[N/A]
2026-06-09 00:54:34,228 - INFO - === Auto-balance SUCCESS ===
  message=Balance otimizado por cascata (GPU0=100%).
  gpu_weights_exported=2 entries
  total_layers=0
  split_mode=layer
2026-06-09 00:54:34,255 - INFO - === Auto-balance SUCCESS ===
  message=Balance otimizado por cascata (GPU0=100%).
  gpu_weights_exported=2 entries
  total_layers=0
  split_mode=layer
2026-06-09 00:54:34,262 - INFO - === Auto-balance ANALYTIC START ===
  model=test.gguf path=/models/test.gguf
  estimated_vram=30000 MB (29.30 GB)
  context_size=4096 parallel_slots=1
  active_gpus=2 | total_vram=40000 MB (39.06 GB)
  gpu_vram={0: 24000, 1: 16000}
  gpu_names={0: GPU0, 1: GPU1}
  main_index=0
  priority_order=[0, 1]
  cpu_enabled=True
  pins_count=0
2026-06-09 00:54:34,286 - INFO - === Auto-balance ANALYTIC START ===
  model=test.gguf path=/models/test.gguf
  estimated_vram=30000 MB (29.30 GB)
  context_size=4096 parallel_slots=1
  active_gpus=2 | total_vram=40000 MB (39.06 GB)
  gpu_vram={0: 24000, 1: 16000}
  gpu_names={0: GPU0, 1: GPU1}
  main_index=0
  priority_order=[0, 1]
  cpu_enabled=True
  pins_count=0
2026-06-09 00:54:34,289 - INFO - === Auto-balance: LoadDistributor resultado ===
  is_feasible=True
  gpu_weights={0: 78, 1: 22}
  cpu_weight=0
  total_gpu_pct=100
2026-06-09 00:54:34,306 - INFO - === Auto-balance: LoadDistributor resultado ===
  is_feasible=True
  gpu_weights={0: 78, 1: 22}
  cpu_weight=0
  total_gpu_pct=100
2026-06-09 00:54:34,308 - INFO - === Auto-balance: peso final ===
  weight_label=GPU0=78%, GPU1=22%
  weight_map={0: 78%, 1: 22%}
  cpu_weight=0
  pins_applied=0 (auto-balance limpa pins)
  budget_ok=True
2026-06-09 00:54:34,359 - INFO - === Auto-balance: peso final ===
  weight_label=GPU0=78%, GPU1=22%
  weight_map={0: 78%, 1: 22%}
  cpu_weight=0
  pins_applied=0 (auto-balance limpa pins)
  budget_ok=True
2026-06-09 00:54:34,362 - INFO - === HARDWARE SNAPSHOT BEFORE LOAD ===
  gpu_count=0
  ram_used_mb=18361 ram_total_mb=32510 ram_pct=56.5%
  cpu_pct=1.0% cpu_name=<MagicMock name='mock.get_metrics().get()' id='2863649487504'>
  gpus=[]
2026-06-09 00:54:34,380 - INFO - === HARDWARE SNAPSHOT BEFORE LOAD ===
  gpu_count=0
  ram_used_mb=18361 ram_total_mb=32510 ram_pct=56.5%
  cpu_pct=1.0% cpu_name=<MagicMock name='mock.get_metrics().get()' id='2863649487504'>
  gpus=[]
2026-06-09 00:54:37,394 - INFO - === HARDWARE SNAPSHOT AFTER LOAD ===
  gpu_count=0
  ram_used_mb=18320 ram_total_mb=32510 ram_pct=56.4%
  cpu_pct=1.0% cpu_name=<MagicMock name='mock.get_metrics().get()' id='2863649487504'>
  gpus=[]
2026-06-09 00:54:37,401 - INFO - === HARDWARE SNAPSHOT AFTER LOAD ===
  gpu_count=0
  ram_used_mb=18320 ram_total_mb=32510 ram_pct=56.4%
  cpu_pct=1.0% cpu_name=<MagicMock name='mock.get_metrics().get()' id='2863649487504'>
  gpus=[]
2026-06-09 00:54:37,403 - INFO - === HARDWARE SNAPSHOT COMPARISON (BEFORE -> AFTER) ===
  model=test.gguf estimated_mb=30000
  weights=GPU0=78%, GPU1=22% cpu_weight=0
  ram_delta=-41 MB (before=18361 -> after=18320)
  gpu_changes=[N/A]
2026-06-09 00:54:37,420 - INFO - === HARDWARE SNAPSHOT COMPARISON (BEFORE -> AFTER) ===
  model=test.gguf estimated_mb=30000
  weights=GPU0=78%, GPU1=22% cpu_weight=0
  ram_delta=-41 MB (before=18361 -> after=18320)
  gpu_changes=[N/A]
2026-06-09 00:54:37,426 - INFO - === Auto-balance SUCCESS ===
  message=Balance otimizado por cascata (GPU0=78%, GPU1=22%).
  gpu_weights_exported=3 entries
  total_layers=0
  split_mode=layer
2026-06-09 00:54:37,447 - INFO - === Auto-balance SUCCESS ===
  message=Balance otimizado por cascata (GPU0=78%, GPU1=22%).
  gpu_weights_exported=3 entries
  total_layers=0
  split_mode=layer
2026-06-09 00:54:37,460 - INFO - === Auto-balance ANALYTIC START ===
  model=test.gguf path=/models/test.gguf
  estimated_vram=70000 MB (68.36 GB)
  context_size=4096 parallel_slots=1
  active_gpus=2 | total_vram=40000 MB (39.06 GB)
  gpu_vram={0: 24000, 1: 16000}
  gpu_names={0: GPU0, 1: GPU1}
  main_index=0
  priority_order=[0, 1]
  cpu_enabled=True
  pins_count=0
2026-06-09 00:54:37,480 - INFO - === Auto-balance ANALYTIC START ===
  model=test.gguf path=/models/test.gguf
  estimated_vram=70000 MB (68.36 GB)
  context_size=4096 parallel_slots=1
  active_gpus=2 | total_vram=40000 MB (39.06 GB)
  gpu_vram={0: 24000, 1: 16000}
  gpu_names={0: GPU0, 1: GPU1}
  main_index=0
  priority_order=[0, 1]
  cpu_enabled=True
  pins_count=0
2026-06-09 00:54:37,482 - INFO - === Auto-balance: LoadDistributor resultado ===
  is_feasible=True
  gpu_weights={0: 34, 1: 22}
  cpu_weight=44
  total_gpu_pct=56
2026-06-09 00:54:37,501 - INFO - === Auto-balance: LoadDistributor resultado ===
  is_feasible=True
  gpu_weights={0: 34, 1: 22}
  cpu_weight=44
  total_gpu_pct=56
2026-06-09 00:54:37,502 - INFO - === Auto-balance: peso final ===
  weight_label=GPU0=34%, GPU1=22%, CPU=44%
  weight_map={0: 34%, 1: 22%}
  cpu_weight=44
  pins_applied=0 (auto-balance limpa pins)
  budget_ok=True
2026-06-09 00:54:37,521 - INFO - === Auto-balance: peso final ===
  weight_label=GPU0=34%, GPU1=22%, CPU=44%
  weight_map={0: 34%, 1: 22%}
  cpu_weight=44
  pins_applied=0 (auto-balance limpa pins)
  budget_ok=True
2026-06-09 00:54:37,525 - INFO - === HARDWARE SNAPSHOT BEFORE LOAD ===
  gpu_count=0
  ram_used_mb=18319 ram_total_mb=32510 ram_pct=56.4%
  cpu_pct=1.0% cpu_name=<MagicMock name='mock.get_metrics().get()' id='2863649854224'>
  gpus=[]
2026-06-09 00:54:37,544 - INFO - === HARDWARE SNAPSHOT BEFORE LOAD ===
  gpu_count=0
  ram_used_mb=18319 ram_total_mb=32510 ram_pct=56.4%
  cpu_pct=1.0% cpu_name=<MagicMock name='mock.get_metrics().get()' id='2863649854224'>
  gpus=[]
2026-06-09 00:54:40,549 - INFO - === HARDWARE SNAPSHOT AFTER LOAD ===
  gpu_count=0
  ram_used_mb=18297 ram_total_mb=32510 ram_pct=56.3%
  cpu_pct=1.0% cpu_name=<MagicMock name='mock.get_metrics().get()' id='2863649854224'>
  gpus=[]
2026-06-09 00:54:40,556 - INFO - === HARDWARE SNAPSHOT AFTER LOAD ===
  gpu_count=0
  ram_used_mb=18297 ram_total_mb=32510 ram_pct=56.3%
  cpu_pct=1.0% cpu_name=<MagicMock name='mock.get_metrics().get()' id='2863649854224'>
  gpus=[]
2026-06-09 00:54:40,559 - INFO - === HARDWARE SNAPSHOT COMPARISON (BEFORE -> AFTER) ===
  model=test.gguf estimated_mb=70000
  weights=GPU0=34%, GPU1=22%, CPU=44% cpu_weight=44
  ram_delta=-22 MB (before=18319 -> after=18297)
  gpu_changes=[N/A]
2026-06-09 00:54:40,584 - INFO - === HARDWARE SNAPSHOT COMPARISON (BEFORE -> AFTER) ===
  model=test.gguf estimated_mb=70000
  weights=GPU0=34%, GPU1=22%, CPU=44% cpu_weight=44
  ram_delta=-22 MB (before=18319 -> after=18297)
  gpu_changes=[N/A]
2026-06-09 00:54:40,587 - INFO - === Auto-balance SUCCESS ===
  message=Balance otimizado por cascata (GPU0=34%, GPU1=22%, CPU=44%).
  gpu_weights_exported=3 entries
  total_layers=0
  split_mode=layer
2026-06-09 00:54:40,612 - INFO - === Auto-balance SUCCESS ===
  message=Balance otimizado por cascata (GPU0=34%, GPU1=22%, CPU=44%).
  gpu_weights_exported=3 entries
  total_layers=0
  split_mode=layer
2026-06-09 00:54:40,631 - INFO - === Auto-balance ANALYTIC START ===
  model=test.gguf path=/models/test.gguf
  estimated_vram=70000 MB (68.36 GB)
  context_size=4096 parallel_slots=1
  active_gpus=2 | total_vram=40000 MB (39.06 GB)
  gpu_vram={0: 24000, 1: 16000}
  gpu_names={0: GPU0, 1: GPU1}
  main_index=0
  priority_order=[0, 1]
  cpu_enabled=False
  pins_count=0
2026-06-09 00:54:40,648 - INFO - === Auto-balance ANALYTIC START ===
  model=test.gguf path=/models/test.gguf
  estimated_vram=70000 MB (68.36 GB)
  context_size=4096 parallel_slots=1
  active_gpus=2 | total_vram=40000 MB (39.06 GB)
  gpu_vram={0: 24000, 1: 16000}
  gpu_names={0: GPU0, 1: GPU1}
  main_index=0
  priority_order=[0, 1]
  cpu_enabled=False
  pins_count=0
2026-06-09 00:54:40,651 - INFO - === Auto-balance: LoadDistributor resultado ===
  is_feasible=False
  gpu_weights={0: 60, 1: 40}
  cpu_weight=0
  total_gpu_pct=100
2026-06-09 00:54:40,669 - INFO - === Auto-balance: LoadDistributor resultado ===
  is_feasible=False
  gpu_weights={0: 60, 1: 40}
  cpu_weight=0
  total_gpu_pct=100
2026-06-09 00:54:40,672 - INFO - === HARDWARE CAPACITY FAILURE ===
  reason=no_feasible_split
  model=test.gguf path=/models/test.gguf
  estimated_model_mb=?
  total_vram_mb=40000 total_vram_gb=39.06
  active_gpus=[0, 1]
  gpu_details=[{'index': 0, 'name': 'GPU0', 'vram_mb': 24000}, {'index': 1, 'name': 'GPU1', 'vram_mb': 16000}]
  context_size=4096 parallel_slots=1
  message=Não foi possível carregar "test.gguf" em nenhuma divisão testada entre as GPUs selecionadas. O modelo excede a capacidade do hardware atual (~39.1 GB de VRAM em 2 GPU(s)) com contexto 4096 e 1 slot(s).
2026-06-09 00:54:40,693 - INFO - === HARDWARE CAPACITY FAILURE ===
  reason=no_feasible_split
  model=test.gguf path=/models/test.gguf
  estimated_model_mb=?
  total_vram_mb=40000 total_vram_gb=39.06
  active_gpus=[0, 1]
  gpu_details=[{'index': 0, 'name': 'GPU0', 'vram_mb': 24000}, {'index': 1, 'name': 'GPU1', 'vram_mb': 16000}]
  context_size=4096 parallel_slots=1
  message=Não foi possível carregar "test.gguf" em nenhuma divisão testada entre as GPUs selecionadas. O modelo excede a capacidade do hardware atual (~39.1 GB de VRAM em 2 GPU(s)) com contexto 4096 e 1 slot(s).
2026-06-09 00:54:40,696 - INFO - === Auto-balance INFEASIBLE ===
  message=Não foi possível carregar "test.gguf" em nenhuma divisão testada entre as GPUs selecionadas. O modelo excede a capacidade do hardware atual (~39.1 GB de VRAM em 2 GPU(s)) com contexto 4096 e 1 slot(s).
  failure_code=hardware_capacity_exceeded
  total_vram_mb=40000
  estimated_mb=70000
  cpu_enabled=False
2026-06-09 00:54:40,713 - INFO - === Auto-balance INFEASIBLE ===
  message=Não foi possível carregar "test.gguf" em nenhuma divisão testada entre as GPUs selecionadas. O modelo excede a capacidade do hardware atual (~39.1 GB de VRAM em 2 GPU(s)) com contexto 4096 e 1 slot(s).
  failure_code=hardware_capacity_exceeded
  total_vram_mb=40000
  estimated_mb=70000
  cpu_enabled=False
2026-06-09 00:54:40,794 - INFO - START: /usr/bin/llama-server -m /fake/model.gguf -ngl 22 --flash-attn on --host 0.0.0.0 --port 8085 --tools all --parallel 1 --ctx-size 8192 --batch-size 2048 --mlock --main-gpu 0 --split-mode layer --tensor-split 1.0 --api-key sk-test --mmproj-auto --jinja --reasoning on --chat-template-kwargs {"enable_thinking":true} (CUDA_VISIBLE_DEVICES=0, ctx_per_slot=8192, server_ctx=8192, batch_size=2048, thinking_enabled=True, mtp_enabled=False, mtp_draft_tokens=3, mtp_applied=False, gpu_pct=70.0, cpu_pct=30.0, n_gpu_layers=22, n_cpu_layers=10)
2026-06-09 00:54:40,810 - INFO - START: /usr/bin/llama-server -m /fake/model.gguf -ngl 6 --flash-attn on --host 0.0.0.0 --port 8085 --tools all --parallel 1 --ctx-size 8192 --batch-size 2048 --mlock --main-gpu 0 --split-mode layer --tensor-split 1.0 --api-key sk-test --mmproj-auto --jinja --reasoning on --chat-template-kwargs {"enable_thinking":true} (CUDA_VISIBLE_DEVICES=0, ctx_per_slot=8192, server_ctx=8192, batch_size=2048, thinking_enabled=True, mtp_enabled=False, mtp_draft_tokens=3, mtp_applied=False, gpu_pct=20.0, cpu_pct=80.0, n_gpu_layers=6, n_cpu_layers=26)
2026-06-09 00:54:40,855 - INFO - START: /usr/bin/llama-server -m /fake/model.gguf -ngl 999 --flash-attn on --host 0.0.0.0 --port 8085 --tools all --parallel 1 --ctx-size 8192 --batch-size 2048 --mlock --main-gpu 0 --split-mode layer --tensor-split 1.0 --api-key sk-test --mmproj-auto --jinja --reasoning on --chat-template-kwargs {"enable_thinking":true} (CUDA_VISIBLE_DEVICES=0, ctx_per_slot=8192, server_ctx=8192, batch_size=2048, thinking_enabled=True, mtp_enabled=False, mtp_draft_tokens=3, mtp_applied=False, gpu_pct=100.0, cpu_pct=0, n_gpu_layers=999, n_cpu_layers=0)
2026-06-09 00:54:40,870 - INFO - START: /usr/bin/llama-server -m /fake/model.gguf -ngl 22 --flash-attn on --host 0.0.0.0 --port 8085 --tools all --parallel 1 --ctx-size 8192 --batch-size 2048 --mlock --main-gpu 0 --split-mode layer --tensor-split 1.0 --api-key sk-test --mmproj-auto --jinja --reasoning on --chat-template-kwargs {"enable_thinking":true} (CUDA_VISIBLE_DEVICES=0, ctx_per_slot=8192, server_ctx=8192, batch_size=2048, thinking_enabled=True, mtp_enabled=False, mtp_draft_tokens=3, mtp_applied=False, gpu_pct=70.0, cpu_pct=30.0, n_gpu_layers=22, n_cpu_layers=10)
2026-06-09 00:54:41,381 - ERROR - GPU detection error: Command 'nvidia-smi' returned non-zero exit status 1.
2026-06-09 00:54:41,408 - ERROR - GPU metrics error: Command 'nvidia-smi' returned non-zero exit status 1.
2026-06-09 00:54:41,412 - ERROR - System metrics error: ram metrics unavailable
2026-06-09 00:54:41,424 - ERROR - GPU metrics error: Command 'nvidia-smi' returned non-zero exit status 1.
2026-06-09 00:54:42,613 - ERROR - GPU metrics error: Command 'nvidia-smi' returned non-zero exit status 1.
2026-06-09 00:54:42,616 - ERROR - System metrics error: ram down
2026-06-09 00:54:42,631 - ERROR - GPU metrics error: Command 'nvidia-smi' returned non-zero exit status 1.
2026-06-09 00:54:42,794 - INFO - MTP requested but model has no MTP head, skipping flags
2026-06-09 00:54:42,984 - WARNING - llama-server nao encontrado automaticamente; configure LLAMA_SERVER_BIN ou paths.json (llama_server_bin)
2026-06-09 00:54:43,011 - WARNING - Could not detect MTP for /fake/model.gguf: boom
1969-12-31 21:16:40,000 - WARNING - OOM detected! Consecutive: 1
1969-12-31 21:16:45,000 - WARNING - OOM detected! Consecutive: 2
1969-12-31 21:16:40,000 - WARNING - OOM detected! Consecutive: 1
1969-12-31 21:17:11,000 - WARNING - OOM detected! Consecutive: 1
1969-12-31 21:16:40,000 - WARNING - OOM detected! Consecutive: 1
1969-12-31 21:16:45,000 - WARNING - OOM detected! Consecutive: 3
2026-06-09 00:54:43,336 - WARNING - Could not detect model layers for /fake/model.gguf: not found
2026-06-09 00:54:43,371 - INFO - START: /usr/bin/llama-server -m /fake/model.gguf -ngl 999 --flash-attn on --host 0.0.0.0 --port 8085 --tools all --parallel 1 --ctx-size 8192 --batch-size 2048 --mlock --main-gpu 0 --split-mode layer --tensor-split 1.0 --api-key test-token --mmproj-auto --jinja --reasoning on --chat-template-kwargs {"enable_thinking":true} (CUDA_VISIBLE_DEVICES=0, ctx_per_slot=8192, server_ctx=8192, batch_size=2048, thinking_enabled=True, mtp_enabled=False, mtp_draft_tokens=3, mtp_applied=False, gpu_pct=100.0, cpu_pct=0, n_gpu_layers=999, n_cpu_layers=0)
2026-06-09 00:54:43,388 - INFO - START: /usr/bin/llama-server -m /fake/model.gguf -ngl 22 --flash-attn on --host 0.0.0.0 --port 8085 --tools all --parallel 1 --ctx-size 8192 --batch-size 2048 --mlock --main-gpu 0 --split-mode layer --tensor-split 1.0 --api-key test-token --mmproj-auto --jinja --reasoning on --chat-template-kwargs {"enable_thinking":true} (CUDA_VISIBLE_DEVICES=0, ctx_per_slot=8192, server_ctx=8192, batch_size=2048, thinking_enabled=True, mtp_enabled=False, mtp_draft_tokens=3, mtp_applied=False, gpu_pct=70.0, cpu_pct=30.0, n_gpu_layers=22, n_cpu_layers=10)
2026-06-09 00:54:43,406 - INFO - START: /usr/bin/llama-server -m /fake/model.gguf -ngl 0 --flash-attn on --host 0.0.0.0 --port 8085 --tools all --parallel 1 --ctx-size 8192 --batch-size 2048 --mlock --main-gpu 0 --split-mode layer --tensor-split 1.0 --api-key test-token --mmproj-auto --jinja --reasoning on --chat-template-kwargs {"enable_thinking":true} (CUDA_VISIBLE_DEVICES=0, ctx_per_slot=8192, server_ctx=8192, batch_size=2048, thinking_enabled=True, mtp_enabled=False, mtp_draft_tokens=3, mtp_applied=False, gpu_pct=0, cpu_pct=0, n_gpu_layers=0, n_cpu_layers=32)
2026-06-09 00:54:43,425 - INFO - START: /usr/bin/llama-server -m /fake/model.gguf -ngl 999 --flash-attn on --host 0.0.0.0 --port 8085 --tools all --parallel 1 --ctx-size 8192 --batch-size 2048 --mlock --main-gpu 0 --split-mode layer --tensor-split 1.0 --api-key test-token --mmproj-auto --jinja --reasoning on --chat-template-kwargs {"enable_thinking":true} (CUDA_VISIBLE_DEVICES=0, ctx_per_slot=8192, server_ctx=8192, batch_size=2048, thinking_enabled=True, mtp_enabled=False, mtp_draft_tokens=3, mtp_applied=False, gpu_pct=100.0, cpu_pct=0, n_gpu_layers=999, n_cpu_layers=0)
2026-06-09 00:54:43,441 - INFO - START: /usr/bin/llama-server -m /fake/model.gguf -ngl 999 --flash-attn on --host 0.0.0.0 --port 8085 --tools all --parallel 1 --ctx-size 8192 --batch-size 2048 --mlock --main-gpu 0 --split-mode layer --tensor-split 1.0 --api-key test-token --mmproj-auto --jinja --reasoning on --chat-template-kwargs {"enable_thinking":true} (CUDA_VISIBLE_DEVICES=0, ctx_per_slot=8192, server_ctx=8192, batch_size=2048, thinking_enabled=True, mtp_enabled=False, mtp_draft_tokens=3, mtp_applied=False, gpu_pct=100.0, cpu_pct=0, n_gpu_layers=999, n_cpu_layers=0)
2026-06-09 00:54:43,458 - INFO - START: /usr/bin/llama-server -m /fake/model.gguf -ngl 56 --flash-attn on --host 0.0.0.0 --port 8085 --tools all --parallel 1 --ctx-size 8192 --batch-size 2048 --mlock --main-gpu 0 --split-mode layer --tensor-split 1.0 --api-key test-token --mmproj-auto --jinja --reasoning on --chat-template-kwargs {"enable_thinking":true} (CUDA_VISIBLE_DEVICES=0, ctx_per_slot=8192, server_ctx=8192, batch_size=2048, thinking_enabled=True, mtp_enabled=False, mtp_draft_tokens=3, mtp_applied=False, gpu_pct=70.0, cpu_pct=30.0, n_gpu_layers=56, n_cpu_layers=24)
2026-06-09 00:54:43,485 - INFO - START: /usr/bin/llama-server -m /fake/model.gguf -ngl 999 --flash-attn on --host 0.0.0.0 --port 8085 --tools all --parallel 1 --ctx-size 8192 --batch-size 2048 --mlock --main-gpu 0 --split-mode layer --tensor-split 1.0 --api-key test-token --mmproj-auto --jinja --reasoning on --chat-template-kwargs {"enable_thinking":true} (CUDA_VISIBLE_DEVICES=0, ctx_per_slot=8192, server_ctx=8192, batch_size=2048, thinking_enabled=True, mtp_enabled=False, mtp_draft_tokens=3, mtp_applied=False, gpu_pct=200.0, cpu_pct=0, n_gpu_layers=999, n_cpu_layers=0)
2026-06-09 00:54:43,505 - INFO - START: /usr/bin/llama-server -m /fake/model.gguf -ngl 999 --flash-attn on --host 0.0.0.0 --port 8085 --tools all --parallel 1 --ctx-size 8192 --batch-size 2048 --mlock --main-gpu 0 --split-mode layer --tensor-split 1.0 --api-key test-token --mmproj-auto --jinja --reasoning on --chat-template-kwargs {"enable_thinking":true} (CUDA_VISIBLE_DEVICES=0, ctx_per_slot=8192, server_ctx=8192, batch_size=2048, thinking_enabled=True, mtp_enabled=False, mtp_draft_tokens=3, mtp_applied=False, gpu_pct=100.0, cpu_pct=0, n_gpu_layers=999, n_cpu_layers=0)
2026-06-09 00:54:43,522 - INFO - START: /usr/bin/llama-server -m /fake/model.gguf -ngl 0 --flash-attn on --host 0.0.0.0 --port 8085 --tools all --parallel 1 --ctx-size 8192 --batch-size 2048 --mlock --main-gpu 0 --split-mode layer --tensor-split 1.0 --api-key test-token --mmproj-auto --jinja --reasoning on --chat-template-kwargs {"enable_thinking":true} (CUDA_VISIBLE_DEVICES=0, ctx_per_slot=8192, server_ctx=8192, batch_size=2048, thinking_enabled=True, mtp_enabled=False, mtp_draft_tokens=3, mtp_applied=False, gpu_pct=0, cpu_pct=0, n_gpu_layers=0, n_cpu_layers=32)
2026-06-09 00:54:43,753 - INFO - Verificacao de versao iniciada em /tmp/automanager-test
2026-06-09 00:54:43,755 - WARNING - Diretorio nao e um repositorio git: /tmp/automanager-test
2026-06-09 00:54:43,771 - INFO - Verificacao de versao iniciada em /tmp/automanager-test
2026-06-09 00:54:43,773 - INFO - Versao atualizada (branch=main, ref=aaa1111)
2026-06-09 00:54:43,793 - INFO - Verificacao de versao iniciada em /tmp/automanager-test
2026-06-09 00:54:43,795 - INFO - Atualizacao disponivel (branch=main, ahead=2, aaa1111 -> ddd4444)
2026-06-09 00:54:43,814 - INFO - Verificacao de versao iniciada em /tmp/automanager-test
2026-06-09 00:54:43,819 - WARNING - git fetch falhou (branch=main): fatal: could not read from remote
2026-06-09 00:54:43,832 - INFO - Verificacao de versao iniciada em /tmp/automanager-test
2026-06-09 00:54:43,836 - WARNING - git fetch expirou apos 30s (branch=main)
2026-06-09 00:54:43,847 - INFO - Verificacao de versao iniciada em /tmp/automanager-test
2026-06-09 00:54:43,850 - INFO - Versao atualizada (branch=feature/foo, ref=1111111)
2026-06-09 00:54:43,861 - INFO - Verificacao de versao iniciada em /tmp/automanager-test
2026-06-09 00:54:43,864 - INFO - Atualizacao disponivel (branch=main, ahead=12, local00 -> remote0)
2026-06-09 00:56:40,091 - INFO - models_dir atualizado para C:\Users\s293\AppData\Local\Temp\pytest-of-s293\pytest-228\test_set_models_dir_updates_sc0\new-models
2026-06-09 00:56:40,208 - WARNING - llama-server nao encontrado automaticamente; configure LLAMA_SERVER_BIN ou paths.json (llama_server_bin)
2026-06-09 00:56:40,287 - WARNING - Could not detect model layers for /media/docker/models/model.gguf: Command '"llama-server.exe" --model-info "/media/docker/models/model.gguf" 2>&1' returned non-zero exit status 1.
2026-06-09 00:56:40,374 - WARNING - Could not detect model layers for /media/docker/models/model.gguf: Command '"llama-server.exe" --model-info "/media/docker/models/model.gguf" 2>&1' returned non-zero exit status 1.
2026-06-09 00:56:40,910 - INFO - estimate_model_vram_mb [DISK] model=C:\Users\s293\AppData\Local\Temp\pytest-of-s293\pytest-228\test_estimate_model_vram_uses_0\qwen-49b.gguf disk_mb=100 ctx_overhead_mb=6553.6 runtime_overhead_mb=256 total_mb=6909
2026-06-09 00:56:40,954 - INFO - estimate_model_vram_mb [DISK] model=C:\Users\s293\AppData\Local\Temp\pytest-of-s293\pytest-228\test_estimate_model_vram_uses_0\qwen-49b.gguf disk_mb=100 ctx_overhead_mb=6553.6 runtime_overhead_mb=256 total_mb=6909
2026-06-09 00:56:41,005 - INFO - === HARDWARE CAPACITY FAILURE ===
  reason=no_feasible_split
  model=huge-model.gguf path=/models/huge-model.gguf
  estimated_model_mb=?
  total_vram_mb=24576 total_vram_gb=24.00
  active_gpus=[0]
  gpu_details=[{'index': 0, 'name': 'RTX 3090', 'vram_mb': 24576}]
  context_size=32768 parallel_slots=2
  message=Não foi possível carregar "huge-model.gguf" em nenhuma divisão testada entre as GPUs selecionadas. O modelo excede a capacidade do hardware atual (~24.0 GB de VRAM em 1 GPU(s)) com contexto 32768 e 2 slot(s).
2026-06-09 00:56:41,047 - INFO - === HARDWARE CAPACITY FAILURE ===
  reason=no_feasible_split
  model=huge-model.gguf path=/models/huge-model.gguf
  estimated_model_mb=?
  total_vram_mb=24576 total_vram_gb=24.00
  active_gpus=[0]
  gpu_details=[{'index': 0, 'name': 'RTX 3090', 'vram_mb': 24576}]
  context_size=32768 parallel_slots=2
  message=Não foi possível carregar "huge-model.gguf" em nenhuma divisão testada entre as GPUs selecionadas. O modelo excede a capacidade do hardware atual (~24.0 GB de VRAM em 1 GPU(s)) com contexto 32768 e 2 slot(s).
2026-06-09 00:56:41,072 - WARNING - OOM detected! Consecutive: 1
2026-06-09 00:56:41,209 - INFO - Auto-balance probe #1: weight_map={0: 100%} -> synced={0: 100%} | cpu_weight=10 -> probe_cpu=0 | active_weights=[gpu[0]=100.0%, cpu[-1]=0.0%]
2026-06-09 00:56:41,227 - INFO - Auto-balance probe #1: result=ready (cpu_weight=0, synced_map={0: 100%})
2026-06-09 00:56:41,400 - INFO - Session expired due to inactivity
2026-06-09 00:56:41,597 - INFO - START: /usr/bin/llama-server -m /fake/model.gguf -ngl 999 --flash-attn on --host 0.0.0.0 --port 8085 --tools all --parallel 1 --ctx-size 8192 --batch-size 2048 --mlock --main-gpu 0 --split-mode layer --tensor-split 1.0000 --api-key sk-test --mmproj-auto --jinja --reasoning on --chat-template-kwargs {"enable_thinking":true} (CUDA_VISIBLE_DEVICES=0, ctx_per_slot=8192, server_ctx=8192, batch_size=2048, thinking_enabled=True, mtp_enabled=False, mtp_draft_tokens=3, mtp_applied=False, gpu_pct=100.0, cpu_pct=0, n_gpu_layers=999, n_cpu_layers=0)
2026-06-09 00:56:41,624 - INFO - START: /usr/bin/llama-server -m /fake/model.gguf -ngl 999 --flash-attn on --host 0.0.0.0 --port 8085 --tools all --parallel 1 --ctx-size 8192 --batch-size 2048 --mlock --main-gpu 0 --split-mode layer --tensor-split 0.5000,0.5000 --api-key sk-test --mmproj-auto --jinja --reasoning on --chat-template-kwargs {"enable_thinking":true} (CUDA_VISIBLE_DEVICES=0,1, ctx_per_slot=8192, server_ctx=8192, batch_size=2048, thinking_enabled=True, mtp_enabled=False, mtp_draft_tokens=3, mtp_applied=False, gpu_pct=100.0, cpu_pct=0, n_gpu_layers=999, n_cpu_layers=0)
2026-06-09 00:56:41,658 - INFO - START: /usr/bin/llama-server -m /fake/model.gguf -ngl 999 --flash-attn on --host 0.0.0.0 --port 8085 --tools all --parallel 1 --ctx-size 8192 --batch-size 2048 --mlock --main-gpu 0 --split-mode layer --tensor-split 1.0000 --api-key sk-test --mmproj-auto --jinja --reasoning on --chat-template-kwargs {"enable_thinking":true} (CUDA_VISIBLE_DEVICES=0, ctx_per_slot=8192, server_ctx=8192, batch_size=2048, thinking_enabled=True, mtp_enabled=False, mtp_draft_tokens=3, mtp_applied=False, gpu_pct=100.0, cpu_pct=0, n_gpu_layers=999, n_cpu_layers=0)
2026-06-09 00:56:41,715 - INFO - START: /usr/bin/llama-server -m /fake/model.gguf -ngl 22 --flash-attn on --host 0.0.0.0 --port 8085 --tools all --parallel 1 --ctx-size 8192 --batch-size 2048 --mlock --main-gpu 0 --split-mode layer --tensor-split 1.0000 --api-key sk-test --mmproj-auto --jinja --reasoning on --chat-template-kwargs {"enable_thinking":true} (CUDA_VISIBLE_DEVICES=0, ctx_per_slot=8192, server_ctx=8192, batch_size=2048, thinking_enabled=True, mtp_enabled=False, mtp_draft_tokens=3, mtp_applied=False, gpu_pct=70.0, cpu_pct=30.0, n_gpu_layers=22, n_cpu_layers=10)
2026-06-09 00:56:41,756 - ERROR - GPU metrics error: not enough values to unpack (expected 2, got 0)
2026-06-09 00:56:41,899 - INFO - START: /usr/bin/llama-server -m /fake/model.gguf -ngl 999 --flash-attn on --host 0.0.0.0 --port 8085 --tools all --parallel 1 --ctx-size 8192 --batch-size 2048 --mlock --main-gpu 0 --split-mode layer --tensor-split 1.0000 --api-key sk-test --mmproj-auto --jinja --reasoning on --chat-template-kwargs {"enable_thinking":true} (CUDA_VISIBLE_DEVICES=0, ctx_per_slot=8192, server_ctx=8192, batch_size=2048, thinking_enabled=True, mtp_enabled=False, mtp_draft_tokens=3, mtp_applied=False, gpu_pct=70.0, cpu_pct=0.0, n_gpu_layers=999, n_cpu_layers=0)
2026-06-09 00:56:41,927 - INFO - START: /usr/bin/llama-server -m /fake/model.gguf -ngl 22 --flash-attn on --host 0.0.0.0 --port 8085 --tools all --parallel 1 --ctx-size 8192 --batch-size 2048 --mlock --main-gpu 0 --split-mode layer --tensor-split 1.0000 --api-key sk-test --mmproj-auto --jinja --reasoning on --chat-template-kwargs {"enable_thinking":true} (CUDA_VISIBLE_DEVICES=0, ctx_per_slot=8192, server_ctx=8192, batch_size=2048, thinking_enabled=True, mtp_enabled=False, mtp_draft_tokens=3, mtp_applied=False, gpu_pct=70.0, cpu_pct=30.0, n_gpu_layers=22, n_cpu_layers=10)
2026-06-09 00:56:41,957 - ERROR - GPU metrics error: not enough values to unpack (expected 2, got 0)
2026-06-09 00:56:42,077 - INFO - START: /usr/bin/llama-server -m /fake/model.gguf -ngl 999 --flash-attn on --host 0.0.0.0 --port 8085 --tools all --parallel 1 --ctx-size 8192 --batch-size 2048 --mlock --main-gpu 0 --split-mode layer --tensor-split 1.0000 --api-key sk-test --mmproj-auto --jinja --reasoning on --chat-template-kwargs {"enable_thinking":true} (CUDA_VISIBLE_DEVICES=0, ctx_per_slot=8192, server_ctx=8192, batch_size=2048, thinking_enabled=True, mtp_enabled=False, mtp_draft_tokens=3, mtp_applied=False, gpu_pct=70.0, cpu_pct=0.0, n_gpu_layers=999, n_cpu_layers=0)
2026-06-09 00:56:42,124 - INFO - START: /usr/bin/llama-server -m /fake/model.gguf -ngl 70 --flash-attn on --host 0.0.0.0 --port 8085 --tools all --parallel 1 --ctx-size 8192 --batch-size 2048 --mlock --main-gpu 0 --split-mode layer --tensor-split 0.7143,0.2857 --api-key sk-test --mmproj-auto --jinja --reasoning on --chat-template-kwargs {"enable_thinking":true} (CUDA_VISIBLE_DEVICES=0,1, ctx_per_slot=8192, server_ctx=8192, batch_size=2048, thinking_enabled=True, mtp_enabled=False, mtp_draft_tokens=3, mtp_applied=False, gpu_pct=70.0, cpu_pct=30.0, n_gpu_layers=70, n_cpu_layers=30)
2026-06-09 00:56:42,138 - INFO - START: /usr/bin/llama-server -m /fake/model.gguf -ngl 999 --flash-attn on --host 0.0.0.0 --port 8085 --tools all --parallel 1 --ctx-size 8192 --batch-size 2048 --mlock --main-gpu 1 --split-mode layer --tensor-split 0.6000,0.4000 --api-key sk-test --mmproj-auto --jinja --reasoning on --chat-template-kwargs {"enable_thinking":true} (CUDA_VISIBLE_DEVICES=0,1, ctx_per_slot=8192, server_ctx=8192, batch_size=2048, thinking_enabled=True, mtp_enabled=False, mtp_draft_tokens=3, mtp_applied=False, gpu_pct=100.0, cpu_pct=0, n_gpu_layers=999, n_cpu_layers=0)
2026-06-09 00:56:42,165 - INFO - === Auto-balance ANALYTIC START ===
  model=test.gguf path=/models/test.gguf
  estimated_vram=20000 MB (19.53 GB)
  context_size=4096 parallel_slots=1
  active_gpus=2 | total_vram=40000 MB (39.06 GB)
  gpu_vram={0: 24000, 1: 16000}
  gpu_names={0: GPU0, 1: GPU1}
  main_index=0
  priority_order=[0, 1]
  cpu_enabled=True
  pins_count=0
2026-06-09 00:56:42,206 - INFO - === Auto-balance ANALYTIC START ===
  model=test.gguf path=/models/test.gguf
  estimated_vram=20000 MB (19.53 GB)
  context_size=4096 parallel_slots=1
  active_gpus=2 | total_vram=40000 MB (39.06 GB)
  gpu_vram={0: 24000, 1: 16000}
  gpu_names={0: GPU0, 1: GPU1}
  main_index=0
  priority_order=[0, 1]
  cpu_enabled=True
  pins_count=0
2026-06-09 00:56:42,225 - INFO - === Auto-balance: LoadDistributor resultado ===
  is_feasible=True
  gpu_weights={0: 100, 1: 0}
  cpu_weight=0
  total_gpu_pct=100
2026-06-09 00:56:42,261 - INFO - === Auto-balance: LoadDistributor resultado ===
  is_feasible=True
  gpu_weights={0: 100, 1: 0}
  cpu_weight=0
  total_gpu_pct=100
2026-06-09 00:56:42,279 - INFO - === Auto-balance: peso final ===
  weight_label=GPU0=100%
  weight_map={0: 100%, 1: 0%}
  cpu_weight=0
  pins_applied=0 (auto-balance limpa pins)
  budget_ok=True
2026-06-09 00:56:42,312 - INFO - === Auto-balance: peso final ===
  weight_label=GPU0=100%
  weight_map={0: 100%, 1: 0%}
  cpu_weight=0
  pins_applied=0 (auto-balance limpa pins)
  budget_ok=True
2026-06-09 00:56:42,332 - INFO - === HARDWARE SNAPSHOT BEFORE LOAD ===
  gpu_count=0
  ram_used_mb=18318 ram_total_mb=32510 ram_pct=56.3%
  cpu_pct=1.0% cpu_name=<MagicMock name='mock.get_metrics().get()' id='2684849445200'>
  gpus=[]
2026-06-09 00:56:42,377 - INFO - === HARDWARE SNAPSHOT BEFORE LOAD ===
  gpu_count=0
  ram_used_mb=18318 ram_total_mb=32510 ram_pct=56.3%
  cpu_pct=1.0% cpu_name=<MagicMock name='mock.get_metrics().get()' id='2684849445200'>
  gpus=[]
2026-06-09 00:56:45,398 - INFO - === HARDWARE SNAPSHOT AFTER LOAD ===
  gpu_count=0
  ram_used_mb=18307 ram_total_mb=32510 ram_pct=56.3%
  cpu_pct=1.0% cpu_name=<MagicMock name='mock.get_metrics().get()' id='2684849445200'>
  gpus=[]
2026-06-09 00:56:45,407 - INFO - === HARDWARE SNAPSHOT AFTER LOAD ===
  gpu_count=0
  ram_used_mb=18307 ram_total_mb=32510 ram_pct=56.3%
  cpu_pct=1.0% cpu_name=<MagicMock name='mock.get_metrics().get()' id='2684849445200'>
  gpus=[]
2026-06-09 00:56:45,426 - INFO - === HARDWARE SNAPSHOT COMPARISON (BEFORE -> AFTER) ===
  model=test.gguf estimated_mb=20000
  weights=GPU0=100% cpu_weight=0
  ram_delta=-11 MB (before=18318 -> after=18307)
  gpu_changes=[N/A]
2026-06-09 00:56:45,460 - INFO - === HARDWARE SNAPSHOT COMPARISON (BEFORE -> AFTER) ===
  model=test.gguf estimated_mb=20000
  weights=GPU0=100% cpu_weight=0
  ram_delta=-11 MB (before=18318 -> after=18307)
  gpu_changes=[N/A]
2026-06-09 00:56:45,494 - INFO - === Auto-balance SUCCESS ===
  message=Balance otimizado por cascata (GPU0=100%).
  gpu_weights_exported=3 entries
  total_layers=0
  split_mode=layer
2026-06-09 00:56:45,653 - INFO - === Auto-balance SUCCESS ===
  message=Balance otimizado por cascata (GPU0=100%).
  gpu_weights_exported=3 entries
  total_layers=0
  split_mode=layer
2026-06-09 00:56:45,722 - INFO - === Auto-balance ANALYTIC START ===
  model=test.gguf path=/models/test.gguf
  estimated_vram=20000 MB (19.53 GB)
  context_size=4096 parallel_slots=1
  active_gpus=1 | total_vram=24000 MB (23.44 GB)
  gpu_vram={0: 24000}
  gpu_names={0: GPU0}
  main_index=0
  priority_order=[0]
  cpu_enabled=True
  pins_count=1
2026-06-09 00:56:45,761 - INFO - === Auto-balance ANALYTIC START ===
  model=test.gguf path=/models/test.gguf
  estimated_vram=20000 MB (19.53 GB)
  context_size=4096 parallel_slots=1
  active_gpus=1 | total_vram=24000 MB (23.44 GB)
  gpu_vram={0: 24000}
  gpu_names={0: GPU0}
  main_index=0
  priority_order=[0]
  cpu_enabled=True
  pins_count=1
2026-06-09 00:56:45,780 - INFO - === Auto-balance: LoadDistributor resultado ===
  is_feasible=True
  gpu_weights={0: 100}
  cpu_weight=0
  total_gpu_pct=100
2026-06-09 00:56:45,813 - INFO - === Auto-balance: LoadDistributor resultado ===
  is_feasible=True
  gpu_weights={0: 100}
  cpu_weight=0
  total_gpu_pct=100
2026-06-09 00:56:45,834 - INFO - === Auto-balance: peso final ===
  weight_label=GPU0=100%
  weight_map={0: 100%}
  cpu_weight=0
  pins_applied=0 (auto-balance limpa pins)
  budget_ok=True
2026-06-09 00:56:45,871 - INFO - === Auto-balance: peso final ===
  weight_label=GPU0=100%
  weight_map={0: 100%}
  cpu_weight=0
  pins_applied=0 (auto-balance limpa pins)
  budget_ok=True
2026-06-09 00:56:45,893 - INFO - === HARDWARE SNAPSHOT BEFORE LOAD ===
  gpu_count=0
  ram_used_mb=18298 ram_total_mb=32510 ram_pct=56.3%
  cpu_pct=1.0% cpu_name=<MagicMock name='mock.get_metrics().get()' id='2684848767504'>
  gpus=[]
2026-06-09 00:56:45,931 - INFO - === HARDWARE SNAPSHOT BEFORE LOAD ===
  gpu_count=0
  ram_used_mb=18298 ram_total_mb=32510 ram_pct=56.3%
  cpu_pct=1.0% cpu_name=<MagicMock name='mock.get_metrics().get()' id='2684848767504'>
  gpus=[]
2026-06-09 00:56:48,952 - INFO - === HARDWARE SNAPSHOT AFTER LOAD ===
  gpu_count=0
  ram_used_mb=18272 ram_total_mb=32510 ram_pct=56.2%
  cpu_pct=1.0% cpu_name=<MagicMock name='mock.get_metrics().get()' id='2684848767504'>
  gpus=[]
2026-06-09 00:56:48,963 - INFO - === HARDWARE SNAPSHOT AFTER LOAD ===
  gpu_count=0
  ram_used_mb=18272 ram_total_mb=32510 ram_pct=56.2%
  cpu_pct=1.0% cpu_name=<MagicMock name='mock.get_metrics().get()' id='2684848767504'>
  gpus=[]
2026-06-09 00:56:48,980 - INFO - === HARDWARE SNAPSHOT COMPARISON (BEFORE -> AFTER) ===
  model=test.gguf estimated_mb=20000
  weights=GPU0=100% cpu_weight=0
  ram_delta=-26 MB (before=18298 -> after=18272)
  gpu_changes=[N/A]
2026-06-09 00:56:49,026 - INFO - === HARDWARE SNAPSHOT COMPARISON (BEFORE -> AFTER) ===
  model=test.gguf estimated_mb=20000
  weights=GPU0=100% cpu_weight=0
  ram_delta=-26 MB (before=18298 -> after=18272)
  gpu_changes=[N/A]
2026-06-09 00:56:49,046 - INFO - === Auto-balance SUCCESS ===
  message=Balance otimizado por cascata (GPU0=100%).
  gpu_weights_exported=2 entries
  total_layers=0
  split_mode=layer
2026-06-09 00:56:49,086 - INFO - === Auto-balance SUCCESS ===
  message=Balance otimizado por cascata (GPU0=100%).
  gpu_weights_exported=2 entries
  total_layers=0
  split_mode=layer
2026-06-09 00:56:49,137 - INFO - === Auto-balance ANALYTIC START ===
  model=test.gguf path=/models/test.gguf
  estimated_vram=30000 MB (29.30 GB)
  context_size=4096 parallel_slots=1
  active_gpus=2 | total_vram=40000 MB (39.06 GB)
  gpu_vram={0: 24000, 1: 16000}
  gpu_names={0: GPU0, 1: GPU1}
  main_index=0
  priority_order=[0, 1]
  cpu_enabled=True
  pins_count=0
2026-06-09 00:56:49,172 - INFO - === Auto-balance ANALYTIC START ===
  model=test.gguf path=/models/test.gguf
  estimated_vram=30000 MB (29.30 GB)
  context_size=4096 parallel_slots=1
  active_gpus=2 | total_vram=40000 MB (39.06 GB)
  gpu_vram={0: 24000, 1: 16000}
  gpu_names={0: GPU0, 1: GPU1}
  main_index=0
  priority_order=[0, 1]
  cpu_enabled=True
  pins_count=0
2026-06-09 00:56:49,191 - INFO - === Auto-balance: LoadDistributor resultado ===
  is_feasible=True
  gpu_weights={0: 78, 1: 22}
  cpu_weight=0
  total_gpu_pct=100
2026-06-09 00:56:49,225 - INFO - === Auto-balance: LoadDistributor resultado ===
  is_feasible=True
  gpu_weights={0: 78, 1: 22}
  cpu_weight=0
  total_gpu_pct=100
2026-06-09 00:56:49,243 - INFO - === Auto-balance: peso final ===
  weight_label=GPU0=78%, GPU1=22%
  weight_map={0: 78%, 1: 22%}
  cpu_weight=0
  pins_applied=0 (auto-balance limpa pins)
  budget_ok=True
2026-06-09 00:56:49,275 - INFO - === Auto-balance: peso final ===
  weight_label=GPU0=78%, GPU1=22%
  weight_map={0: 78%, 1: 22%}
  cpu_weight=0
  pins_applied=0 (auto-balance limpa pins)
  budget_ok=True
2026-06-09 00:56:49,306 - INFO - === HARDWARE SNAPSHOT BEFORE LOAD ===
  gpu_count=0
  ram_used_mb=18269 ram_total_mb=32510 ram_pct=56.2%
  cpu_pct=1.0% cpu_name=<MagicMock name='mock.get_metrics().get()' id='2684849008528'>
  gpus=[]
2026-06-09 00:56:49,342 - INFO - === HARDWARE SNAPSHOT BEFORE LOAD ===
  gpu_count=0
  ram_used_mb=18269 ram_total_mb=32510 ram_pct=56.2%
  cpu_pct=1.0% cpu_name=<MagicMock name='mock.get_metrics().get()' id='2684849008528'>
  gpus=[]
2026-06-09 00:56:52,361 - INFO - === HARDWARE SNAPSHOT AFTER LOAD ===
  gpu_count=0
  ram_used_mb=18250 ram_total_mb=32510 ram_pct=56.1%
  cpu_pct=1.0% cpu_name=<MagicMock name='mock.get_metrics().get()' id='2684849008528'>
  gpus=[]
2026-06-09 00:56:52,376 - INFO - === HARDWARE SNAPSHOT AFTER LOAD ===
  gpu_count=0
  ram_used_mb=18250 ram_total_mb=32510 ram_pct=56.1%
  cpu_pct=1.0% cpu_name=<MagicMock name='mock.get_metrics().get()' id='2684849008528'>
  gpus=[]
2026-06-09 00:56:52,399 - INFO - === HARDWARE SNAPSHOT COMPARISON (BEFORE -> AFTER) ===
  model=test.gguf estimated_mb=30000
  weights=GPU0=78%, GPU1=22% cpu_weight=0
  ram_delta=-19 MB (before=18269 -> after=18250)
  gpu_changes=[N/A]
2026-06-09 00:56:52,436 - INFO - === HARDWARE SNAPSHOT COMPARISON (BEFORE -> AFTER) ===
  model=test.gguf estimated_mb=30000
  weights=GPU0=78%, GPU1=22% cpu_weight=0
  ram_delta=-19 MB (before=18269 -> after=18250)
  gpu_changes=[N/A]
2026-06-09 00:56:52,455 - INFO - === Auto-balance SUCCESS ===
  message=Balance otimizado por cascata (GPU0=78%, GPU1=22%).
  gpu_weights_exported=3 entries
  total_layers=0
  split_mode=layer
2026-06-09 00:56:52,487 - INFO - === Auto-balance SUCCESS ===
  message=Balance otimizado por cascata (GPU0=78%, GPU1=22%).
  gpu_weights_exported=3 entries
  total_layers=0
  split_mode=layer
2026-06-09 00:56:52,527 - INFO - === Auto-balance ANALYTIC START ===
  model=test.gguf path=/models/test.gguf
  estimated_vram=70000 MB (68.36 GB)
  context_size=4096 parallel_slots=1
  active_gpus=2 | total_vram=40000 MB (39.06 GB)
  gpu_vram={0: 24000, 1: 16000}
  gpu_names={0: GPU0, 1: GPU1}
  main_index=0
  priority_order=[0, 1]
  cpu_enabled=True
  pins_count=0
2026-06-09 00:56:52,571 - INFO - === Auto-balance ANALYTIC START ===
  model=test.gguf path=/models/test.gguf
  estimated_vram=70000 MB (68.36 GB)
  context_size=4096 parallel_slots=1
  active_gpus=2 | total_vram=40000 MB (39.06 GB)
  gpu_vram={0: 24000, 1: 16000}
  gpu_names={0: GPU0, 1: GPU1}
  main_index=0
  priority_order=[0, 1]
  cpu_enabled=True
  pins_count=0
2026-06-09 00:56:52,590 - INFO - === Auto-balance: LoadDistributor resultado ===
  is_feasible=True
  gpu_weights={0: 34, 1: 22}
  cpu_weight=44
  total_gpu_pct=56
2026-06-09 00:56:52,623 - INFO - === Auto-balance: LoadDistributor resultado ===
  is_feasible=True
  gpu_weights={0: 34, 1: 22}
  cpu_weight=44
  total_gpu_pct=56
2026-06-09 00:56:52,639 - INFO - === Auto-balance: peso final ===
  weight_label=GPU0=34%, GPU1=22%, CPU=44%
  weight_map={0: 34%, 1: 22%}
  cpu_weight=44
  pins_applied=0 (auto-balance limpa pins)
  budget_ok=True
2026-06-09 00:56:52,676 - INFO - === Auto-balance: peso final ===
  weight_label=GPU0=34%, GPU1=22%, CPU=44%
  weight_map={0: 34%, 1: 22%}
  cpu_weight=44
  pins_applied=0 (auto-balance limpa pins)
  budget_ok=True
2026-06-09 00:56:52,699 - INFO - === HARDWARE SNAPSHOT BEFORE LOAD ===
  gpu_count=0
  ram_used_mb=18254 ram_total_mb=32510 ram_pct=56.1%
  cpu_pct=1.0% cpu_name=<MagicMock name='mock.get_metrics().get()' id='2684849125776'>
  gpus=[]
2026-06-09 00:56:52,739 - INFO - === HARDWARE SNAPSHOT BEFORE LOAD ===
  gpu_count=0
  ram_used_mb=18254 ram_total_mb=32510 ram_pct=56.1%
  cpu_pct=1.0% cpu_name=<MagicMock name='mock.get_metrics().get()' id='2684849125776'>
  gpus=[]
2026-06-09 00:56:55,762 - INFO - === HARDWARE SNAPSHOT AFTER LOAD ===
  gpu_count=0
  ram_used_mb=18253 ram_total_mb=32510 ram_pct=56.1%
  cpu_pct=1.0% cpu_name=<MagicMock name='mock.get_metrics().get()' id='2684849125776'>
  gpus=[]
2026-06-09 00:56:55,770 - INFO - === HARDWARE SNAPSHOT AFTER LOAD ===
  gpu_count=0
  ram_used_mb=18253 ram_total_mb=32510 ram_pct=56.1%
  cpu_pct=1.0% cpu_name=<MagicMock name='mock.get_metrics().get()' id='2684849125776'>
  gpus=[]
2026-06-09 00:56:55,789 - INFO - === HARDWARE SNAPSHOT COMPARISON (BEFORE -> AFTER) ===
  model=test.gguf estimated_mb=70000
  weights=GPU0=34%, GPU1=22%, CPU=44% cpu_weight=44
  ram_delta=-1 MB (before=18254 -> after=18253)
  gpu_changes=[N/A]
2026-06-09 00:56:55,822 - INFO - === HARDWARE SNAPSHOT COMPARISON (BEFORE -> AFTER) ===
  model=test.gguf estimated_mb=70000
  weights=GPU0=34%, GPU1=22%, CPU=44% cpu_weight=44
  ram_delta=-1 MB (before=18254 -> after=18253)
  gpu_changes=[N/A]
2026-06-09 00:56:55,841 - INFO - === Auto-balance SUCCESS ===
  message=Balance otimizado por cascata (GPU0=34%, GPU1=22%, CPU=44%).
  gpu_weights_exported=3 entries
  total_layers=0
  split_mode=layer
2026-06-09 00:56:55,889 - INFO - === Auto-balance SUCCESS ===
  message=Balance otimizado por cascata (GPU0=34%, GPU1=22%, CPU=44%).
  gpu_weights_exported=3 entries
  total_layers=0
  split_mode=layer
2026-06-09 00:56:55,924 - INFO - === Auto-balance ANALYTIC START ===
  model=test.gguf path=/models/test.gguf
  estimated_vram=70000 MB (68.36 GB)
  context_size=4096 parallel_slots=1
  active_gpus=2 | total_vram=40000 MB (39.06 GB)
  gpu_vram={0: 24000, 1: 16000}
  gpu_names={0: GPU0, 1: GPU1}
  main_index=0
  priority_order=[0, 1]
  cpu_enabled=False
  pins_count=0
2026-06-09 00:56:55,960 - INFO - === Auto-balance ANALYTIC START ===
  model=test.gguf path=/models/test.gguf
  estimated_vram=70000 MB (68.36 GB)
  context_size=4096 parallel_slots=1
  active_gpus=2 | total_vram=40000 MB (39.06 GB)
  gpu_vram={0: 24000, 1: 16000}
  gpu_names={0: GPU0, 1: GPU1}
  main_index=0
  priority_order=[0, 1]
  cpu_enabled=False
  pins_count=0
2026-06-09 00:56:55,979 - INFO - === Auto-balance: LoadDistributor resultado ===
  is_feasible=False
  gpu_weights={0: 60, 1: 40}
  cpu_weight=0
  total_gpu_pct=100
2026-06-09 00:56:56,022 - INFO - === Auto-balance: LoadDistributor resultado ===
  is_feasible=False
  gpu_weights={0: 60, 1: 40}
  cpu_weight=0
  total_gpu_pct=100
2026-06-09 00:56:56,043 - INFO - === HARDWARE CAPACITY FAILURE ===
  reason=no_feasible_split
  model=test.gguf path=/models/test.gguf
  estimated_model_mb=?
  total_vram_mb=40000 total_vram_gb=39.06
  active_gpus=[0, 1]
  gpu_details=[{'index': 0, 'name': 'GPU0', 'vram_mb': 24000}, {'index': 1, 'name': 'GPU1', 'vram_mb': 16000}]
  context_size=4096 parallel_slots=1
  message=Não foi possível carregar "test.gguf" em nenhuma divisão testada entre as GPUs selecionadas. O modelo excede a capacidade do hardware atual (~39.1 GB de VRAM em 2 GPU(s)) com contexto 4096 e 1 slot(s).
2026-06-09 00:56:56,082 - INFO - === HARDWARE CAPACITY FAILURE ===
  reason=no_feasible_split
  model=test.gguf path=/models/test.gguf
  estimated_model_mb=?
  total_vram_mb=40000 total_vram_gb=39.06
  active_gpus=[0, 1]
  gpu_details=[{'index': 0, 'name': 'GPU0', 'vram_mb': 24000}, {'index': 1, 'name': 'GPU1', 'vram_mb': 16000}]
  context_size=4096 parallel_slots=1
  message=Não foi possível carregar "test.gguf" em nenhuma divisão testada entre as GPUs selecionadas. O modelo excede a capacidade do hardware atual (~39.1 GB de VRAM em 2 GPU(s)) com contexto 4096 e 1 slot(s).
2026-06-09 00:56:56,101 - INFO - === Auto-balance INFEASIBLE ===
  message=Não foi possível carregar "test.gguf" em nenhuma divisão testada entre as GPUs selecionadas. O modelo excede a capacidade do hardware atual (~39.1 GB de VRAM em 2 GPU(s)) com contexto 4096 e 1 slot(s).
  failure_code=hardware_capacity_exceeded
  total_vram_mb=40000
  estimated_mb=70000
  cpu_enabled=False
2026-06-09 00:56:56,137 - INFO - === Auto-balance INFEASIBLE ===
  message=Não foi possível carregar "test.gguf" em nenhuma divisão testada entre as GPUs selecionadas. O modelo excede a capacidade do hardware atual (~39.1 GB de VRAM em 2 GPU(s)) com contexto 4096 e 1 slot(s).
  failure_code=hardware_capacity_exceeded
  total_vram_mb=40000
  estimated_mb=70000
  cpu_enabled=False
2026-06-09 00:56:56,221 - INFO - START: /usr/bin/llama-server -m /fake/model.gguf -ngl 22 --flash-attn on --host 0.0.0.0 --port 8085 --tools all --parallel 1 --ctx-size 8192 --batch-size 2048 --mlock --main-gpu 0 --split-mode layer --tensor-split 1.0 --api-key sk-test --mmproj-auto --jinja --reasoning on --chat-template-kwargs {"enable_thinking":true} (CUDA_VISIBLE_DEVICES=0, ctx_per_slot=8192, server_ctx=8192, batch_size=2048, thinking_enabled=True, mtp_enabled=False, mtp_draft_tokens=3, mtp_applied=False, gpu_pct=70.0, cpu_pct=30.0, n_gpu_layers=22, n_cpu_layers=10)
2026-06-09 00:56:56,265 - INFO - START: /usr/bin/llama-server -m /fake/model.gguf -ngl 6 --flash-attn on --host 0.0.0.0 --port 8085 --tools all --parallel 1 --ctx-size 8192 --batch-size 2048 --mlock --main-gpu 0 --split-mode layer --tensor-split 1.0 --api-key sk-test --mmproj-auto --jinja --reasoning on --chat-template-kwargs {"enable_thinking":true} (CUDA_VISIBLE_DEVICES=0, ctx_per_slot=8192, server_ctx=8192, batch_size=2048, thinking_enabled=True, mtp_enabled=False, mtp_draft_tokens=3, mtp_applied=False, gpu_pct=20.0, cpu_pct=80.0, n_gpu_layers=6, n_cpu_layers=26)
2026-06-09 00:56:56,318 - INFO - START: /usr/bin/llama-server -m /fake/model.gguf -ngl 999 --flash-attn on --host 0.0.0.0 --port 8085 --tools all --parallel 1 --ctx-size 8192 --batch-size 2048 --mlock --main-gpu 0 --split-mode layer --tensor-split 1.0 --api-key sk-test --mmproj-auto --jinja --reasoning on --chat-template-kwargs {"enable_thinking":true} (CUDA_VISIBLE_DEVICES=0, ctx_per_slot=8192, server_ctx=8192, batch_size=2048, thinking_enabled=True, mtp_enabled=False, mtp_draft_tokens=3, mtp_applied=False, gpu_pct=100.0, cpu_pct=0, n_gpu_layers=999, n_cpu_layers=0)
2026-06-09 00:56:56,371 - INFO - START: /usr/bin/llama-server -m /fake/model.gguf -ngl 22 --flash-attn on --host 0.0.0.0 --port 8085 --tools all --parallel 1 --ctx-size 8192 --batch-size 2048 --mlock --main-gpu 0 --split-mode layer --tensor-split 1.0 --api-key sk-test --mmproj-auto --jinja --reasoning on --chat-template-kwargs {"enable_thinking":true} (CUDA_VISIBLE_DEVICES=0, ctx_per_slot=8192, server_ctx=8192, batch_size=2048, thinking_enabled=True, mtp_enabled=False, mtp_draft_tokens=3, mtp_applied=False, gpu_pct=70.0, cpu_pct=30.0, n_gpu_layers=22, n_cpu_layers=10)
2026-06-09 00:56:56,946 - ERROR - GPU detection error: Command 'nvidia-smi' returned non-zero exit status 1.
2026-06-09 00:56:56,974 - ERROR - GPU metrics error: Command 'nvidia-smi' returned non-zero exit status 1.
2026-06-09 00:56:57,005 - ERROR - System metrics error: ram metrics unavailable
2026-06-09 00:56:57,060 - ERROR - GPU metrics error: Command 'nvidia-smi' returned non-zero exit status 1.
2026-06-09 00:56:58,335 - ERROR - GPU metrics error: Command 'nvidia-smi' returned non-zero exit status 1.
2026-06-09 00:56:58,344 - ERROR - System metrics error: ram down
2026-06-09 00:56:58,375 - ERROR - GPU metrics error: Command 'nvidia-smi' returned non-zero exit status 1.
2026-06-09 00:56:58,543 - INFO - MTP requested but model has no MTP head, skipping flags
2026-06-09 00:56:58,730 - WARNING - llama-server nao encontrado automaticamente; configure LLAMA_SERVER_BIN ou paths.json (llama_server_bin)
2026-06-09 00:56:58,779 - WARNING - Could not detect MTP for /fake/model.gguf: boom
1969-12-31 21:16:40,000 - WARNING - OOM detected! Consecutive: 1
1969-12-31 21:16:45,000 - WARNING - OOM detected! Consecutive: 2
1969-12-31 21:16:40,000 - WARNING - OOM detected! Consecutive: 1
1969-12-31 21:17:11,000 - WARNING - OOM detected! Consecutive: 1
1969-12-31 21:16:40,000 - WARNING - OOM detected! Consecutive: 1
1969-12-31 21:16:45,000 - WARNING - OOM detected! Consecutive: 3
2026-06-09 00:56:59,168 - WARNING - Could not detect model layers for /fake/model.gguf: not found
2026-06-09 00:56:59,208 - INFO - START: /usr/bin/llama-server -m /fake/model.gguf -ngl 999 --flash-attn on --host 0.0.0.0 --port 8085 --tools all --parallel 1 --ctx-size 8192 --batch-size 2048 --mlock --main-gpu 0 --split-mode layer --tensor-split 1.0 --api-key test-token --mmproj-auto --jinja --reasoning on --chat-template-kwargs {"enable_thinking":true} (CUDA_VISIBLE_DEVICES=0, ctx_per_slot=8192, server_ctx=8192, batch_size=2048, thinking_enabled=True, mtp_enabled=False, mtp_draft_tokens=3, mtp_applied=False, gpu_pct=100.0, cpu_pct=0, n_gpu_layers=999, n_cpu_layers=0)
2026-06-09 00:56:59,238 - INFO - START: /usr/bin/llama-server -m /fake/model.gguf -ngl 22 --flash-attn on --host 0.0.0.0 --port 8085 --tools all --parallel 1 --ctx-size 8192 --batch-size 2048 --mlock --main-gpu 0 --split-mode layer --tensor-split 1.0 --api-key test-token --mmproj-auto --jinja --reasoning on --chat-template-kwargs {"enable_thinking":true} (CUDA_VISIBLE_DEVICES=0, ctx_per_slot=8192, server_ctx=8192, batch_size=2048, thinking_enabled=True, mtp_enabled=False, mtp_draft_tokens=3, mtp_applied=False, gpu_pct=70.0, cpu_pct=30.0, n_gpu_layers=22, n_cpu_layers=10)
2026-06-09 00:56:59,274 - INFO - START: /usr/bin/llama-server -m /fake/model.gguf -ngl 0 --flash-attn on --host 0.0.0.0 --port 8085 --tools all --parallel 1 --ctx-size 8192 --batch-size 2048 --mlock --main-gpu 0 --split-mode layer --tensor-split 1.0 --api-key test-token --mmproj-auto --jinja --reasoning on --chat-template-kwargs {"enable_thinking":true} (CUDA_VISIBLE_DEVICES=0, ctx_per_slot=8192, server_ctx=8192, batch_size=2048, thinking_enabled=True, mtp_enabled=False, mtp_draft_tokens=3, mtp_applied=False, gpu_pct=0, cpu_pct=0, n_gpu_layers=0, n_cpu_layers=32)
2026-06-09 00:56:59,307 - INFO - START: /usr/bin/llama-server -m /fake/model.gguf -ngl 999 --flash-attn on --host 0.0.0.0 --port 8085 --tools all --parallel 1 --ctx-size 8192 --batch-size 2048 --mlock --main-gpu 0 --split-mode layer --tensor-split 1.0 --api-key test-token --mmproj-auto --jinja --reasoning on --chat-template-kwargs {"enable_thinking":true} (CUDA_VISIBLE_DEVICES=0, ctx_per_slot=8192, server_ctx=8192, batch_size=2048, thinking_enabled=True, mtp_enabled=False, mtp_draft_tokens=3, mtp_applied=False, gpu_pct=100.0, cpu_pct=0, n_gpu_layers=999, n_cpu_layers=0)
2026-06-09 00:56:59,346 - INFO - START: /usr/bin/llama-server -m /fake/model.gguf -ngl 999 --flash-attn on --host 0.0.0.0 --port 8085 --tools all --parallel 1 --ctx-size 8192 --batch-size 2048 --mlock --main-gpu 0 --split-mode layer --tensor-split 1.0 --api-key test-token --mmproj-auto --jinja --reasoning on --chat-template-kwargs {"enable_thinking":true} (CUDA_VISIBLE_DEVICES=0, ctx_per_slot=8192, server_ctx=8192, batch_size=2048, thinking_enabled=True, mtp_enabled=False, mtp_draft_tokens=3, mtp_applied=False, gpu_pct=100.0, cpu_pct=0, n_gpu_layers=999, n_cpu_layers=0)
2026-06-09 00:56:59,371 - INFO - START: /usr/bin/llama-server -m /fake/model.gguf -ngl 56 --flash-attn on --host 0.0.0.0 --port 8085 --tools all --parallel 1 --ctx-size 8192 --batch-size 2048 --mlock --main-gpu 0 --split-mode layer --tensor-split 1.0 --api-key test-token --mmproj-auto --jinja --reasoning on --chat-template-kwargs {"enable_thinking":true} (CUDA_VISIBLE_DEVICES=0, ctx_per_slot=8192, server_ctx=8192, batch_size=2048, thinking_enabled=True, mtp_enabled=False, mtp_draft_tokens=3, mtp_applied=False, gpu_pct=70.0, cpu_pct=30.0, n_gpu_layers=56, n_cpu_layers=24)
2026-06-09 00:56:59,406 - INFO - START: /usr/bin/llama-server -m /fake/model.gguf -ngl 999 --flash-attn on --host 0.0.0.0 --port 8085 --tools all --parallel 1 --ctx-size 8192 --batch-size 2048 --mlock --main-gpu 0 --split-mode layer --tensor-split 1.0 --api-key test-token --mmproj-auto --jinja --reasoning on --chat-template-kwargs {"enable_thinking":true} (CUDA_VISIBLE_DEVICES=0, ctx_per_slot=8192, server_ctx=8192, batch_size=2048, thinking_enabled=True, mtp_enabled=False, mtp_draft_tokens=3, mtp_applied=False, gpu_pct=200.0, cpu_pct=0, n_gpu_layers=999, n_cpu_layers=0)
2026-06-09 00:56:59,440 - INFO - START: /usr/bin/llama-server -m /fake/model.gguf -ngl 999 --flash-attn on --host 0.0.0.0 --port 8085 --tools all --parallel 1 --ctx-size 8192 --batch-size 2048 --mlock --main-gpu 0 --split-mode layer --tensor-split 1.0 --api-key test-token --mmproj-auto --jinja --reasoning on --chat-template-kwargs {"enable_thinking":true} (CUDA_VISIBLE_DEVICES=0, ctx_per_slot=8192, server_ctx=8192, batch_size=2048, thinking_enabled=True, mtp_enabled=False, mtp_draft_tokens=3, mtp_applied=False, gpu_pct=100.0, cpu_pct=0, n_gpu_layers=999, n_cpu_layers=0)
2026-06-09 00:56:59,479 - INFO - START: /usr/bin/llama-server -m /fake/model.gguf -ngl 0 --flash-attn on --host 0.0.0.0 --port 8085 --tools all --parallel 1 --ctx-size 8192 --batch-size 2048 --mlock --main-gpu 0 --split-mode layer --tensor-split 1.0 --api-key test-token --mmproj-auto --jinja --reasoning on --chat-template-kwargs {"enable_thinking":true} (CUDA_VISIBLE_DEVICES=0, ctx_per_slot=8192, server_ctx=8192, batch_size=2048, thinking_enabled=True, mtp_enabled=False, mtp_draft_tokens=3, mtp_applied=False, gpu_pct=0, cpu_pct=0, n_gpu_layers=0, n_cpu_layers=32)
2026-06-09 00:56:59,770 - INFO - Verificacao de versao iniciada em /tmp/automanager-test
2026-06-09 00:56:59,793 - WARNING - Diretorio nao e um repositorio git: /tmp/automanager-test
2026-06-09 00:56:59,824 - INFO - Verificacao de versao iniciada em /tmp/automanager-test
2026-06-09 00:56:59,843 - INFO - Versao atualizada (branch=main, ref=aaa1111)
2026-06-09 00:56:59,872 - INFO - Verificacao de versao iniciada em /tmp/automanager-test
2026-06-09 00:56:59,893 - INFO - Atualizacao disponivel (branch=main, ahead=2, aaa1111 -> ddd4444)
2026-06-09 00:56:59,932 - INFO - Verificacao de versao iniciada em /tmp/automanager-test
2026-06-09 00:56:59,987 - WARNING - git fetch falhou (branch=main): fatal: could not read from remote
2026-06-09 00:57:00,012 - INFO - Verificacao de versao iniciada em /tmp/automanager-test
2026-06-09 00:57:00,038 - WARNING - git fetch expirou apos 30s (branch=main)
2026-06-09 00:57:00,069 - INFO - Verificacao de versao iniciada em /tmp/automanager-test
2026-06-09 00:57:00,097 - INFO - Versao atualizada (branch=feature/foo, ref=1111111)
2026-06-09 00:57:00,129 - INFO - Verificacao de versao iniciada em /tmp/automanager-test
2026-06-09 00:57:00,147 - INFO - Atualizacao disponivel (branch=main, ahead=12, local00 -> remote0)
2026-06-09 00:57:46,585 - INFO - models_dir atualizado para C:\Users\s293\AppData\Local\Temp\pytest-of-s293\pytest-229\test_set_models_dir_updates_sc0\new-models
2026-06-09 00:57:46,755 - WARNING - llama-server nao encontrado automaticamente; configure LLAMA_SERVER_BIN ou paths.json (llama_server_bin)
2026-06-09 00:57:46,855 - WARNING - Could not detect model layers for /media/docker/models/model.gguf: Command '"llama-server.exe" --model-info "/media/docker/models/model.gguf" 2>&1' returned non-zero exit status 1.
2026-06-09 00:57:46,950 - WARNING - Could not detect model layers for /media/docker/models/model.gguf: Command '"llama-server.exe" --model-info "/media/docker/models/model.gguf" 2>&1' returned non-zero exit status 1.
2026-06-09 00:57:47,551 - INFO - estimate_model_vram_mb [DISK] model=C:\Users\s293\AppData\Local\Temp\pytest-of-s293\pytest-229\test_estimate_model_vram_uses_0\qwen-49b.gguf disk_mb=100 ctx_overhead_mb=6553.6 runtime_overhead_mb=256 total_mb=6909
2026-06-09 00:57:47,593 - INFO - estimate_model_vram_mb [DISK] model=C:\Users\s293\AppData\Local\Temp\pytest-of-s293\pytest-229\test_estimate_model_vram_uses_0\qwen-49b.gguf disk_mb=100 ctx_overhead_mb=6553.6 runtime_overhead_mb=256 total_mb=6909
2026-06-09 00:57:47,644 - INFO - === HARDWARE CAPACITY FAILURE ===
  reason=no_feasible_split
  model=huge-model.gguf path=/models/huge-model.gguf
  estimated_model_mb=?
  total_vram_mb=24576 total_vram_gb=24.00
  active_gpus=[0]
  gpu_details=[{'index': 0, 'name': 'RTX 3090', 'vram_mb': 24576}]
  context_size=32768 parallel_slots=2
  message=Não foi possível carregar "huge-model.gguf" em nenhuma divisão testada entre as GPUs selecionadas. O modelo excede a capacidade do hardware atual (~24.0 GB de VRAM em 1 GPU(s)) com contexto 32768 e 2 slot(s).
2026-06-09 00:57:47,670 - INFO - === HARDWARE CAPACITY FAILURE ===
  reason=no_feasible_split
  model=huge-model.gguf path=/models/huge-model.gguf
  estimated_model_mb=?
  total_vram_mb=24576 total_vram_gb=24.00
  active_gpus=[0]
  gpu_details=[{'index': 0, 'name': 'RTX 3090', 'vram_mb': 24576}]
  context_size=32768 parallel_slots=2
  message=Não foi possível carregar "huge-model.gguf" em nenhuma divisão testada entre as GPUs selecionadas. O modelo excede a capacidade do hardware atual (~24.0 GB de VRAM em 1 GPU(s)) com contexto 32768 e 2 slot(s).
2026-06-09 00:57:47,705 - WARNING - OOM detected! Consecutive: 1
2026-06-09 00:57:47,897 - INFO - Auto-balance probe #1: weight_map={0: 100%} -> synced={0: 100%} | cpu_weight=10 -> probe_cpu=0 | active_weights=[gpu[0]=100.0%, cpu[-1]=0.0%]
2026-06-09 00:57:47,924 - INFO - Auto-balance probe #1: result=ready (cpu_weight=0, synced_map={0: 100%})
2026-06-09 00:57:48,144 - INFO - Session expired due to inactivity
2026-06-09 00:57:48,390 - INFO - START: /usr/bin/llama-server -m /fake/model.gguf -ngl 999 --flash-attn on --host 0.0.0.0 --port 8085 --tools all --parallel 1 --ctx-size 8192 --batch-size 2048 --mlock --main-gpu 0 --split-mode layer --tensor-split 1.0000 --api-key sk-test --mmproj-auto --jinja --reasoning on --chat-template-kwargs {"enable_thinking":true} (CUDA_VISIBLE_DEVICES=0, ctx_per_slot=8192, server_ctx=8192, batch_size=2048, thinking_enabled=True, mtp_enabled=False, mtp_draft_tokens=3, mtp_applied=False, gpu_pct=100.0, cpu_pct=0, n_gpu_layers=999, n_cpu_layers=0)
2026-06-09 00:57:48,428 - INFO - START: /usr/bin/llama-server -m /fake/model.gguf -ngl 999 --flash-attn on --host 0.0.0.0 --port 8085 --tools all --parallel 1 --ctx-size 8192 --batch-size 2048 --mlock --main-gpu 0 --split-mode layer --tensor-split 0.5000,0.5000 --api-key sk-test --mmproj-auto --jinja --reasoning on --chat-template-kwargs {"enable_thinking":true} (CUDA_VISIBLE_DEVICES=0,1, ctx_per_slot=8192, server_ctx=8192, batch_size=2048, thinking_enabled=True, mtp_enabled=False, mtp_draft_tokens=3, mtp_applied=False, gpu_pct=100.0, cpu_pct=0, n_gpu_layers=999, n_cpu_layers=0)
2026-06-09 00:57:48,467 - INFO - START: /usr/bin/llama-server -m /fake/model.gguf -ngl 999 --flash-attn on --host 0.0.0.0 --port 8085 --tools all --parallel 1 --ctx-size 8192 --batch-size 2048 --mlock --main-gpu 0 --split-mode layer --tensor-split 1.0000 --api-key sk-test --mmproj-auto --jinja --reasoning on --chat-template-kwargs {"enable_thinking":true} (CUDA_VISIBLE_DEVICES=0, ctx_per_slot=8192, server_ctx=8192, batch_size=2048, thinking_enabled=True, mtp_enabled=False, mtp_draft_tokens=3, mtp_applied=False, gpu_pct=100.0, cpu_pct=0, n_gpu_layers=999, n_cpu_layers=0)
2026-06-09 00:57:48,505 - INFO - START: /usr/bin/llama-server -m /fake/model.gguf -ngl 22 --flash-attn on --host 0.0.0.0 --port 8085 --tools all --parallel 1 --ctx-size 8192 --batch-size 2048 --mlock --main-gpu 0 --split-mode layer --tensor-split 1.0000 --api-key sk-test --mmproj-auto --jinja --reasoning on --chat-template-kwargs {"enable_thinking":true} (CUDA_VISIBLE_DEVICES=0, ctx_per_slot=8192, server_ctx=8192, batch_size=2048, thinking_enabled=True, mtp_enabled=False, mtp_draft_tokens=3, mtp_applied=False, gpu_pct=70.0, cpu_pct=30.0, n_gpu_layers=22, n_cpu_layers=10)
2026-06-09 00:57:48,542 - ERROR - GPU metrics error: not enough values to unpack (expected 2, got 0)
2026-06-09 00:57:48,677 - INFO - START: /usr/bin/llama-server -m /fake/model.gguf -ngl 999 --flash-attn on --host 0.0.0.0 --port 8085 --tools all --parallel 1 --ctx-size 8192 --batch-size 2048 --mlock --main-gpu 0 --split-mode layer --tensor-split 1.0000 --api-key sk-test --mmproj-auto --jinja --reasoning on --chat-template-kwargs {"enable_thinking":true} (CUDA_VISIBLE_DEVICES=0, ctx_per_slot=8192, server_ctx=8192, batch_size=2048, thinking_enabled=True, mtp_enabled=False, mtp_draft_tokens=3, mtp_applied=False, gpu_pct=70.0, cpu_pct=0.0, n_gpu_layers=999, n_cpu_layers=0)
2026-06-09 00:57:48,702 - INFO - START: /usr/bin/llama-server -m /fake/model.gguf -ngl 22 --flash-attn on --host 0.0.0.0 --port 8085 --tools all --parallel 1 --ctx-size 8192 --batch-size 2048 --mlock --main-gpu 0 --split-mode layer --tensor-split 1.0000 --api-key sk-test --mmproj-auto --jinja --reasoning on --chat-template-kwargs {"enable_thinking":true} (CUDA_VISIBLE_DEVICES=0, ctx_per_slot=8192, server_ctx=8192, batch_size=2048, thinking_enabled=True, mtp_enabled=False, mtp_draft_tokens=3, mtp_applied=False, gpu_pct=70.0, cpu_pct=30.0, n_gpu_layers=22, n_cpu_layers=10)
2026-06-09 00:57:48,732 - ERROR - GPU metrics error: not enough values to unpack (expected 2, got 0)
2026-06-09 00:57:48,862 - INFO - START: /usr/bin/llama-server -m /fake/model.gguf -ngl 999 --flash-attn on --host 0.0.0.0 --port 8085 --tools all --parallel 1 --ctx-size 8192 --batch-size 2048 --mlock --main-gpu 0 --split-mode layer --tensor-split 1.0000 --api-key sk-test --mmproj-auto --jinja --reasoning on --chat-template-kwargs {"enable_thinking":true} (CUDA_VISIBLE_DEVICES=0, ctx_per_slot=8192, server_ctx=8192, batch_size=2048, thinking_enabled=True, mtp_enabled=False, mtp_draft_tokens=3, mtp_applied=False, gpu_pct=70.0, cpu_pct=0.0, n_gpu_layers=999, n_cpu_layers=0)
2026-06-09 00:57:48,914 - INFO - START: /usr/bin/llama-server -m /fake/model.gguf -ngl 70 --flash-attn on --host 0.0.0.0 --port 8085 --tools all --parallel 1 --ctx-size 8192 --batch-size 2048 --mlock --main-gpu 0 --split-mode layer --tensor-split 0.7143,0.2857 --api-key sk-test --mmproj-auto --jinja --reasoning on --chat-template-kwargs {"enable_thinking":true} (CUDA_VISIBLE_DEVICES=0,1, ctx_per_slot=8192, server_ctx=8192, batch_size=2048, thinking_enabled=True, mtp_enabled=False, mtp_draft_tokens=3, mtp_applied=False, gpu_pct=70.0, cpu_pct=30.0, n_gpu_layers=70, n_cpu_layers=30)
2026-06-09 00:57:48,950 - INFO - START: /usr/bin/llama-server -m /fake/model.gguf -ngl 999 --flash-attn on --host 0.0.0.0 --port 8085 --tools all --parallel 1 --ctx-size 8192 --batch-size 2048 --mlock --main-gpu 1 --split-mode layer --tensor-split 0.6000,0.4000 --api-key sk-test --mmproj-auto --jinja --reasoning on --chat-template-kwargs {"enable_thinking":true} (CUDA_VISIBLE_DEVICES=0,1, ctx_per_slot=8192, server_ctx=8192, batch_size=2048, thinking_enabled=True, mtp_enabled=False, mtp_draft_tokens=3, mtp_applied=False, gpu_pct=100.0, cpu_pct=0, n_gpu_layers=999, n_cpu_layers=0)
2026-06-09 00:57:48,972 - INFO - === Auto-balance ANALYTIC START ===
  model=test.gguf path=/models/test.gguf
  estimated_vram=20000 MB (19.53 GB)
  context_size=4096 parallel_slots=1
  active_gpus=2 | total_vram=40000 MB (39.06 GB)
  gpu_vram={0: 24000, 1: 16000}
  gpu_names={0: GPU0, 1: GPU1}
  main_index=0
  priority_order=[0, 1]
  cpu_enabled=True
  pins_count=0
2026-06-09 00:57:49,008 - INFO - === Auto-balance ANALYTIC START ===
  model=test.gguf path=/models/test.gguf
  estimated_vram=20000 MB (19.53 GB)
  context_size=4096 parallel_slots=1
  active_gpus=2 | total_vram=40000 MB (39.06 GB)
  gpu_vram={0: 24000, 1: 16000}
  gpu_names={0: GPU0, 1: GPU1}
  main_index=0
  priority_order=[0, 1]
  cpu_enabled=True
  pins_count=0
2026-06-09 00:57:49,030 - INFO - === Auto-balance: LoadDistributor resultado ===
  is_feasible=True
  gpu_weights={0: 100, 1: 0}
  cpu_weight=0
  total_gpu_pct=100
2026-06-09 00:57:49,067 - INFO - === Auto-balance: LoadDistributor resultado ===
  is_feasible=True
  gpu_weights={0: 100, 1: 0}
  cpu_weight=0
  total_gpu_pct=100
2026-06-09 00:57:49,085 - INFO - === Auto-balance: peso final ===
  weight_label=GPU0=100%
  weight_map={0: 100%, 1: 0%}
  cpu_weight=0
  pins_applied=0 (auto-balance limpa pins)
  budget_ok=True
2026-06-09 00:57:49,123 - INFO - === Auto-balance: peso final ===
  weight_label=GPU0=100%
  weight_map={0: 100%, 1: 0%}
  cpu_weight=0
  pins_applied=0 (auto-balance limpa pins)
  budget_ok=True
2026-06-09 00:57:49,143 - INFO - === HARDWARE SNAPSHOT BEFORE LOAD ===
  gpu_count=0
  ram_used_mb=18180 ram_total_mb=32510 ram_pct=55.9%
  cpu_pct=1.0% cpu_name=<MagicMock name='mock.get_metrics().get()' id='2553744934736'>
  gpus=[]
2026-06-09 00:57:49,184 - INFO - === HARDWARE SNAPSHOT BEFORE LOAD ===
  gpu_count=0
  ram_used_mb=18180 ram_total_mb=32510 ram_pct=55.9%
  cpu_pct=1.0% cpu_name=<MagicMock name='mock.get_metrics().get()' id='2553744934736'>
  gpus=[]
2026-06-09 00:57:52,227 - INFO - === HARDWARE SNAPSHOT AFTER LOAD ===
  gpu_count=0
  ram_used_mb=18147 ram_total_mb=32510 ram_pct=55.8%
  cpu_pct=1.0% cpu_name=<MagicMock name='mock.get_metrics().get()' id='2553744934736'>
  gpus=[]
2026-06-09 00:57:52,282 - INFO - === HARDWARE SNAPSHOT AFTER LOAD ===
  gpu_count=0
  ram_used_mb=18147 ram_total_mb=32510 ram_pct=55.8%
  cpu_pct=1.0% cpu_name=<MagicMock name='mock.get_metrics().get()' id='2553744934736'>
  gpus=[]
2026-06-09 00:57:52,330 - INFO - === HARDWARE SNAPSHOT COMPARISON (BEFORE -> AFTER) ===
  model=test.gguf estimated_mb=20000
  weights=GPU0=100% cpu_weight=0
  ram_delta=-33 MB (before=18180 -> after=18147)
  gpu_changes=[N/A]
2026-06-09 00:57:52,448 - INFO - === HARDWARE SNAPSHOT COMPARISON (BEFORE -> AFTER) ===
  model=test.gguf estimated_mb=20000
  weights=GPU0=100% cpu_weight=0
  ram_delta=-33 MB (before=18180 -> after=18147)
  gpu_changes=[N/A]
2026-06-09 00:57:52,487 - INFO - === Auto-balance SUCCESS ===
  message=Balance otimizado por cascata (GPU0=100%).
  gpu_weights_exported=3 entries
  total_layers=0
  split_mode=layer
2026-06-09 00:57:52,863 - INFO - === Auto-balance SUCCESS ===
  message=Balance otimizado por cascata (GPU0=100%).
  gpu_weights_exported=3 entries
  total_layers=0
  split_mode=layer
2026-06-09 00:57:52,928 - INFO - === Auto-balance ANALYTIC START ===
  model=test.gguf path=/models/test.gguf
  estimated_vram=20000 MB (19.53 GB)
  context_size=4096 parallel_slots=1
  active_gpus=1 | total_vram=24000 MB (23.44 GB)
  gpu_vram={0: 24000}
  gpu_names={0: GPU0}
  main_index=0
  priority_order=[0]
  cpu_enabled=True
  pins_count=1
2026-06-09 00:57:53,002 - INFO - === Auto-balance ANALYTIC START ===
  model=test.gguf path=/models/test.gguf
  estimated_vram=20000 MB (19.53 GB)
  context_size=4096 parallel_slots=1
  active_gpus=1 | total_vram=24000 MB (23.44 GB)
  gpu_vram={0: 24000}
  gpu_names={0: GPU0}
  main_index=0
  priority_order=[0]
  cpu_enabled=True
  pins_count=1
2026-06-09 00:57:53,059 - INFO - === Auto-balance: LoadDistributor resultado ===
  is_feasible=True
  gpu_weights={0: 100}
  cpu_weight=0
  total_gpu_pct=100
2026-06-09 00:57:53,113 - INFO - === Auto-balance: LoadDistributor resultado ===
  is_feasible=True
  gpu_weights={0: 100}
  cpu_weight=0
  total_gpu_pct=100
2026-06-09 00:57:53,147 - INFO - === Auto-balance: peso final ===
  weight_label=GPU0=100%
  weight_map={0: 100%}
  cpu_weight=0
  pins_applied=0 (auto-balance limpa pins)
  budget_ok=True
2026-06-09 00:57:53,182 - INFO - === Auto-balance: peso final ===
  weight_label=GPU0=100%
  weight_map={0: 100%}
  cpu_weight=0
  pins_applied=0 (auto-balance limpa pins)
  budget_ok=True
2026-06-09 00:57:53,207 - INFO - === HARDWARE SNAPSHOT BEFORE LOAD ===
  gpu_count=0
  ram_used_mb=18141 ram_total_mb=32510 ram_pct=55.8%
  cpu_pct=1.0% cpu_name=<MagicMock name='mock.get_metrics().get()' id='2553743593104'>
  gpus=[]
2026-06-09 00:57:53,252 - INFO - === HARDWARE SNAPSHOT BEFORE LOAD ===
  gpu_count=0
  ram_used_mb=18141 ram_total_mb=32510 ram_pct=55.8%
  cpu_pct=1.0% cpu_name=<MagicMock name='mock.get_metrics().get()' id='2553743593104'>
  gpus=[]
2026-06-09 00:57:56,297 - INFO - === HARDWARE SNAPSHOT AFTER LOAD ===
  gpu_count=0
  ram_used_mb=18134 ram_total_mb=32510 ram_pct=55.8%
  cpu_pct=1.0% cpu_name=<MagicMock name='mock.get_metrics().get()' id='2553743593104'>
  gpus=[]
2026-06-09 00:57:56,339 - INFO - === HARDWARE SNAPSHOT AFTER LOAD ===
  gpu_count=0
  ram_used_mb=18134 ram_total_mb=32510 ram_pct=55.8%
  cpu_pct=1.0% cpu_name=<MagicMock name='mock.get_metrics().get()' id='2553743593104'>
  gpus=[]
2026-06-09 00:57:56,360 - INFO - === HARDWARE SNAPSHOT COMPARISON (BEFORE -> AFTER) ===
  model=test.gguf estimated_mb=20000
  weights=GPU0=100% cpu_weight=0
  ram_delta=-7 MB (before=18141 -> after=18134)
  gpu_changes=[N/A]
2026-06-09 00:57:56,395 - INFO - === HARDWARE SNAPSHOT COMPARISON (BEFORE -> AFTER) ===
  model=test.gguf estimated_mb=20000
  weights=GPU0=100% cpu_weight=0
  ram_delta=-7 MB (before=18141 -> after=18134)
  gpu_changes=[N/A]
2026-06-09 00:57:56,415 - INFO - === Auto-balance SUCCESS ===
  message=Balance otimizado por cascata (GPU0=100%).
  gpu_weights_exported=2 entries
  total_layers=0
  split_mode=layer
2026-06-09 00:57:56,454 - INFO - === Auto-balance SUCCESS ===
  message=Balance otimizado por cascata (GPU0=100%).
  gpu_weights_exported=2 entries
  total_layers=0
  split_mode=layer
2026-06-09 00:57:56,516 - INFO - === Auto-balance ANALYTIC START ===
  model=test.gguf path=/models/test.gguf
  estimated_vram=30000 MB (29.30 GB)
  context_size=4096 parallel_slots=1
  active_gpus=2 | total_vram=40000 MB (39.06 GB)
  gpu_vram={0: 24000, 1: 16000}
  gpu_names={0: GPU0, 1: GPU1}
  main_index=0
  priority_order=[0, 1]
  cpu_enabled=True
  pins_count=0
2026-06-09 00:57:56,550 - INFO - === Auto-balance ANALYTIC START ===
  model=test.gguf path=/models/test.gguf
  estimated_vram=30000 MB (29.30 GB)
  context_size=4096 parallel_slots=1
  active_gpus=2 | total_vram=40000 MB (39.06 GB)
  gpu_vram={0: 24000, 1: 16000}
  gpu_names={0: GPU0, 1: GPU1}
  main_index=0
  priority_order=[0, 1]
  cpu_enabled=True
  pins_count=0
2026-06-09 00:57:56,571 - INFO - === Auto-balance: LoadDistributor resultado ===
  is_feasible=True
  gpu_weights={0: 78, 1: 22}
  cpu_weight=0
  total_gpu_pct=100
2026-06-09 00:57:56,605 - INFO - === Auto-balance: LoadDistributor resultado ===
  is_feasible=True
  gpu_weights={0: 78, 1: 22}
  cpu_weight=0
  total_gpu_pct=100
2026-06-09 00:57:56,627 - INFO - === Auto-balance: peso final ===
  weight_label=GPU0=78%, GPU1=22%
  weight_map={0: 78%, 1: 22%}
  cpu_weight=0
  pins_applied=0 (auto-balance limpa pins)
  budget_ok=True
2026-06-09 00:57:56,672 - INFO - === Auto-balance: peso final ===
  weight_label=GPU0=78%, GPU1=22%
  weight_map={0: 78%, 1: 22%}
  cpu_weight=0
  pins_applied=0 (auto-balance limpa pins)
  budget_ok=True
2026-06-09 00:57:56,692 - INFO - === HARDWARE SNAPSHOT BEFORE LOAD ===
  gpu_count=0
  ram_used_mb=18137 ram_total_mb=32510 ram_pct=55.8%
  cpu_pct=1.0% cpu_name=<MagicMock name='mock.get_metrics().get()' id='2553743396624'>
  gpus=[]
2026-06-09 00:57:56,759 - INFO - === HARDWARE SNAPSHOT BEFORE LOAD ===
  gpu_count=0
  ram_used_mb=18137 ram_total_mb=32510 ram_pct=55.8%
  cpu_pct=1.0% cpu_name=<MagicMock name='mock.get_metrics().get()' id='2553743396624'>
  gpus=[]
2026-06-09 00:57:59,790 - INFO - === HARDWARE SNAPSHOT AFTER LOAD ===
  gpu_count=0
  ram_used_mb=18191 ram_total_mb=32510 ram_pct=56.0%
  cpu_pct=1.0% cpu_name=<MagicMock name='mock.get_metrics().get()' id='2553743396624'>
  gpus=[]
2026-06-09 00:57:59,823 - INFO - === HARDWARE SNAPSHOT AFTER LOAD ===
  gpu_count=0
  ram_used_mb=18191 ram_total_mb=32510 ram_pct=56.0%
  cpu_pct=1.0% cpu_name=<MagicMock name='mock.get_metrics().get()' id='2553743396624'>
  gpus=[]
2026-06-09 00:57:59,841 - INFO - === HARDWARE SNAPSHOT COMPARISON (BEFORE -> AFTER) ===
  model=test.gguf estimated_mb=30000
  weights=GPU0=78%, GPU1=22% cpu_weight=0
  ram_delta=+54 MB (before=18137 -> after=18191)
  gpu_changes=[N/A]
2026-06-09 00:57:59,899 - INFO - === HARDWARE SNAPSHOT COMPARISON (BEFORE -> AFTER) ===
  model=test.gguf estimated_mb=30000
  weights=GPU0=78%, GPU1=22% cpu_weight=0
  ram_delta=+54 MB (before=18137 -> after=18191)
  gpu_changes=[N/A]
2026-06-09 00:57:59,920 - INFO - === Auto-balance SUCCESS ===
  message=Balance otimizado por cascata (GPU0=78%, GPU1=22%).
  gpu_weights_exported=3 entries
  total_layers=0
  split_mode=layer
2026-06-09 00:57:59,962 - INFO - === Auto-balance SUCCESS ===
  message=Balance otimizado por cascata (GPU0=78%, GPU1=22%).
  gpu_weights_exported=3 entries
  total_layers=0
  split_mode=layer
2026-06-09 00:57:59,995 - INFO - === Auto-balance ANALYTIC START ===
  model=test.gguf path=/models/test.gguf
  estimated_vram=70000 MB (68.36 GB)
  context_size=4096 parallel_slots=1
  active_gpus=2 | total_vram=40000 MB (39.06 GB)
  gpu_vram={0: 24000, 1: 16000}
  gpu_names={0: GPU0, 1: GPU1}
  main_index=0
  priority_order=[0, 1]
  cpu_enabled=True
  pins_count=0
2026-06-09 00:58:00,041 - INFO - === Auto-balance ANALYTIC START ===
  model=test.gguf path=/models/test.gguf
  estimated_vram=70000 MB (68.36 GB)
  context_size=4096 parallel_slots=1
  active_gpus=2 | total_vram=40000 MB (39.06 GB)
  gpu_vram={0: 24000, 1: 16000}
  gpu_names={0: GPU0, 1: GPU1}
  main_index=0
  priority_order=[0, 1]
  cpu_enabled=True
  pins_count=0
2026-06-09 00:58:00,058 - INFO - === Auto-balance: LoadDistributor resultado ===
  is_feasible=True
  gpu_weights={0: 34, 1: 22}
  cpu_weight=44
  total_gpu_pct=56
2026-06-09 00:58:00,099 - INFO - === Auto-balance: LoadDistributor resultado ===
  is_feasible=True
  gpu_weights={0: 34, 1: 22}
  cpu_weight=44
  total_gpu_pct=56
2026-06-09 00:58:00,122 - INFO - === Auto-balance: peso final ===
  weight_label=GPU0=34%, GPU1=22%, CPU=44%
  weight_map={0: 34%, 1: 22%}
  cpu_weight=44
  pins_applied=0 (auto-balance limpa pins)
  budget_ok=True
2026-06-09 00:58:00,159 - INFO - === Auto-balance: peso final ===
  weight_label=GPU0=34%, GPU1=22%, CPU=44%
  weight_map={0: 34%, 1: 22%}
  cpu_weight=44
  pins_applied=0 (auto-balance limpa pins)
  budget_ok=True
2026-06-09 00:58:00,182 - INFO - === HARDWARE SNAPSHOT BEFORE LOAD ===
  gpu_count=0
  ram_used_mb=18194 ram_total_mb=32510 ram_pct=56.0%
  cpu_pct=1.0% cpu_name=<MagicMock name='mock.get_metrics().get()' id='2553744638032'>
  gpus=[]
2026-06-09 00:58:00,231 - INFO - === HARDWARE SNAPSHOT BEFORE LOAD ===
  gpu_count=0
  ram_used_mb=18194 ram_total_mb=32510 ram_pct=56.0%
  cpu_pct=1.0% cpu_name=<MagicMock name='mock.get_metrics().get()' id='2553744638032'>
  gpus=[]
2026-06-09 00:58:03,256 - INFO - === HARDWARE SNAPSHOT AFTER LOAD ===
  gpu_count=0
  ram_used_mb=18286 ram_total_mb=32510 ram_pct=56.2%
  cpu_pct=1.0% cpu_name=<MagicMock name='mock.get_metrics().get()' id='2553744638032'>
  gpus=[]
2026-06-09 00:58:03,296 - INFO - === HARDWARE SNAPSHOT AFTER LOAD ===
  gpu_count=0
  ram_used_mb=18286 ram_total_mb=32510 ram_pct=56.2%
  cpu_pct=1.0% cpu_name=<MagicMock name='mock.get_metrics().get()' id='2553744638032'>
  gpus=[]
2026-06-09 00:58:03,328 - INFO - === HARDWARE SNAPSHOT COMPARISON (BEFORE -> AFTER) ===
  model=test.gguf estimated_mb=70000
  weights=GPU0=34%, GPU1=22%, CPU=44% cpu_weight=44
  ram_delta=+92 MB (before=18194 -> after=18286)
  gpu_changes=[N/A]
2026-06-09 00:58:03,380 - INFO - === HARDWARE SNAPSHOT COMPARISON (BEFORE -> AFTER) ===
  model=test.gguf estimated_mb=70000
  weights=GPU0=34%, GPU1=22%, CPU=44% cpu_weight=44
  ram_delta=+92 MB (before=18194 -> after=18286)
  gpu_changes=[N/A]
2026-06-09 00:58:03,398 - INFO - === Auto-balance SUCCESS ===
  message=Balance otimizado por cascata (GPU0=34%, GPU1=22%, CPU=44%).
  gpu_weights_exported=3 entries
  total_layers=0
  split_mode=layer
2026-06-09 00:58:03,437 - INFO - === Auto-balance SUCCESS ===
  message=Balance otimizado por cascata (GPU0=34%, GPU1=22%, CPU=44%).
  gpu_weights_exported=3 entries
  total_layers=0
  split_mode=layer
2026-06-09 00:58:03,475 - INFO - === Auto-balance ANALYTIC START ===
  model=test.gguf path=/models/test.gguf
  estimated_vram=70000 MB (68.36 GB)
  context_size=4096 parallel_slots=1
  active_gpus=2 | total_vram=40000 MB (39.06 GB)
  gpu_vram={0: 24000, 1: 16000}
  gpu_names={0: GPU0, 1: GPU1}
  main_index=0
  priority_order=[0, 1]
  cpu_enabled=False
  pins_count=0
2026-06-09 00:58:03,511 - INFO - === Auto-balance ANALYTIC START ===
  model=test.gguf path=/models/test.gguf
  estimated_vram=70000 MB (68.36 GB)
  context_size=4096 parallel_slots=1
  active_gpus=2 | total_vram=40000 MB (39.06 GB)
  gpu_vram={0: 24000, 1: 16000}
  gpu_names={0: GPU0, 1: GPU1}
  main_index=0
  priority_order=[0, 1]
  cpu_enabled=False
  pins_count=0
2026-06-09 00:58:03,530 - INFO - === Auto-balance: LoadDistributor resultado ===
  is_feasible=False
  gpu_weights={0: 60, 1: 40}
  cpu_weight=0
  total_gpu_pct=100
2026-06-09 00:58:03,565 - INFO - === Auto-balance: LoadDistributor resultado ===
  is_feasible=False
  gpu_weights={0: 60, 1: 40}
  cpu_weight=0
  total_gpu_pct=100
2026-06-09 00:58:03,585 - INFO - === HARDWARE CAPACITY FAILURE ===
  reason=no_feasible_split
  model=test.gguf path=/models/test.gguf
  estimated_model_mb=?
  total_vram_mb=40000 total_vram_gb=39.06
  active_gpus=[0, 1]
  gpu_details=[{'index': 0, 'name': 'GPU0', 'vram_mb': 24000}, {'index': 1, 'name': 'GPU1', 'vram_mb': 16000}]
  context_size=4096 parallel_slots=1
  message=Não foi possível carregar "test.gguf" em nenhuma divisão testada entre as GPUs selecionadas. O modelo excede a capacidade do hardware atual (~39.1 GB de VRAM em 2 GPU(s)) com contexto 4096 e 1 slot(s).
2026-06-09 00:58:03,641 - INFO - === HARDWARE CAPACITY FAILURE ===
  reason=no_feasible_split
  model=test.gguf path=/models/test.gguf
  estimated_model_mb=?
  total_vram_mb=40000 total_vram_gb=39.06
  active_gpus=[0, 1]
  gpu_details=[{'index': 0, 'name': 'GPU0', 'vram_mb': 24000}, {'index': 1, 'name': 'GPU1', 'vram_mb': 16000}]
  context_size=4096 parallel_slots=1
  message=Não foi possível carregar "test.gguf" em nenhuma divisão testada entre as GPUs selecionadas. O modelo excede a capacidade do hardware atual (~39.1 GB de VRAM em 2 GPU(s)) com contexto 4096 e 1 slot(s).
2026-06-09 00:58:03,662 - INFO - === Auto-balance INFEASIBLE ===
  message=Não foi possível carregar "test.gguf" em nenhuma divisão testada entre as GPUs selecionadas. O modelo excede a capacidade do hardware atual (~39.1 GB de VRAM em 2 GPU(s)) com contexto 4096 e 1 slot(s).
  failure_code=hardware_capacity_exceeded
  total_vram_mb=40000
  estimated_mb=70000
  cpu_enabled=False
2026-06-09 00:58:03,710 - INFO - === Auto-balance INFEASIBLE ===
  message=Não foi possível carregar "test.gguf" em nenhuma divisão testada entre as GPUs selecionadas. O modelo excede a capacidade do hardware atual (~39.1 GB de VRAM em 2 GPU(s)) com contexto 4096 e 1 slot(s).
  failure_code=hardware_capacity_exceeded
  total_vram_mb=40000
  estimated_mb=70000
  cpu_enabled=False
2026-06-09 00:58:03,828 - INFO - START: /usr/bin/llama-server -m /fake/model.gguf -ngl 22 --flash-attn on --host 0.0.0.0 --port 8085 --tools all --parallel 1 --ctx-size 8192 --batch-size 2048 --mlock --main-gpu 0 --split-mode layer --tensor-split 1.0 --api-key sk-test --mmproj-auto --jinja --reasoning on --chat-template-kwargs {"enable_thinking":true} (CUDA_VISIBLE_DEVICES=0, ctx_per_slot=8192, server_ctx=8192, batch_size=2048, thinking_enabled=True, mtp_enabled=False, mtp_draft_tokens=3, mtp_applied=False, gpu_pct=70.0, cpu_pct=30.0, n_gpu_layers=22, n_cpu_layers=10)
2026-06-09 00:58:03,861 - INFO - START: /usr/bin/llama-server -m /fake/model.gguf -ngl 6 --flash-attn on --host 0.0.0.0 --port 8085 --tools all --parallel 1 --ctx-size 8192 --batch-size 2048 --mlock --main-gpu 0 --split-mode layer --tensor-split 1.0 --api-key sk-test --mmproj-auto --jinja --reasoning on --chat-template-kwargs {"enable_thinking":true} (CUDA_VISIBLE_DEVICES=0, ctx_per_slot=8192, server_ctx=8192, batch_size=2048, thinking_enabled=True, mtp_enabled=False, mtp_draft_tokens=3, mtp_applied=False, gpu_pct=20.0, cpu_pct=80.0, n_gpu_layers=6, n_cpu_layers=26)
2026-06-09 00:58:03,922 - INFO - START: /usr/bin/llama-server -m /fake/model.gguf -ngl 999 --flash-attn on --host 0.0.0.0 --port 8085 --tools all --parallel 1 --ctx-size 8192 --batch-size 2048 --mlock --main-gpu 0 --split-mode layer --tensor-split 1.0 --api-key sk-test --mmproj-auto --jinja --reasoning on --chat-template-kwargs {"enable_thinking":true} (CUDA_VISIBLE_DEVICES=0, ctx_per_slot=8192, server_ctx=8192, batch_size=2048, thinking_enabled=True, mtp_enabled=False, mtp_draft_tokens=3, mtp_applied=False, gpu_pct=100.0, cpu_pct=0, n_gpu_layers=999, n_cpu_layers=0)
2026-06-09 00:58:03,957 - INFO - START: /usr/bin/llama-server -m /fake/model.gguf -ngl 22 --flash-attn on --host 0.0.0.0 --port 8085 --tools all --parallel 1 --ctx-size 8192 --batch-size 2048 --mlock --main-gpu 0 --split-mode layer --tensor-split 1.0 --api-key sk-test --mmproj-auto --jinja --reasoning on --chat-template-kwargs {"enable_thinking":true} (CUDA_VISIBLE_DEVICES=0, ctx_per_slot=8192, server_ctx=8192, batch_size=2048, thinking_enabled=True, mtp_enabled=False, mtp_draft_tokens=3, mtp_applied=False, gpu_pct=70.0, cpu_pct=30.0, n_gpu_layers=22, n_cpu_layers=10)
2026-06-09 00:58:04,763 - ERROR - GPU detection error: Command 'nvidia-smi' returned non-zero exit status 1.
2026-06-09 00:58:04,797 - ERROR - GPU metrics error: Command 'nvidia-smi' returned non-zero exit status 1.
2026-06-09 00:58:04,815 - ERROR - System metrics error: ram metrics unavailable
2026-06-09 00:58:04,862 - ERROR - GPU metrics error: Command 'nvidia-smi' returned non-zero exit status 1.
2026-06-09 00:58:06,656 - ERROR - GPU metrics error: Command 'nvidia-smi' returned non-zero exit status 1.
2026-06-09 00:58:06,675 - ERROR - System metrics error: ram down
2026-06-09 00:58:06,715 - ERROR - GPU metrics error: Command 'nvidia-smi' returned non-zero exit status 1.
2026-06-09 00:58:06,912 - INFO - MTP requested but model has no MTP head, skipping flags
2026-06-09 00:58:07,068 - WARNING - llama-server nao encontrado automaticamente; configure LLAMA_SERVER_BIN ou paths.json (llama_server_bin)
2026-06-09 00:58:07,107 - WARNING - Could not detect MTP for /fake/model.gguf: boom
1969-12-31 21:16:40,000 - WARNING - OOM detected! Consecutive: 1
1969-12-31 21:16:45,000 - WARNING - OOM detected! Consecutive: 2
1969-12-31 21:16:40,000 - WARNING - OOM detected! Consecutive: 1
1969-12-31 21:17:11,000 - WARNING - OOM detected! Consecutive: 1
1969-12-31 21:16:40,000 - WARNING - OOM detected! Consecutive: 1
1969-12-31 21:16:45,000 - WARNING - OOM detected! Consecutive: 3
2026-06-09 00:58:07,597 - WARNING - Could not detect model layers for /fake/model.gguf: not found
2026-06-09 00:58:07,686 - INFO - START: /usr/bin/llama-server -m /fake/model.gguf -ngl 999 --flash-attn on --host 0.0.0.0 --port 8085 --tools all --parallel 1 --ctx-size 8192 --batch-size 2048 --mlock --main-gpu 0 --split-mode layer --tensor-split 1.0 --api-key test-token --mmproj-auto --jinja --reasoning on --chat-template-kwargs {"enable_thinking":true} (CUDA_VISIBLE_DEVICES=0, ctx_per_slot=8192, server_ctx=8192, batch_size=2048, thinking_enabled=True, mtp_enabled=False, mtp_draft_tokens=3, mtp_applied=False, gpu_pct=100.0, cpu_pct=0, n_gpu_layers=999, n_cpu_layers=0)
2026-06-09 00:58:07,717 - INFO - START: /usr/bin/llama-server -m /fake/model.gguf -ngl 22 --flash-attn on --host 0.0.0.0 --port 8085 --tools all --parallel 1 --ctx-size 8192 --batch-size 2048 --mlock --main-gpu 0 --split-mode layer --tensor-split 1.0 --api-key test-token --mmproj-auto --jinja --reasoning on --chat-template-kwargs {"enable_thinking":true} (CUDA_VISIBLE_DEVICES=0, ctx_per_slot=8192, server_ctx=8192, batch_size=2048, thinking_enabled=True, mtp_enabled=False, mtp_draft_tokens=3, mtp_applied=False, gpu_pct=70.0, cpu_pct=30.0, n_gpu_layers=22, n_cpu_layers=10)
2026-06-09 00:58:07,772 - INFO - START: /usr/bin/llama-server -m /fake/model.gguf -ngl 0 --flash-attn on --host 0.0.0.0 --port 8085 --tools all --parallel 1 --ctx-size 8192 --batch-size 2048 --mlock --main-gpu 0 --split-mode layer --tensor-split 1.0 --api-key test-token --mmproj-auto --jinja --reasoning on --chat-template-kwargs {"enable_thinking":true} (CUDA_VISIBLE_DEVICES=0, ctx_per_slot=8192, server_ctx=8192, batch_size=2048, thinking_enabled=True, mtp_enabled=False, mtp_draft_tokens=3, mtp_applied=False, gpu_pct=0, cpu_pct=0, n_gpu_layers=0, n_cpu_layers=32)
2026-06-09 00:58:07,815 - INFO - START: /usr/bin/llama-server -m /fake/model.gguf -ngl 999 --flash-attn on --host 0.0.0.0 --port 8085 --tools all --parallel 1 --ctx-size 8192 --batch-size 2048 --mlock --main-gpu 0 --split-mode layer --tensor-split 1.0 --api-key test-token --mmproj-auto --jinja --reasoning on --chat-template-kwargs {"enable_thinking":true} (CUDA_VISIBLE_DEVICES=0, ctx_per_slot=8192, server_ctx=8192, batch_size=2048, thinking_enabled=True, mtp_enabled=False, mtp_draft_tokens=3, mtp_applied=False, gpu_pct=100.0, cpu_pct=0, n_gpu_layers=999, n_cpu_layers=0)
2026-06-09 00:58:07,859 - INFO - START: /usr/bin/llama-server -m /fake/model.gguf -ngl 999 --flash-attn on --host 0.0.0.0 --port 8085 --tools all --parallel 1 --ctx-size 8192 --batch-size 2048 --mlock --main-gpu 0 --split-mode layer --tensor-split 1.0 --api-key test-token --mmproj-auto --jinja --reasoning on --chat-template-kwargs {"enable_thinking":true} (CUDA_VISIBLE_DEVICES=0, ctx_per_slot=8192, server_ctx=8192, batch_size=2048, thinking_enabled=True, mtp_enabled=False, mtp_draft_tokens=3, mtp_applied=False, gpu_pct=100.0, cpu_pct=0, n_gpu_layers=999, n_cpu_layers=0)
2026-06-09 00:58:07,903 - INFO - START: /usr/bin/llama-server -m /fake/model.gguf -ngl 56 --flash-attn on --host 0.0.0.0 --port 8085 --tools all --parallel 1 --ctx-size 8192 --batch-size 2048 --mlock --main-gpu 0 --split-mode layer --tensor-split 1.0 --api-key test-token --mmproj-auto --jinja --reasoning on --chat-template-kwargs {"enable_thinking":true} (CUDA_VISIBLE_DEVICES=0, ctx_per_slot=8192, server_ctx=8192, batch_size=2048, thinking_enabled=True, mtp_enabled=False, mtp_draft_tokens=3, mtp_applied=False, gpu_pct=70.0, cpu_pct=30.0, n_gpu_layers=56, n_cpu_layers=24)
2026-06-09 00:58:07,944 - INFO - START: /usr/bin/llama-server -m /fake/model.gguf -ngl 999 --flash-attn on --host 0.0.0.0 --port 8085 --tools all --parallel 1 --ctx-size 8192 --batch-size 2048 --mlock --main-gpu 0 --split-mode layer --tensor-split 1.0 --api-key test-token --mmproj-auto --jinja --reasoning on --chat-template-kwargs {"enable_thinking":true} (CUDA_VISIBLE_DEVICES=0, ctx_per_slot=8192, server_ctx=8192, batch_size=2048, thinking_enabled=True, mtp_enabled=False, mtp_draft_tokens=3, mtp_applied=False, gpu_pct=200.0, cpu_pct=0, n_gpu_layers=999, n_cpu_layers=0)
2026-06-09 00:58:07,986 - INFO - START: /usr/bin/llama-server -m /fake/model.gguf -ngl 999 --flash-attn on --host 0.0.0.0 --port 8085 --tools all --parallel 1 --ctx-size 8192 --batch-size 2048 --mlock --main-gpu 0 --split-mode layer --tensor-split 1.0 --api-key test-token --mmproj-auto --jinja --reasoning on --chat-template-kwargs {"enable_thinking":true} (CUDA_VISIBLE_DEVICES=0, ctx_per_slot=8192, server_ctx=8192, batch_size=2048, thinking_enabled=True, mtp_enabled=False, mtp_draft_tokens=3, mtp_applied=False, gpu_pct=100.0, cpu_pct=0, n_gpu_layers=999, n_cpu_layers=0)
2026-06-09 00:58:08,025 - INFO - START: /usr/bin/llama-server -m /fake/model.gguf -ngl 0 --flash-attn on --host 0.0.0.0 --port 8085 --tools all --parallel 1 --ctx-size 8192 --batch-size 2048 --mlock --main-gpu 0 --split-mode layer --tensor-split 1.0 --api-key test-token --mmproj-auto --jinja --reasoning on --chat-template-kwargs {"enable_thinking":true} (CUDA_VISIBLE_DEVICES=0, ctx_per_slot=8192, server_ctx=8192, batch_size=2048, thinking_enabled=True, mtp_enabled=False, mtp_draft_tokens=3, mtp_applied=False, gpu_pct=0, cpu_pct=0, n_gpu_layers=0, n_cpu_layers=32)
2026-06-09 00:58:08,302 - INFO - Verificacao de versao iniciada em /tmp/automanager-test
2026-06-09 00:58:08,307 - WARNING - Diretorio nao e um repositorio git: /tmp/automanager-test
2026-06-09 00:58:08,339 - INFO - Verificacao de versao iniciada em /tmp/automanager-test
2026-06-09 00:58:08,361 - INFO - Versao atualizada (branch=main, ref=aaa1111)
2026-06-09 00:58:08,389 - INFO - Verificacao de versao iniciada em /tmp/automanager-test
2026-06-09 00:58:08,423 - INFO - Atualizacao disponivel (branch=main, ahead=2, aaa1111 -> ddd4444)
2026-06-09 00:58:08,453 - INFO - Verificacao de versao iniciada em /tmp/automanager-test
2026-06-09 00:58:08,477 - WARNING - git fetch falhou (branch=main): fatal: could not read from remote
2026-06-09 00:58:08,508 - INFO - Verificacao de versao iniciada em /tmp/automanager-test
2026-06-09 00:58:08,528 - WARNING - git fetch expirou apos 30s (branch=main)
2026-06-09 00:58:08,563 - INFO - Verificacao de versao iniciada em /tmp/automanager-test
2026-06-09 00:58:08,588 - INFO - Versao atualizada (branch=feature/foo, ref=1111111)
2026-06-09 00:58:08,630 - INFO - Verificacao de versao iniciada em /tmp/automanager-test
2026-06-09 00:58:08,670 - INFO - Atualizacao disponivel (branch=main, ahead=12, local00 -> remote0)
2026-06-09 01:17:12,259 - INFO - models_dir atualizado para C:\Users\s293\AppData\Local\Temp\pytest-of-s293\pytest-230\test_set_models_dir_updates_sc0\new-models
2026-06-09 01:17:12,358 - WARNING - llama-server nao encontrado automaticamente; configure LLAMA_SERVER_BIN ou paths.json (llama_server_bin)
2026-06-09 01:17:12,423 - WARNING - Could not detect model layers for /media/docker/models/model.gguf: Command '"llama-server.exe" --model-info "/media/docker/models/model.gguf" 2>&1' returned non-zero exit status 1.
2026-06-09 01:17:12,489 - WARNING - Could not detect model layers for /media/docker/models/model.gguf: Command '"llama-server.exe" --model-info "/media/docker/models/model.gguf" 2>&1' returned non-zero exit status 1.
2026-06-09 01:17:12,916 - INFO - estimate_model_vram_mb [DISK] model=C:\Users\s293\AppData\Local\Temp\pytest-of-s293\pytest-230\test_estimate_model_vram_uses_0\qwen-49b.gguf disk_mb=100 runtime_overhead_mb=256 weights_mb=356 kv_cache_mb=6553.6 total_mb=6909
2026-06-09 01:17:12,947 - INFO - estimate_model_vram_mb [DISK] model=C:\Users\s293\AppData\Local\Temp\pytest-of-s293\pytest-230\test_estimate_model_vram_uses_0\qwen-49b.gguf disk_mb=100 runtime_overhead_mb=256 weights_mb=356 kv_cache_mb=6553.6 total_mb=6909
2026-06-09 01:17:13,782 - INFO - === HARDWARE CAPACITY FAILURE ===
  reason=no_feasible_split
  model=huge-model.gguf path=/models/huge-model.gguf
  estimated_model_mb=?
  total_vram_mb=24576 total_vram_gb=24.00
  active_gpus=[0]
  gpu_details=[{'index': 0, 'name': 'RTX 3090', 'vram_mb': 24576}]
  context_size=32768 parallel_slots=2
  message=Não foi possível carregar "huge-model.gguf" em nenhuma divisão testada entre as GPUs selecionadas. O modelo excede a capacidade do hardware atual (~24.0 GB de VRAM em 1 GPU(s)) com contexto 32768 e 2 slot(s).
2026-06-09 01:17:13,819 - INFO - === HARDWARE CAPACITY FAILURE ===
  reason=no_feasible_split
  model=huge-model.gguf path=/models/huge-model.gguf
  estimated_model_mb=?
  total_vram_mb=24576 total_vram_gb=24.00
  active_gpus=[0]
  gpu_details=[{'index': 0, 'name': 'RTX 3090', 'vram_mb': 24576}]
  context_size=32768 parallel_slots=2
  message=Não foi possível carregar "huge-model.gguf" em nenhuma divisão testada entre as GPUs selecionadas. O modelo excede a capacidade do hardware atual (~24.0 GB de VRAM em 1 GPU(s)) com contexto 32768 e 2 slot(s).
2026-06-09 01:17:13,846 - WARNING - OOM detected! Consecutive: 1
2026-06-09 01:17:13,952 - INFO - Auto-balance probe #1: weight_map={0: 100%} -> synced={0: 100%} | cpu_weight=10 -> probe_cpu=0 | active_weights=[gpu[0]=100.0%, cpu[-1]=0.0%]
2026-06-09 01:17:13,970 - INFO - Auto-balance probe #1: result=ready (cpu_weight=0, synced_map={0: 100%})
2026-06-09 01:17:14,101 - INFO - Session expired due to inactivity
2026-06-09 01:17:14,243 - INFO - START: /usr/bin/llama-server -m /fake/model.gguf -ngl 999 --flash-attn on --host 0.0.0.0 --port 8085 --tools all --parallel 1 --ctx-size 8192 --batch-size 2048 --mlock --main-gpu 0 --split-mode layer --tensor-split 1.0000 --api-key sk-test --mmproj-auto --jinja --reasoning on --chat-template-kwargs {"enable_thinking":true} (CUDA_VISIBLE_DEVICES=0, ctx_per_slot=8192, server_ctx=8192, batch_size=2048, thinking_enabled=True, mtp_enabled=False, mtp_draft_tokens=3, mtp_applied=False, gpu_pct=100.0, cpu_pct=0, n_gpu_layers=999, n_cpu_layers=0)
2026-06-09 01:17:14,271 - INFO - START: /usr/bin/llama-server -m /fake/model.gguf -ngl 999 --flash-attn on --host 0.0.0.0 --port 8085 --tools all --parallel 1 --ctx-size 8192 --batch-size 2048 --mlock --main-gpu 0 --split-mode layer --tensor-split 0.5000,0.5000 --api-key sk-test --mmproj-auto --jinja --reasoning on --chat-template-kwargs {"enable_thinking":true} (CUDA_VISIBLE_DEVICES=0,1, ctx_per_slot=8192, server_ctx=8192, batch_size=2048, thinking_enabled=True, mtp_enabled=False, mtp_draft_tokens=3, mtp_applied=False, gpu_pct=100.0, cpu_pct=0, n_gpu_layers=999, n_cpu_layers=0)
2026-06-09 01:17:14,296 - INFO - START: /usr/bin/llama-server -m /fake/model.gguf -ngl 999 --flash-attn on --host 0.0.0.0 --port 8085 --tools all --parallel 1 --ctx-size 8192 --batch-size 2048 --mlock --main-gpu 0 --split-mode layer --tensor-split 1.0000 --api-key sk-test --mmproj-auto --jinja --reasoning on --chat-template-kwargs {"enable_thinking":true} (CUDA_VISIBLE_DEVICES=0, ctx_per_slot=8192, server_ctx=8192, batch_size=2048, thinking_enabled=True, mtp_enabled=False, mtp_draft_tokens=3, mtp_applied=False, gpu_pct=100.0, cpu_pct=0, n_gpu_layers=999, n_cpu_layers=0)
2026-06-09 01:17:14,325 - INFO - START: /usr/bin/llama-server -m /fake/model.gguf -ngl 22 --flash-attn on --host 0.0.0.0 --port 8085 --tools all --parallel 1 --ctx-size 8192 --batch-size 2048 --mlock --main-gpu 0 --split-mode layer --tensor-split 1.0000 --api-key sk-test --mmproj-auto --jinja --reasoning on --chat-template-kwargs {"enable_thinking":true} (CUDA_VISIBLE_DEVICES=0, ctx_per_slot=8192, server_ctx=8192, batch_size=2048, thinking_enabled=True, mtp_enabled=False, mtp_draft_tokens=3, mtp_applied=False, gpu_pct=70.0, cpu_pct=30.0, n_gpu_layers=22, n_cpu_layers=10)
2026-06-09 01:17:14,352 - ERROR - GPU metrics error: not enough values to unpack (expected 2, got 0)
2026-06-09 01:17:14,476 - INFO - START: /usr/bin/llama-server -m /fake/model.gguf -ngl 999 --flash-attn on --host 0.0.0.0 --port 8085 --tools all --parallel 1 --ctx-size 8192 --batch-size 2048 --mlock --main-gpu 0 --split-mode layer --tensor-split 1.0000 --api-key sk-test --mmproj-auto --jinja --reasoning on --chat-template-kwargs {"enable_thinking":true} (CUDA_VISIBLE_DEVICES=0, ctx_per_slot=8192, server_ctx=8192, batch_size=2048, thinking_enabled=True, mtp_enabled=False, mtp_draft_tokens=3, mtp_applied=False, gpu_pct=70.0, cpu_pct=0.0, n_gpu_layers=999, n_cpu_layers=0)
2026-06-09 01:17:14,497 - INFO - START: /usr/bin/llama-server -m /fake/model.gguf -ngl 22 --flash-attn on --host 0.0.0.0 --port 8085 --tools all --parallel 1 --ctx-size 8192 --batch-size 2048 --mlock --main-gpu 0 --split-mode layer --tensor-split 1.0000 --api-key sk-test --mmproj-auto --jinja --reasoning on --chat-template-kwargs {"enable_thinking":true} (CUDA_VISIBLE_DEVICES=0, ctx_per_slot=8192, server_ctx=8192, batch_size=2048, thinking_enabled=True, mtp_enabled=False, mtp_draft_tokens=3, mtp_applied=False, gpu_pct=70.0, cpu_pct=30.0, n_gpu_layers=22, n_cpu_layers=10)
2026-06-09 01:17:14,517 - ERROR - GPU metrics error: not enough values to unpack (expected 2, got 0)
2026-06-09 01:17:14,636 - INFO - START: /usr/bin/llama-server -m /fake/model.gguf -ngl 999 --flash-attn on --host 0.0.0.0 --port 8085 --tools all --parallel 1 --ctx-size 8192 --batch-size 2048 --mlock --main-gpu 0 --split-mode layer --tensor-split 1.0000 --api-key sk-test --mmproj-auto --jinja --reasoning on --chat-template-kwargs {"enable_thinking":true} (CUDA_VISIBLE_DEVICES=0, ctx_per_slot=8192, server_ctx=8192, batch_size=2048, thinking_enabled=True, mtp_enabled=False, mtp_draft_tokens=3, mtp_applied=False, gpu_pct=70.0, cpu_pct=0.0, n_gpu_layers=999, n_cpu_layers=0)
2026-06-09 01:17:14,671 - INFO - START: /usr/bin/llama-server -m /fake/model.gguf -ngl 70 --flash-attn on --host 0.0.0.0 --port 8085 --tools all --parallel 1 --ctx-size 8192 --batch-size 2048 --mlock --main-gpu 0 --split-mode layer --tensor-split 0.7143,0.2857 --api-key sk-test --mmproj-auto --jinja --reasoning on --chat-template-kwargs {"enable_thinking":true} (CUDA_VISIBLE_DEVICES=0,1, ctx_per_slot=8192, server_ctx=8192, batch_size=2048, thinking_enabled=True, mtp_enabled=False, mtp_draft_tokens=3, mtp_applied=False, gpu_pct=70.0, cpu_pct=30.0, n_gpu_layers=70, n_cpu_layers=30)
2026-06-09 01:17:14,695 - INFO - START: /usr/bin/llama-server -m /fake/model.gguf -ngl 999 --flash-attn on --host 0.0.0.0 --port 8085 --tools all --parallel 1 --ctx-size 8192 --batch-size 2048 --mlock --main-gpu 1 --split-mode layer --tensor-split 0.6000,0.4000 --api-key sk-test --mmproj-auto --jinja --reasoning on --chat-template-kwargs {"enable_thinking":true} (CUDA_VISIBLE_DEVICES=0,1, ctx_per_slot=8192, server_ctx=8192, batch_size=2048, thinking_enabled=True, mtp_enabled=False, mtp_draft_tokens=3, mtp_applied=False, gpu_pct=100.0, cpu_pct=0, n_gpu_layers=999, n_cpu_layers=0)
2026-06-09 01:17:14,717 - INFO - === Auto-balance ANALYTIC START ===
  model=test.gguf path=/models/test.gguf
  context_size=4096 parallel_slots=1
  weights_mb=20000 (19.53 GB)  kv_cache_mb=0  total_mb=20000 (19.53 GB)
  active_gpus=2 | total_vram=40000 MB (39.06 GB)
  gpu_vram={0: 24000, 1: 16000}
  gpu_names={0: GPU0, 1: GPU1}
  main_index=0
  priority_order=[0, 1]
  cpu_enabled=True
  pins_count=0
2026-06-09 01:17:14,753 - INFO - === Auto-balance ANALYTIC START ===
  model=test.gguf path=/models/test.gguf
  context_size=4096 parallel_slots=1
  weights_mb=20000 (19.53 GB)  kv_cache_mb=0  total_mb=20000 (19.53 GB)
  active_gpus=2 | total_vram=40000 MB (39.06 GB)
  gpu_vram={0: 24000, 1: 16000}
  gpu_names={0: GPU0, 1: GPU1}
  main_index=0
  priority_order=[0, 1]
  cpu_enabled=True
  pins_count=0
2026-06-09 01:17:14,770 - INFO - === Auto-balance: LoadDistributor resultado ===
  is_feasible=True
  gpu_weights={0: 100, 1: 0}
  cpu_weight=0
  total_gpu_pct=100
2026-06-09 01:17:14,803 - INFO - === Auto-balance: LoadDistributor resultado ===
  is_feasible=True
  gpu_weights={0: 100, 1: 0}
  cpu_weight=0
  total_gpu_pct=100
2026-06-09 01:17:14,819 - INFO - === Auto-balance: peso final ===
  weight_label=GPU0=100%
  weight_map={0: 100%, 1: 0%}
  cpu_weight=0
  pins_applied=0 (auto-balance limpa pins)
  budget_ok=True
2026-06-09 01:17:14,862 - INFO - === Auto-balance: peso final ===
  weight_label=GPU0=100%
  weight_map={0: 100%, 1: 0%}
  cpu_weight=0
  pins_applied=0 (auto-balance limpa pins)
  budget_ok=True
2026-06-09 01:17:14,883 - INFO - === HARDWARE SNAPSHOT BEFORE LOAD ===
  gpu_count=0
  ram_used_mb=22449 ram_total_mb=32510 ram_pct=69.1%
  cpu_pct=1.0% cpu_name=<MagicMock name='mock.get_metrics().get()' id='2591854937488'>
  gpus=[]
2026-06-09 01:17:14,919 - INFO - === HARDWARE SNAPSHOT BEFORE LOAD ===
  gpu_count=0
  ram_used_mb=22449 ram_total_mb=32510 ram_pct=69.1%
  cpu_pct=1.0% cpu_name=<MagicMock name='mock.get_metrics().get()' id='2591854937488'>
  gpus=[]
2026-06-09 01:17:17,943 - INFO - === HARDWARE SNAPSHOT AFTER LOAD ===
  gpu_count=0
  ram_used_mb=22376 ram_total_mb=32510 ram_pct=68.8%
  cpu_pct=1.0% cpu_name=<MagicMock name='mock.get_metrics().get()' id='2591854937488'>
  gpus=[]
2026-06-09 01:17:17,976 - INFO - === HARDWARE SNAPSHOT AFTER LOAD ===
  gpu_count=0
  ram_used_mb=22376 ram_total_mb=32510 ram_pct=68.8%
  cpu_pct=1.0% cpu_name=<MagicMock name='mock.get_metrics().get()' id='2591854937488'>
  gpus=[]
2026-06-09 01:17:18,090 - INFO - === Auto-balance ANALYTIC START ===
  model=test.gguf path=/models/test.gguf
  context_size=4096 parallel_slots=1
  weights_mb=20000 (19.53 GB)  kv_cache_mb=0  total_mb=20000 (19.53 GB)
  active_gpus=1 | total_vram=24000 MB (23.44 GB)
  gpu_vram={0: 24000}
  gpu_names={0: GPU0}
  main_index=0
  priority_order=[0]
  cpu_enabled=True
  pins_count=1
2026-06-09 01:17:18,122 - INFO - === Auto-balance ANALYTIC START ===
  model=test.gguf path=/models/test.gguf
  context_size=4096 parallel_slots=1
  weights_mb=20000 (19.53 GB)  kv_cache_mb=0  total_mb=20000 (19.53 GB)
  active_gpus=1 | total_vram=24000 MB (23.44 GB)
  gpu_vram={0: 24000}
  gpu_names={0: GPU0}
  main_index=0
  priority_order=[0]
  cpu_enabled=True
  pins_count=1
2026-06-09 01:17:18,139 - INFO - === Auto-balance: LoadDistributor resultado ===
  is_feasible=True
  gpu_weights={0: 100}
  cpu_weight=0
  total_gpu_pct=100
2026-06-09 01:17:18,170 - INFO - === Auto-balance: LoadDistributor resultado ===
  is_feasible=True
  gpu_weights={0: 100}
  cpu_weight=0
  total_gpu_pct=100
2026-06-09 01:17:18,186 - INFO - === Auto-balance: peso final ===
  weight_label=GPU0=100%
  weight_map={0: 100%}
  cpu_weight=0
  pins_applied=0 (auto-balance limpa pins)
  budget_ok=True
2026-06-09 01:17:18,215 - INFO - === Auto-balance: peso final ===
  weight_label=GPU0=100%
  weight_map={0: 100%}
  cpu_weight=0
  pins_applied=0 (auto-balance limpa pins)
  budget_ok=True
2026-06-09 01:17:18,232 - INFO - === HARDWARE SNAPSHOT BEFORE LOAD ===
  gpu_count=0
  ram_used_mb=22377 ram_total_mb=32510 ram_pct=68.8%
  cpu_pct=1.0% cpu_name=<MagicMock name='mock.get_metrics().get()' id='2591860220560'>
  gpus=[]
2026-06-09 01:17:18,265 - INFO - === HARDWARE SNAPSHOT BEFORE LOAD ===
  gpu_count=0
  ram_used_mb=22377 ram_total_mb=32510 ram_pct=68.8%
  cpu_pct=1.0% cpu_name=<MagicMock name='mock.get_metrics().get()' id='2591860220560'>
  gpus=[]
2026-06-09 01:17:21,282 - INFO - === HARDWARE SNAPSHOT AFTER LOAD ===
  gpu_count=0
  ram_used_mb=22374 ram_total_mb=32510 ram_pct=68.8%
  cpu_pct=1.0% cpu_name=<MagicMock name='mock.get_metrics().get()' id='2591860220560'>
  gpus=[]
2026-06-09 01:17:21,316 - INFO - === HARDWARE SNAPSHOT AFTER LOAD ===
  gpu_count=0
  ram_used_mb=22374 ram_total_mb=32510 ram_pct=68.8%
  cpu_pct=1.0% cpu_name=<MagicMock name='mock.get_metrics().get()' id='2591860220560'>
  gpus=[]
2026-06-09 01:17:21,496 - INFO - === Auto-balance ANALYTIC START ===
  model=test.gguf path=/models/test.gguf
  context_size=4096 parallel_slots=1
  weights_mb=30000 (29.30 GB)  kv_cache_mb=0  total_mb=30000 (29.30 GB)
  active_gpus=2 | total_vram=40000 MB (39.06 GB)
  gpu_vram={0: 24000, 1: 16000}
  gpu_names={0: GPU0, 1: GPU1}
  main_index=0
  priority_order=[0, 1]
  cpu_enabled=True
  pins_count=0
2026-06-09 01:17:21,531 - INFO - === Auto-balance ANALYTIC START ===
  model=test.gguf path=/models/test.gguf
  context_size=4096 parallel_slots=1
  weights_mb=30000 (29.30 GB)  kv_cache_mb=0  total_mb=30000 (29.30 GB)
  active_gpus=2 | total_vram=40000 MB (39.06 GB)
  gpu_vram={0: 24000, 1: 16000}
  gpu_names={0: GPU0, 1: GPU1}
  main_index=0
  priority_order=[0, 1]
  cpu_enabled=True
  pins_count=0
2026-06-09 01:17:21,548 - INFO - === Auto-balance: LoadDistributor resultado ===
  is_feasible=True
  gpu_weights={0: 78, 1: 22}
  cpu_weight=0
  total_gpu_pct=100
2026-06-09 01:17:21,577 - INFO - === Auto-balance: LoadDistributor resultado ===
  is_feasible=True
  gpu_weights={0: 78, 1: 22}
  cpu_weight=0
  total_gpu_pct=100
2026-06-09 01:17:21,593 - INFO - === Auto-balance: peso final ===
  weight_label=GPU0=78%, GPU1=22%
  weight_map={0: 78%, 1: 22%}
  cpu_weight=0
  pins_applied=0 (auto-balance limpa pins)
  budget_ok=True
2026-06-09 01:17:21,629 - INFO - === Auto-balance: peso final ===
  weight_label=GPU0=78%, GPU1=22%
  weight_map={0: 78%, 1: 22%}
  cpu_weight=0
  pins_applied=0 (auto-balance limpa pins)
  budget_ok=True
2026-06-09 01:17:21,646 - INFO - === HARDWARE SNAPSHOT BEFORE LOAD ===
  gpu_count=0
  ram_used_mb=22371 ram_total_mb=32510 ram_pct=68.8%
  cpu_pct=1.0% cpu_name=<MagicMock name='mock.get_metrics().get()' id='2591854940112'>
  gpus=[]
2026-06-09 01:17:21,679 - INFO - === HARDWARE SNAPSHOT BEFORE LOAD ===
  gpu_count=0
  ram_used_mb=22371 ram_total_mb=32510 ram_pct=68.8%
  cpu_pct=1.0% cpu_name=<MagicMock name='mock.get_metrics().get()' id='2591854940112'>
  gpus=[]
2026-06-09 01:17:24,699 - INFO - === HARDWARE SNAPSHOT AFTER LOAD ===
  gpu_count=0
  ram_used_mb=22362 ram_total_mb=32510 ram_pct=68.8%
  cpu_pct=1.0% cpu_name=<MagicMock name='mock.get_metrics().get()' id='2591854940112'>
  gpus=[]
2026-06-09 01:17:24,730 - INFO - === HARDWARE SNAPSHOT AFTER LOAD ===
  gpu_count=0
  ram_used_mb=22362 ram_total_mb=32510 ram_pct=68.8%
  cpu_pct=1.0% cpu_name=<MagicMock name='mock.get_metrics().get()' id='2591854940112'>
  gpus=[]
2026-06-09 01:17:24,867 - INFO - === Auto-balance ANALYTIC START ===
  model=test.gguf path=/models/test.gguf
  context_size=4096 parallel_slots=1
  weights_mb=70000 (68.36 GB)  kv_cache_mb=0  total_mb=70000 (68.36 GB)
  active_gpus=2 | total_vram=40000 MB (39.06 GB)
  gpu_vram={0: 24000, 1: 16000}
  gpu_names={0: GPU0, 1: GPU1}
  main_index=0
  priority_order=[0, 1]
  cpu_enabled=True
  pins_count=0
2026-06-09 01:17:24,898 - INFO - === Auto-balance ANALYTIC START ===
  model=test.gguf path=/models/test.gguf
  context_size=4096 parallel_slots=1
  weights_mb=70000 (68.36 GB)  kv_cache_mb=0  total_mb=70000 (68.36 GB)
  active_gpus=2 | total_vram=40000 MB (39.06 GB)
  gpu_vram={0: 24000, 1: 16000}
  gpu_names={0: GPU0, 1: GPU1}
  main_index=0
  priority_order=[0, 1]
  cpu_enabled=True
  pins_count=0
2026-06-09 01:17:24,918 - INFO - === Auto-balance: LoadDistributor resultado ===
  is_feasible=True
  gpu_weights={0: 34, 1: 22}
  cpu_weight=44
  total_gpu_pct=56
2026-06-09 01:17:24,949 - INFO - === Auto-balance: LoadDistributor resultado ===
  is_feasible=True
  gpu_weights={0: 34, 1: 22}
  cpu_weight=44
  total_gpu_pct=56
2026-06-09 01:17:24,968 - INFO - === Auto-balance: peso final ===
  weight_label=GPU0=34%, GPU1=22%, CPU=44%
  weight_map={0: 34%, 1: 22%}
  cpu_weight=44
  pins_applied=0 (auto-balance limpa pins)
  budget_ok=True
2026-06-09 01:17:24,999 - INFO - === Auto-balance: peso final ===
  weight_label=GPU0=34%, GPU1=22%, CPU=44%
  weight_map={0: 34%, 1: 22%}
  cpu_weight=44
  pins_applied=0 (auto-balance limpa pins)
  budget_ok=True
2026-06-09 01:17:25,016 - INFO - === HARDWARE SNAPSHOT BEFORE LOAD ===
  gpu_count=0
  ram_used_mb=22357 ram_total_mb=32510 ram_pct=68.8%
  cpu_pct=1.0% cpu_name=<MagicMock name='mock.get_metrics().get()' id='2591859707280'>
  gpus=[]
2026-06-09 01:17:25,044 - INFO - === HARDWARE SNAPSHOT BEFORE LOAD ===
  gpu_count=0
  ram_used_mb=22357 ram_total_mb=32510 ram_pct=68.8%
  cpu_pct=1.0% cpu_name=<MagicMock name='mock.get_metrics().get()' id='2591859707280'>
  gpus=[]
2026-06-09 01:17:28,060 - INFO - === HARDWARE SNAPSHOT AFTER LOAD ===
  gpu_count=0
  ram_used_mb=22354 ram_total_mb=32510 ram_pct=68.8%
  cpu_pct=1.0% cpu_name=<MagicMock name='mock.get_metrics().get()' id='2591859707280'>
  gpus=[]
2026-06-09 01:17:28,090 - INFO - === HARDWARE SNAPSHOT AFTER LOAD ===
  gpu_count=0
  ram_used_mb=22354 ram_total_mb=32510 ram_pct=68.8%
  cpu_pct=1.0% cpu_name=<MagicMock name='mock.get_metrics().get()' id='2591859707280'>
  gpus=[]
2026-06-09 01:17:28,231 - INFO - === Auto-balance ANALYTIC START ===
  model=test.gguf path=/models/test.gguf
  context_size=4096 parallel_slots=1
  weights_mb=70000 (68.36 GB)  kv_cache_mb=0  total_mb=70000 (68.36 GB)
  active_gpus=2 | total_vram=40000 MB (39.06 GB)
  gpu_vram={0: 24000, 1: 16000}
  gpu_names={0: GPU0, 1: GPU1}
  main_index=0
  priority_order=[0, 1]
  cpu_enabled=False
  pins_count=0
2026-06-09 01:17:28,261 - INFO - === Auto-balance ANALYTIC START ===
  model=test.gguf path=/models/test.gguf
  context_size=4096 parallel_slots=1
  weights_mb=70000 (68.36 GB)  kv_cache_mb=0  total_mb=70000 (68.36 GB)
  active_gpus=2 | total_vram=40000 MB (39.06 GB)
  gpu_vram={0: 24000, 1: 16000}
  gpu_names={0: GPU0, 1: GPU1}
  main_index=0
  priority_order=[0, 1]
  cpu_enabled=False
  pins_count=0
2026-06-09 01:17:28,276 - INFO - === Auto-balance: LoadDistributor resultado ===
  is_feasible=False
  gpu_weights={0: 60, 1: 40}
  cpu_weight=0
  total_gpu_pct=100
2026-06-09 01:17:28,305 - INFO - === Auto-balance: LoadDistributor resultado ===
  is_feasible=False
  gpu_weights={0: 60, 1: 40}
  cpu_weight=0
  total_gpu_pct=100
2026-06-09 01:17:28,322 - INFO - === HARDWARE CAPACITY FAILURE ===
  reason=no_feasible_split
  model=test.gguf path=/models/test.gguf
  estimated_model_mb=?
  total_vram_mb=40000 total_vram_gb=39.06
  active_gpus=[0, 1]
  gpu_details=[{'index': 0, 'name': 'GPU0', 'vram_mb': 24000}, {'index': 1, 'name': 'GPU1', 'vram_mb': 16000}]
  context_size=4096 parallel_slots=1
  message=Não foi possível carregar "test.gguf" em nenhuma divisão testada entre as GPUs selecionadas. O modelo excede a capacidade do hardware atual (~39.1 GB de VRAM em 2 GPU(s)) com contexto 4096 e 1 slot(s).
2026-06-09 01:17:28,352 - INFO - === HARDWARE CAPACITY FAILURE ===
  reason=no_feasible_split
  model=test.gguf path=/models/test.gguf
  estimated_model_mb=?
  total_vram_mb=40000 total_vram_gb=39.06
  active_gpus=[0, 1]
  gpu_details=[{'index': 0, 'name': 'GPU0', 'vram_mb': 24000}, {'index': 1, 'name': 'GPU1', 'vram_mb': 16000}]
  context_size=4096 parallel_slots=1
  message=Não foi possível carregar "test.gguf" em nenhuma divisão testada entre as GPUs selecionadas. O modelo excede a capacidade do hardware atual (~39.1 GB de VRAM em 2 GPU(s)) com contexto 4096 e 1 slot(s).
2026-06-09 01:17:28,586 - INFO - START: /usr/bin/llama-server -m /fake/model.gguf -ngl 22 --flash-attn on --host 0.0.0.0 --port 8085 --tools all --parallel 1 --ctx-size 8192 --batch-size 2048 --mlock --main-gpu 0 --split-mode layer --tensor-split 1.0 --api-key sk-test --mmproj-auto --jinja --reasoning on --chat-template-kwargs {"enable_thinking":true} (CUDA_VISIBLE_DEVICES=0, ctx_per_slot=8192, server_ctx=8192, batch_size=2048, thinking_enabled=True, mtp_enabled=False, mtp_draft_tokens=3, mtp_applied=False, gpu_pct=70.0, cpu_pct=30.0, n_gpu_layers=22, n_cpu_layers=10)
2026-06-09 01:17:28,613 - INFO - START: /usr/bin/llama-server -m /fake/model.gguf -ngl 6 --flash-attn on --host 0.0.0.0 --port 8085 --tools all --parallel 1 --ctx-size 8192 --batch-size 2048 --mlock --main-gpu 0 --split-mode layer --tensor-split 1.0 --api-key sk-test --mmproj-auto --jinja --reasoning on --chat-template-kwargs {"enable_thinking":true} (CUDA_VISIBLE_DEVICES=0, ctx_per_slot=8192, server_ctx=8192, batch_size=2048, thinking_enabled=True, mtp_enabled=False, mtp_draft_tokens=3, mtp_applied=False, gpu_pct=20.0, cpu_pct=80.0, n_gpu_layers=6, n_cpu_layers=26)
2026-06-09 01:17:28,665 - INFO - START: /usr/bin/llama-server -m /fake/model.gguf -ngl 999 --flash-attn on --host 0.0.0.0 --port 8085 --tools all --parallel 1 --ctx-size 8192 --batch-size 2048 --mlock --main-gpu 0 --split-mode layer --tensor-split 1.0 --api-key sk-test --mmproj-auto --jinja --reasoning on --chat-template-kwargs {"enable_thinking":true} (CUDA_VISIBLE_DEVICES=0, ctx_per_slot=8192, server_ctx=8192, batch_size=2048, thinking_enabled=True, mtp_enabled=False, mtp_draft_tokens=3, mtp_applied=False, gpu_pct=100.0, cpu_pct=0, n_gpu_layers=999, n_cpu_layers=0)
2026-06-09 01:17:28,796 - INFO - START: /usr/bin/llama-server -m /fake/model.gguf -ngl 22 --flash-attn on --host 0.0.0.0 --port 8085 --tools all --parallel 1 --ctx-size 8192 --batch-size 2048 --mlock --main-gpu 0 --split-mode layer --tensor-split 1.0 --api-key sk-test --mmproj-auto --jinja --reasoning on --chat-template-kwargs {"enable_thinking":true} (CUDA_VISIBLE_DEVICES=0, ctx_per_slot=8192, server_ctx=8192, batch_size=2048, thinking_enabled=True, mtp_enabled=False, mtp_draft_tokens=3, mtp_applied=False, gpu_pct=70.0, cpu_pct=30.0, n_gpu_layers=22, n_cpu_layers=10)
2026-06-09 01:17:29,280 - ERROR - GPU detection error: Command 'nvidia-smi' returned non-zero exit status 1.
2026-06-09 01:17:29,312 - ERROR - GPU metrics error: Command 'nvidia-smi' returned non-zero exit status 1.
2026-06-09 01:17:29,331 - ERROR - System metrics error: ram metrics unavailable
2026-06-09 01:17:29,355 - ERROR - GPU metrics error: Command 'nvidia-smi' returned non-zero exit status 1.
2026-06-09 01:17:30,361 - ERROR - GPU metrics error: Command 'nvidia-smi' returned non-zero exit status 1.
2026-06-09 01:17:30,377 - ERROR - System metrics error: ram down
2026-06-09 01:17:30,403 - ERROR - GPU metrics error: Command 'nvidia-smi' returned non-zero exit status 1.
2026-06-09 01:17:30,524 - INFO - MTP requested but model has no MTP head, skipping flags
2026-06-09 01:17:30,658 - WARNING - llama-server nao encontrado automaticamente; configure LLAMA_SERVER_BIN ou paths.json (llama_server_bin)
2026-06-09 01:17:30,703 - WARNING - Could not detect MTP for /fake/model.gguf: boom
1969-12-31 21:16:40,000 - WARNING - OOM detected! Consecutive: 1
1969-12-31 21:16:45,000 - WARNING - OOM detected! Consecutive: 2
1969-12-31 21:16:40,000 - WARNING - OOM detected! Consecutive: 1
1969-12-31 21:17:11,000 - WARNING - OOM detected! Consecutive: 1
1969-12-31 21:16:40,000 - WARNING - OOM detected! Consecutive: 1
1969-12-31 21:16:45,000 - WARNING - OOM detected! Consecutive: 3
2026-06-09 01:17:31,085 - WARNING - Could not detect model layers for /fake/model.gguf: not found
2026-06-09 01:17:31,128 - INFO - START: /usr/bin/llama-server -m /fake/model.gguf -ngl 999 --flash-attn on --host 0.0.0.0 --port 8085 --tools all --parallel 1 --ctx-size 8192 --batch-size 2048 --mlock --main-gpu 0 --split-mode layer --tensor-split 1.0 --api-key test-token --mmproj-auto --jinja --reasoning on --chat-template-kwargs {"enable_thinking":true} (CUDA_VISIBLE_DEVICES=0, ctx_per_slot=8192, server_ctx=8192, batch_size=2048, thinking_enabled=True, mtp_enabled=False, mtp_draft_tokens=3, mtp_applied=False, gpu_pct=100.0, cpu_pct=0, n_gpu_layers=999, n_cpu_layers=0)
2026-06-09 01:17:31,162 - INFO - START: /usr/bin/llama-server -m /fake/model.gguf -ngl 22 --flash-attn on --host 0.0.0.0 --port 8085 --tools all --parallel 1 --ctx-size 8192 --batch-size 2048 --mlock --main-gpu 0 --split-mode layer --tensor-split 1.0 --api-key test-token --mmproj-auto --jinja --reasoning on --chat-template-kwargs {"enable_thinking":true} (CUDA_VISIBLE_DEVICES=0, ctx_per_slot=8192, server_ctx=8192, batch_size=2048, thinking_enabled=True, mtp_enabled=False, mtp_draft_tokens=3, mtp_applied=False, gpu_pct=70.0, cpu_pct=30.0, n_gpu_layers=22, n_cpu_layers=10)
2026-06-09 01:17:31,197 - INFO - START: /usr/bin/llama-server -m /fake/model.gguf -ngl 0 --flash-attn on --host 0.0.0.0 --port 8085 --tools all --parallel 1 --ctx-size 8192 --batch-size 2048 --mlock --main-gpu 0 --split-mode layer --tensor-split 1.0 --api-key test-token --mmproj-auto --jinja --reasoning on --chat-template-kwargs {"enable_thinking":true} (CUDA_VISIBLE_DEVICES=0, ctx_per_slot=8192, server_ctx=8192, batch_size=2048, thinking_enabled=True, mtp_enabled=False, mtp_draft_tokens=3, mtp_applied=False, gpu_pct=0, cpu_pct=0, n_gpu_layers=0, n_cpu_layers=32)
2026-06-09 01:17:31,227 - INFO - START: /usr/bin/llama-server -m /fake/model.gguf -ngl 999 --flash-attn on --host 0.0.0.0 --port 8085 --tools all --parallel 1 --ctx-size 8192 --batch-size 2048 --mlock --main-gpu 0 --split-mode layer --tensor-split 1.0 --api-key test-token --mmproj-auto --jinja --reasoning on --chat-template-kwargs {"enable_thinking":true} (CUDA_VISIBLE_DEVICES=0, ctx_per_slot=8192, server_ctx=8192, batch_size=2048, thinking_enabled=True, mtp_enabled=False, mtp_draft_tokens=3, mtp_applied=False, gpu_pct=100.0, cpu_pct=0, n_gpu_layers=999, n_cpu_layers=0)
2026-06-09 01:17:31,258 - INFO - START: /usr/bin/llama-server -m /fake/model.gguf -ngl 999 --flash-attn on --host 0.0.0.0 --port 8085 --tools all --parallel 1 --ctx-size 8192 --batch-size 2048 --mlock --main-gpu 0 --split-mode layer --tensor-split 1.0 --api-key test-token --mmproj-auto --jinja --reasoning on --chat-template-kwargs {"enable_thinking":true} (CUDA_VISIBLE_DEVICES=0, ctx_per_slot=8192, server_ctx=8192, batch_size=2048, thinking_enabled=True, mtp_enabled=False, mtp_draft_tokens=3, mtp_applied=False, gpu_pct=100.0, cpu_pct=0, n_gpu_layers=999, n_cpu_layers=0)
2026-06-09 01:17:31,289 - INFO - START: /usr/bin/llama-server -m /fake/model.gguf -ngl 56 --flash-attn on --host 0.0.0.0 --port 8085 --tools all --parallel 1 --ctx-size 8192 --batch-size 2048 --mlock --main-gpu 0 --split-mode layer --tensor-split 1.0 --api-key test-token --mmproj-auto --jinja --reasoning on --chat-template-kwargs {"enable_thinking":true} (CUDA_VISIBLE_DEVICES=0, ctx_per_slot=8192, server_ctx=8192, batch_size=2048, thinking_enabled=True, mtp_enabled=False, mtp_draft_tokens=3, mtp_applied=False, gpu_pct=70.0, cpu_pct=30.0, n_gpu_layers=56, n_cpu_layers=24)
2026-06-09 01:17:31,320 - INFO - START: /usr/bin/llama-server -m /fake/model.gguf -ngl 999 --flash-attn on --host 0.0.0.0 --port 8085 --tools all --parallel 1 --ctx-size 8192 --batch-size 2048 --mlock --main-gpu 0 --split-mode layer --tensor-split 1.0 --api-key test-token --mmproj-auto --jinja --reasoning on --chat-template-kwargs {"enable_thinking":true} (CUDA_VISIBLE_DEVICES=0, ctx_per_slot=8192, server_ctx=8192, batch_size=2048, thinking_enabled=True, mtp_enabled=False, mtp_draft_tokens=3, mtp_applied=False, gpu_pct=200.0, cpu_pct=0, n_gpu_layers=999, n_cpu_layers=0)
2026-06-09 01:17:31,358 - INFO - START: /usr/bin/llama-server -m /fake/model.gguf -ngl 999 --flash-attn on --host 0.0.0.0 --port 8085 --tools all --parallel 1 --ctx-size 8192 --batch-size 2048 --mlock --main-gpu 0 --split-mode layer --tensor-split 1.0 --api-key test-token --mmproj-auto --jinja --reasoning on --chat-template-kwargs {"enable_thinking":true} (CUDA_VISIBLE_DEVICES=0, ctx_per_slot=8192, server_ctx=8192, batch_size=2048, thinking_enabled=True, mtp_enabled=False, mtp_draft_tokens=3, mtp_applied=False, gpu_pct=100.0, cpu_pct=0, n_gpu_layers=999, n_cpu_layers=0)
2026-06-09 01:17:31,394 - INFO - START: /usr/bin/llama-server -m /fake/model.gguf -ngl 0 --flash-attn on --host 0.0.0.0 --port 8085 --tools all --parallel 1 --ctx-size 8192 --batch-size 2048 --mlock --main-gpu 0 --split-mode layer --tensor-split 1.0 --api-key test-token --mmproj-auto --jinja --reasoning on --chat-template-kwargs {"enable_thinking":true} (CUDA_VISIBLE_DEVICES=0, ctx_per_slot=8192, server_ctx=8192, batch_size=2048, thinking_enabled=True, mtp_enabled=False, mtp_draft_tokens=3, mtp_applied=False, gpu_pct=0, cpu_pct=0, n_gpu_layers=0, n_cpu_layers=32)
2026-06-09 01:17:31,584 - INFO - Verificacao de versao iniciada em /tmp/automanager-test
2026-06-09 01:17:31,600 - WARNING - Diretorio nao e um repositorio git: /tmp/automanager-test
2026-06-09 01:17:31,628 - INFO - Verificacao de versao iniciada em /tmp/automanager-test
2026-06-09 01:17:31,645 - INFO - Versao atualizada (branch=main, ref=aaa1111)
2026-06-09 01:17:31,669 - INFO - Verificacao de versao iniciada em /tmp/automanager-test
2026-06-09 01:17:31,687 - INFO - Atualizacao disponivel (branch=main, ahead=2, aaa1111 -> ddd4444)
2026-06-09 01:17:31,714 - INFO - Verificacao de versao iniciada em /tmp/automanager-test
2026-06-09 01:17:31,736 - WARNING - git fetch falhou (branch=main): fatal: could not read from remote
2026-06-09 01:17:31,763 - INFO - Verificacao de versao iniciada em /tmp/automanager-test
2026-06-09 01:17:31,781 - WARNING - git fetch expirou apos 30s (branch=main)
2026-06-09 01:17:31,808 - INFO - Verificacao de versao iniciada em /tmp/automanager-test
2026-06-09 01:17:31,825 - INFO - Versao atualizada (branch=feature/foo, ref=1111111)
2026-06-09 01:17:31,853 - INFO - Verificacao de versao iniciada em /tmp/automanager-test
2026-06-09 01:17:31,869 - INFO - Atualizacao disponivel (branch=main, ahead=12, local00 -> remote0)
2026-06-09 01:17:45,196 - INFO - models_dir atualizado para C:\Users\s293\AppData\Local\Temp\pytest-of-s293\pytest-231\test_set_models_dir_updates_sc0\new-models
2026-06-09 01:17:45,288 - WARNING - llama-server nao encontrado automaticamente; configure LLAMA_SERVER_BIN ou paths.json (llama_server_bin)
2026-06-09 01:17:45,347 - WARNING - Could not detect model layers for /media/docker/models/model.gguf: Command '"llama-server.exe" --model-info "/media/docker/models/model.gguf" 2>&1' returned non-zero exit status 1.
2026-06-09 01:17:45,411 - WARNING - Could not detect model layers for /media/docker/models/model.gguf: Command '"llama-server.exe" --model-info "/media/docker/models/model.gguf" 2>&1' returned non-zero exit status 1.
2026-06-09 01:17:45,884 - INFO - estimate_model_vram_mb [DISK] model=C:\Users\s293\AppData\Local\Temp\pytest-of-s293\pytest-231\test_estimate_model_vram_uses_0\qwen-49b.gguf disk_mb=100 runtime_overhead_mb=256 weights_mb=356 kv_cache_mb=6553.6 total_mb=6909
2026-06-09 01:17:45,918 - INFO - estimate_model_vram_mb [DISK] model=C:\Users\s293\AppData\Local\Temp\pytest-of-s293\pytest-231\test_estimate_model_vram_uses_0\qwen-49b.gguf disk_mb=100 runtime_overhead_mb=256 weights_mb=356 kv_cache_mb=6553.6 total_mb=6909
2026-06-09 01:17:45,966 - INFO - === HARDWARE CAPACITY FAILURE ===
  reason=no_feasible_split
  model=huge-model.gguf path=/models/huge-model.gguf
  estimated_model_mb=?
  total_vram_mb=24576 total_vram_gb=24.00
  active_gpus=[0]
  gpu_details=[{'index': 0, 'name': 'RTX 3090', 'vram_mb': 24576}]
  context_size=32768 parallel_slots=2
  message=Não foi possível carregar "huge-model.gguf" em nenhuma divisão testada entre as GPUs selecionadas. O modelo excede a capacidade do hardware atual (~24.0 GB de VRAM em 1 GPU(s)) com contexto 32768 e 2 slot(s).
2026-06-09 01:17:45,999 - INFO - === HARDWARE CAPACITY FAILURE ===
  reason=no_feasible_split
  model=huge-model.gguf path=/models/huge-model.gguf
  estimated_model_mb=?
  total_vram_mb=24576 total_vram_gb=24.00
  active_gpus=[0]
  gpu_details=[{'index': 0, 'name': 'RTX 3090', 'vram_mb': 24576}]
  context_size=32768 parallel_slots=2
  message=Não foi possível carregar "huge-model.gguf" em nenhuma divisão testada entre as GPUs selecionadas. O modelo excede a capacidade do hardware atual (~24.0 GB de VRAM em 1 GPU(s)) com contexto 32768 e 2 slot(s).
2026-06-09 01:17:46,026 - WARNING - OOM detected! Consecutive: 1
2026-06-09 01:17:46,159 - INFO - Auto-balance probe #1: weight_map={0: 100%} -> synced={0: 100%} | cpu_weight=10 -> probe_cpu=0 | active_weights=[gpu[0]=100.0%, cpu[-1]=0.0%]
2026-06-09 01:17:46,179 - INFO - Auto-balance probe #1: result=ready (cpu_weight=0, synced_map={0: 100%})
2026-06-09 01:17:46,330 - INFO - Session expired due to inactivity
2026-06-09 01:17:46,511 - INFO - START: /usr/bin/llama-server -m /fake/model.gguf -ngl 999 --flash-attn on --host 0.0.0.0 --port 8085 --tools all --parallel 1 --ctx-size 8192 --batch-size 2048 --mlock --main-gpu 0 --split-mode layer --tensor-split 1.0000 --api-key sk-test --mmproj-auto --jinja --reasoning on --chat-template-kwargs {"enable_thinking":true} (CUDA_VISIBLE_DEVICES=0, ctx_per_slot=8192, server_ctx=8192, batch_size=2048, thinking_enabled=True, mtp_enabled=False, mtp_draft_tokens=3, mtp_applied=False, gpu_pct=100.0, cpu_pct=0, n_gpu_layers=999, n_cpu_layers=0)
2026-06-09 01:17:46,538 - INFO - START: /usr/bin/llama-server -m /fake/model.gguf -ngl 999 --flash-attn on --host 0.0.0.0 --port 8085 --tools all --parallel 1 --ctx-size 8192 --batch-size 2048 --mlock --main-gpu 0 --split-mode layer --tensor-split 0.5000,0.5000 --api-key sk-test --mmproj-auto --jinja --reasoning on --chat-template-kwargs {"enable_thinking":true} (CUDA_VISIBLE_DEVICES=0,1, ctx_per_slot=8192, server_ctx=8192, batch_size=2048, thinking_enabled=True, mtp_enabled=False, mtp_draft_tokens=3, mtp_applied=False, gpu_pct=100.0, cpu_pct=0, n_gpu_layers=999, n_cpu_layers=0)
2026-06-09 01:17:46,566 - INFO - START: /usr/bin/llama-server -m /fake/model.gguf -ngl 999 --flash-attn on --host 0.0.0.0 --port 8085 --tools all --parallel 1 --ctx-size 8192 --batch-size 2048 --mlock --main-gpu 0 --split-mode layer --tensor-split 1.0000 --api-key sk-test --mmproj-auto --jinja --reasoning on --chat-template-kwargs {"enable_thinking":true} (CUDA_VISIBLE_DEVICES=0, ctx_per_slot=8192, server_ctx=8192, batch_size=2048, thinking_enabled=True, mtp_enabled=False, mtp_draft_tokens=3, mtp_applied=False, gpu_pct=100.0, cpu_pct=0, n_gpu_layers=999, n_cpu_layers=0)
2026-06-09 01:17:46,608 - INFO - START: /usr/bin/llama-server -m /fake/model.gguf -ngl 22 --flash-attn on --host 0.0.0.0 --port 8085 --tools all --parallel 1 --ctx-size 8192 --batch-size 2048 --mlock --main-gpu 0 --split-mode layer --tensor-split 1.0000 --api-key sk-test --mmproj-auto --jinja --reasoning on --chat-template-kwargs {"enable_thinking":true} (CUDA_VISIBLE_DEVICES=0, ctx_per_slot=8192, server_ctx=8192, batch_size=2048, thinking_enabled=True, mtp_enabled=False, mtp_draft_tokens=3, mtp_applied=False, gpu_pct=70.0, cpu_pct=30.0, n_gpu_layers=22, n_cpu_layers=10)
2026-06-09 01:17:46,655 - ERROR - GPU metrics error: not enough values to unpack (expected 2, got 0)
2026-06-09 01:17:46,781 - INFO - START: /usr/bin/llama-server -m /fake/model.gguf -ngl 999 --flash-attn on --host 0.0.0.0 --port 8085 --tools all --parallel 1 --ctx-size 8192 --batch-size 2048 --mlock --main-gpu 0 --split-mode layer --tensor-split 1.0000 --api-key sk-test --mmproj-auto --jinja --reasoning on --chat-template-kwargs {"enable_thinking":true} (CUDA_VISIBLE_DEVICES=0, ctx_per_slot=8192, server_ctx=8192, batch_size=2048, thinking_enabled=True, mtp_enabled=False, mtp_draft_tokens=3, mtp_applied=False, gpu_pct=70.0, cpu_pct=0.0, n_gpu_layers=999, n_cpu_layers=0)
2026-06-09 01:17:46,813 - INFO - START: /usr/bin/llama-server -m /fake/model.gguf -ngl 22 --flash-attn on --host 0.0.0.0 --port 8085 --tools all --parallel 1 --ctx-size 8192 --batch-size 2048 --mlock --main-gpu 0 --split-mode layer --tensor-split 1.0000 --api-key sk-test --mmproj-auto --jinja --reasoning on --chat-template-kwargs {"enable_thinking":true} (CUDA_VISIBLE_DEVICES=0, ctx_per_slot=8192, server_ctx=8192, batch_size=2048, thinking_enabled=True, mtp_enabled=False, mtp_draft_tokens=3, mtp_applied=False, gpu_pct=70.0, cpu_pct=30.0, n_gpu_layers=22, n_cpu_layers=10)
2026-06-09 01:17:46,835 - ERROR - GPU metrics error: not enough values to unpack (expected 2, got 0)
2026-06-09 01:17:46,956 - INFO - START: /usr/bin/llama-server -m /fake/model.gguf -ngl 999 --flash-attn on --host 0.0.0.0 --port 8085 --tools all --parallel 1 --ctx-size 8192 --batch-size 2048 --mlock --main-gpu 0 --split-mode layer --tensor-split 1.0000 --api-key sk-test --mmproj-auto --jinja --reasoning on --chat-template-kwargs {"enable_thinking":true} (CUDA_VISIBLE_DEVICES=0, ctx_per_slot=8192, server_ctx=8192, batch_size=2048, thinking_enabled=True, mtp_enabled=False, mtp_draft_tokens=3, mtp_applied=False, gpu_pct=70.0, cpu_pct=0.0, n_gpu_layers=999, n_cpu_layers=0)
2026-06-09 01:17:46,988 - INFO - START: /usr/bin/llama-server -m /fake/model.gguf -ngl 70 --flash-attn on --host 0.0.0.0 --port 8085 --tools all --parallel 1 --ctx-size 8192 --batch-size 2048 --mlock --main-gpu 0 --split-mode layer --tensor-split 0.7143,0.2857 --api-key sk-test --mmproj-auto --jinja --reasoning on --chat-template-kwargs {"enable_thinking":true} (CUDA_VISIBLE_DEVICES=0,1, ctx_per_slot=8192, server_ctx=8192, batch_size=2048, thinking_enabled=True, mtp_enabled=False, mtp_draft_tokens=3, mtp_applied=False, gpu_pct=70.0, cpu_pct=30.0, n_gpu_layers=70, n_cpu_layers=30)
2026-06-09 01:17:47,017 - INFO - START: /usr/bin/llama-server -m /fake/model.gguf -ngl 999 --flash-attn on --host 0.0.0.0 --port 8085 --tools all --parallel 1 --ctx-size 8192 --batch-size 2048 --mlock --main-gpu 1 --split-mode layer --tensor-split 0.6000,0.4000 --api-key sk-test --mmproj-auto --jinja --reasoning on --chat-template-kwargs {"enable_thinking":true} (CUDA_VISIBLE_DEVICES=0,1, ctx_per_slot=8192, server_ctx=8192, batch_size=2048, thinking_enabled=True, mtp_enabled=False, mtp_draft_tokens=3, mtp_applied=False, gpu_pct=100.0, cpu_pct=0, n_gpu_layers=999, n_cpu_layers=0)
2026-06-09 01:17:47,046 - INFO - === Auto-balance ANALYTIC START ===
  model=test.gguf path=/models/test.gguf
  context_size=4096 parallel_slots=1
  weights_mb=20000 (19.53 GB)  kv_cache_mb=0  total_mb=20000 (19.53 GB)
  active_gpus=2 | total_vram=40000 MB (39.06 GB)
  gpu_vram={0: 24000, 1: 16000}
  gpu_names={0: GPU0, 1: GPU1}
  main_index=0
  priority_order=[0, 1]
  cpu_enabled=True
  pins_count=0
2026-06-09 01:17:47,077 - INFO - === Auto-balance ANALYTIC START ===
  model=test.gguf path=/models/test.gguf
  context_size=4096 parallel_slots=1
  weights_mb=20000 (19.53 GB)  kv_cache_mb=0  total_mb=20000 (19.53 GB)
  active_gpus=2 | total_vram=40000 MB (39.06 GB)
  gpu_vram={0: 24000, 1: 16000}
  gpu_names={0: GPU0, 1: GPU1}
  main_index=0
  priority_order=[0, 1]
  cpu_enabled=True
  pins_count=0
2026-06-09 01:17:47,094 - INFO - === Auto-balance: LoadDistributor resultado ===
  is_feasible=True
  gpu_weights={0: 100, 1: 0}
  cpu_weight=0
  total_gpu_pct=100
2026-06-09 01:17:47,124 - INFO - === Auto-balance: LoadDistributor resultado ===
  is_feasible=True
  gpu_weights={0: 100, 1: 0}
  cpu_weight=0
  total_gpu_pct=100
2026-06-09 01:17:47,141 - INFO - === Auto-balance: peso final ===
  weight_label=GPU0=100%
  weight_map={0: 100%, 1: 0%}
  cpu_weight=0
  pins_applied=0 (auto-balance limpa pins)
  budget_ok=True
2026-06-09 01:17:47,179 - INFO - === Auto-balance: peso final ===
  weight_label=GPU0=100%
  weight_map={0: 100%, 1: 0%}
  cpu_weight=0
  pins_applied=0 (auto-balance limpa pins)
  budget_ok=True
2026-06-09 01:17:47,196 - INFO - === HARDWARE SNAPSHOT BEFORE LOAD ===
  gpu_count=0
  ram_used_mb=22004 ram_total_mb=32510 ram_pct=67.7%
  cpu_pct=1.0% cpu_name=<MagicMock name='mock.get_metrics().get()' id='1709542690384'>
  gpus=[]
2026-06-09 01:17:47,230 - INFO - === HARDWARE SNAPSHOT BEFORE LOAD ===
  gpu_count=0
  ram_used_mb=22004 ram_total_mb=32510 ram_pct=67.7%
  cpu_pct=1.0% cpu_name=<MagicMock name='mock.get_metrics().get()' id='1709542690384'>
  gpus=[]
2026-06-09 01:17:50,250 - INFO - === HARDWARE SNAPSHOT AFTER LOAD ===
  gpu_count=0
  ram_used_mb=21980 ram_total_mb=32510 ram_pct=67.6%
  cpu_pct=1.0% cpu_name=<MagicMock name='mock.get_metrics().get()' id='1709542690384'>
  gpus=[]
2026-06-09 01:17:50,281 - INFO - === HARDWARE SNAPSHOT AFTER LOAD ===
  gpu_count=0
  ram_used_mb=21980 ram_total_mb=32510 ram_pct=67.6%
  cpu_pct=1.0% cpu_name=<MagicMock name='mock.get_metrics().get()' id='1709542690384'>
  gpus=[]
2026-06-09 01:17:50,304 - INFO - === Auto-balance ANALYTIC START ===
  model=test.gguf path=/models/test.gguf
  context_size=4096 parallel_slots=1
  weights_mb=20000 (19.53 GB)  kv_cache_mb=0  total_mb=20000 (19.53 GB)
  active_gpus=1 | total_vram=24000 MB (23.44 GB)
  gpu_vram={0: 24000}
  gpu_names={0: GPU0}
  main_index=0
  priority_order=[0]
  cpu_enabled=True
  pins_count=1
2026-06-09 01:17:50,333 - INFO - === Auto-balance ANALYTIC START ===
  model=test.gguf path=/models/test.gguf
  context_size=4096 parallel_slots=1
  weights_mb=20000 (19.53 GB)  kv_cache_mb=0  total_mb=20000 (19.53 GB)
  active_gpus=1 | total_vram=24000 MB (23.44 GB)
  gpu_vram={0: 24000}
  gpu_names={0: GPU0}
  main_index=0
  priority_order=[0]
  cpu_enabled=True
  pins_count=1
2026-06-09 01:17:50,348 - INFO - === Auto-balance: LoadDistributor resultado ===
  is_feasible=True
  gpu_weights={0: 100}
  cpu_weight=0
  total_gpu_pct=100
2026-06-09 01:17:50,377 - INFO - === Auto-balance: LoadDistributor resultado ===
  is_feasible=True
  gpu_weights={0: 100}
  cpu_weight=0
  total_gpu_pct=100
2026-06-09 01:17:50,394 - INFO - === Auto-balance: peso final ===
  weight_label=GPU0=100%
  weight_map={0: 100%}
  cpu_weight=0
  pins_applied=0 (auto-balance limpa pins)
  budget_ok=True
2026-06-09 01:17:50,424 - INFO - === Auto-balance: peso final ===
  weight_label=GPU0=100%
  weight_map={0: 100%}
  cpu_weight=0
  pins_applied=0 (auto-balance limpa pins)
  budget_ok=True
2026-06-09 01:17:50,445 - INFO - === HARDWARE SNAPSHOT BEFORE LOAD ===
  gpu_count=0
  ram_used_mb=21981 ram_total_mb=32510 ram_pct=67.6%
  cpu_pct=1.0% cpu_name=<MagicMock name='mock.get_metrics().get()' id='1709542177104'>
  gpus=[]
2026-06-09 01:17:50,475 - INFO - === HARDWARE SNAPSHOT BEFORE LOAD ===
  gpu_count=0
  ram_used_mb=21981 ram_total_mb=32510 ram_pct=67.6%
  cpu_pct=1.0% cpu_name=<MagicMock name='mock.get_metrics().get()' id='1709542177104'>
  gpus=[]
2026-06-09 01:17:53,494 - INFO - === HARDWARE SNAPSHOT AFTER LOAD ===
  gpu_count=0
  ram_used_mb=22011 ram_total_mb=32510 ram_pct=67.7%
  cpu_pct=1.0% cpu_name=<MagicMock name='mock.get_metrics().get()' id='1709542177104'>
  gpus=[]
2026-06-09 01:17:53,557 - INFO - === HARDWARE SNAPSHOT AFTER LOAD ===
  gpu_count=0
  ram_used_mb=22011 ram_total_mb=32510 ram_pct=67.7%
  cpu_pct=1.0% cpu_name=<MagicMock name='mock.get_metrics().get()' id='1709542177104'>
  gpus=[]
2026-06-09 01:17:53,730 - INFO - === Auto-balance ANALYTIC START ===
  model=test.gguf path=/models/test.gguf
  context_size=4096 parallel_slots=1
  weights_mb=30000 (29.30 GB)  kv_cache_mb=0  total_mb=30000 (29.30 GB)
  active_gpus=2 | total_vram=40000 MB (39.06 GB)
  gpu_vram={0: 24000, 1: 16000}
  gpu_names={0: GPU0, 1: GPU1}
  main_index=0
  priority_order=[0, 1]
  cpu_enabled=True
  pins_count=0
2026-06-09 01:17:53,750 - INFO - === Auto-balance ANALYTIC START ===
  model=test.gguf path=/models/test.gguf
  context_size=4096 parallel_slots=1
  weights_mb=30000 (29.30 GB)  kv_cache_mb=0  total_mb=30000 (29.30 GB)
  active_gpus=2 | total_vram=40000 MB (39.06 GB)
  gpu_vram={0: 24000, 1: 16000}
  gpu_names={0: GPU0, 1: GPU1}
  main_index=0
  priority_order=[0, 1]
  cpu_enabled=True
  pins_count=0
2026-06-09 01:17:53,773 - INFO - === Auto-balance: LoadDistributor resultado ===
  is_feasible=True
  gpu_weights={0: 78, 1: 22}
  cpu_weight=0
  total_gpu_pct=100
2026-06-09 01:17:53,814 - INFO - === Auto-balance: LoadDistributor resultado ===
  is_feasible=True
  gpu_weights={0: 78, 1: 22}
  cpu_weight=0
  total_gpu_pct=100
2026-06-09 01:17:53,856 - INFO - === Auto-balance: peso final ===
  weight_label=GPU0=78%, GPU1=22%
  weight_map={0: 78%, 1: 22%}
  cpu_weight=0
  pins_applied=0 (auto-balance limpa pins)
  budget_ok=True
2026-06-09 01:17:53,899 - INFO - === Auto-balance: peso final ===
  weight_label=GPU0=78%, GPU1=22%
  weight_map={0: 78%, 1: 22%}
  cpu_weight=0
  pins_applied=0 (auto-balance limpa pins)
  budget_ok=True
2026-06-09 01:17:53,923 - INFO - === HARDWARE SNAPSHOT BEFORE LOAD ===
  gpu_count=0
  ram_used_mb=22185 ram_total_mb=32510 ram_pct=68.2%
  cpu_pct=1.0% cpu_name=<MagicMock name='mock.get_metrics().get()' id='1709541514384'>
  gpus=[]
2026-06-09 01:17:53,967 - INFO - === HARDWARE SNAPSHOT BEFORE LOAD ===
  gpu_count=0
  ram_used_mb=22185 ram_total_mb=32510 ram_pct=68.2%
  cpu_pct=1.0% cpu_name=<MagicMock name='mock.get_metrics().get()' id='1709541514384'>
  gpus=[]
2026-06-09 01:17:56,990 - INFO - === HARDWARE SNAPSHOT AFTER LOAD ===
  gpu_count=0
  ram_used_mb=22271 ram_total_mb=32510 ram_pct=68.5%
  cpu_pct=1.0% cpu_name=<MagicMock name='mock.get_metrics().get()' id='1709541514384'>
  gpus=[]
2026-06-09 01:17:57,010 - INFO - === HARDWARE SNAPSHOT AFTER LOAD ===
  gpu_count=0
  ram_used_mb=22271 ram_total_mb=32510 ram_pct=68.5%
  cpu_pct=1.0% cpu_name=<MagicMock name='mock.get_metrics().get()' id='1709541514384'>
  gpus=[]
2026-06-09 01:17:57,070 - INFO - === Auto-balance ANALYTIC START ===
  model=test.gguf path=/models/test.gguf
  context_size=4096 parallel_slots=1
  weights_mb=70000 (68.36 GB)  kv_cache_mb=0  total_mb=70000 (68.36 GB)
  active_gpus=2 | total_vram=40000 MB (39.06 GB)
  gpu_vram={0: 24000, 1: 16000}
  gpu_names={0: GPU0, 1: GPU1}
  main_index=0
  priority_order=[0, 1]
  cpu_enabled=True
  pins_count=0
2026-06-09 01:17:57,090 - INFO - === Auto-balance ANALYTIC START ===
  model=test.gguf path=/models/test.gguf
  context_size=4096 parallel_slots=1
  weights_mb=70000 (68.36 GB)  kv_cache_mb=0  total_mb=70000 (68.36 GB)
  active_gpus=2 | total_vram=40000 MB (39.06 GB)
  gpu_vram={0: 24000, 1: 16000}
  gpu_names={0: GPU0, 1: GPU1}
  main_index=0
  priority_order=[0, 1]
  cpu_enabled=True
  pins_count=0
2026-06-09 01:17:57,101 - INFO - === Auto-balance: LoadDistributor resultado ===
  is_feasible=True
  gpu_weights={0: 34, 1: 22}
  cpu_weight=44
  total_gpu_pct=56
2026-06-09 01:17:57,134 - INFO - === Auto-balance: LoadDistributor resultado ===
  is_feasible=True
  gpu_weights={0: 34, 1: 22}
  cpu_weight=44
  total_gpu_pct=56
2026-06-09 01:17:57,161 - INFO - === Auto-balance: peso final ===
  weight_label=GPU0=34%, GPU1=22%, CPU=44%
  weight_map={0: 34%, 1: 22%}
  cpu_weight=44
  pins_applied=0 (auto-balance limpa pins)
  budget_ok=True
2026-06-09 01:17:57,180 - INFO - === Auto-balance: peso final ===
  weight_label=GPU0=34%, GPU1=22%, CPU=44%
  weight_map={0: 34%, 1: 22%}
  cpu_weight=44
  pins_applied=0 (auto-balance limpa pins)
  budget_ok=True
2026-06-09 01:17:57,199 - INFO - === HARDWARE SNAPSHOT BEFORE LOAD ===
  gpu_count=0
  ram_used_mb=22276 ram_total_mb=32510 ram_pct=68.5%
  cpu_pct=1.0% cpu_name=<MagicMock name='mock.get_metrics().get()' id='1709541862864'>
  gpus=[]
2026-06-09 01:17:57,224 - INFO - === HARDWARE SNAPSHOT BEFORE LOAD ===
  gpu_count=0
  ram_used_mb=22276 ram_total_mb=32510 ram_pct=68.5%
  cpu_pct=1.0% cpu_name=<MagicMock name='mock.get_metrics().get()' id='1709541862864'>
  gpus=[]
2026-06-09 01:18:00,245 - INFO - === HARDWARE SNAPSHOT AFTER LOAD ===
  gpu_count=0
  ram_used_mb=22313 ram_total_mb=32510 ram_pct=68.6%
  cpu_pct=1.0% cpu_name=<MagicMock name='mock.get_metrics().get()' id='1709541862864'>
  gpus=[]
2026-06-09 01:18:00,285 - INFO - === HARDWARE SNAPSHOT AFTER LOAD ===
  gpu_count=0
  ram_used_mb=22313 ram_total_mb=32510 ram_pct=68.6%
  cpu_pct=1.0% cpu_name=<MagicMock name='mock.get_metrics().get()' id='1709541862864'>
  gpus=[]
2026-06-09 01:18:00,360 - INFO - === Auto-balance ANALYTIC START ===
  model=test.gguf path=/models/test.gguf
  context_size=4096 parallel_slots=1
  weights_mb=70000 (68.36 GB)  kv_cache_mb=0  total_mb=70000 (68.36 GB)
  active_gpus=2 | total_vram=40000 MB (39.06 GB)
  gpu_vram={0: 24000, 1: 16000}
  gpu_names={0: GPU0, 1: GPU1}
  main_index=0
  priority_order=[0, 1]
  cpu_enabled=False
  pins_count=0
2026-06-09 01:18:00,394 - INFO - === Auto-balance ANALYTIC START ===
  model=test.gguf path=/models/test.gguf
  context_size=4096 parallel_slots=1
  weights_mb=70000 (68.36 GB)  kv_cache_mb=0  total_mb=70000 (68.36 GB)
  active_gpus=2 | total_vram=40000 MB (39.06 GB)
  gpu_vram={0: 24000, 1: 16000}
  gpu_names={0: GPU0, 1: GPU1}
  main_index=0
  priority_order=[0, 1]
  cpu_enabled=False
  pins_count=0
2026-06-09 01:18:00,421 - INFO - === Auto-balance: LoadDistributor resultado ===
  is_feasible=False
  gpu_weights={0: 60, 1: 40}
  cpu_weight=0
  total_gpu_pct=100
2026-06-09 01:18:00,446 - INFO - === Auto-balance: LoadDistributor resultado ===
  is_feasible=False
  gpu_weights={0: 60, 1: 40}
  cpu_weight=0
  total_gpu_pct=100
2026-06-09 01:18:00,461 - INFO - === HARDWARE CAPACITY FAILURE ===
  reason=no_feasible_split
  model=test.gguf path=/models/test.gguf
  estimated_model_mb=?
  total_vram_mb=40000 total_vram_gb=39.06
  active_gpus=[0, 1]
  gpu_details=[{'index': 0, 'name': 'GPU0', 'vram_mb': 24000}, {'index': 1, 'name': 'GPU1', 'vram_mb': 16000}]
  context_size=4096 parallel_slots=1
  message=Não foi possível carregar "test.gguf" em nenhuma divisão testada entre as GPUs selecionadas. O modelo excede a capacidade do hardware atual (~39.1 GB de VRAM em 2 GPU(s)) com contexto 4096 e 1 slot(s).
2026-06-09 01:18:00,486 - INFO - === HARDWARE CAPACITY FAILURE ===
  reason=no_feasible_split
  model=test.gguf path=/models/test.gguf
  estimated_model_mb=?
  total_vram_mb=40000 total_vram_gb=39.06
  active_gpus=[0, 1]
  gpu_details=[{'index': 0, 'name': 'GPU0', 'vram_mb': 24000}, {'index': 1, 'name': 'GPU1', 'vram_mb': 16000}]
  context_size=4096 parallel_slots=1
  message=Não foi possível carregar "test.gguf" em nenhuma divisão testada entre as GPUs selecionadas. O modelo excede a capacidade do hardware atual (~39.1 GB de VRAM em 2 GPU(s)) com contexto 4096 e 1 slot(s).
2026-06-09 01:18:00,639 - INFO - START: /usr/bin/llama-server -m /fake/model.gguf -ngl 22 --flash-attn on --host 0.0.0.0 --port 8085 --tools all --parallel 1 --ctx-size 8192 --batch-size 2048 --mlock --main-gpu 0 --split-mode layer --tensor-split 1.0 --api-key sk-test --mmproj-auto --jinja --reasoning on --chat-template-kwargs {"enable_thinking":true} (CUDA_VISIBLE_DEVICES=0, ctx_per_slot=8192, server_ctx=8192, batch_size=2048, thinking_enabled=True, mtp_enabled=False, mtp_draft_tokens=3, mtp_applied=False, gpu_pct=70.0, cpu_pct=30.0, n_gpu_layers=22, n_cpu_layers=10)
2026-06-09 01:18:00,670 - INFO - START: /usr/bin/llama-server -m /fake/model.gguf -ngl 6 --flash-attn on --host 0.0.0.0 --port 8085 --tools all --parallel 1 --ctx-size 8192 --batch-size 2048 --mlock --main-gpu 0 --split-mode layer --tensor-split 1.0 --api-key sk-test --mmproj-auto --jinja --reasoning on --chat-template-kwargs {"enable_thinking":true} (CUDA_VISIBLE_DEVICES=0, ctx_per_slot=8192, server_ctx=8192, batch_size=2048, thinking_enabled=True, mtp_enabled=False, mtp_draft_tokens=3, mtp_applied=False, gpu_pct=20.0, cpu_pct=80.0, n_gpu_layers=6, n_cpu_layers=26)
2026-06-09 01:18:00,740 - INFO - START: /usr/bin/llama-server -m /fake/model.gguf -ngl 999 --flash-attn on --host 0.0.0.0 --port 8085 --tools all --parallel 1 --ctx-size 8192 --batch-size 2048 --mlock --main-gpu 0 --split-mode layer --tensor-split 1.0 --api-key sk-test --mmproj-auto --jinja --reasoning on --chat-template-kwargs {"enable_thinking":true} (CUDA_VISIBLE_DEVICES=0, ctx_per_slot=8192, server_ctx=8192, batch_size=2048, thinking_enabled=True, mtp_enabled=False, mtp_draft_tokens=3, mtp_applied=False, gpu_pct=100.0, cpu_pct=0, n_gpu_layers=999, n_cpu_layers=0)
2026-06-09 01:18:00,864 - INFO - START: /usr/bin/llama-server -m /fake/model.gguf -ngl 22 --flash-attn on --host 0.0.0.0 --port 8085 --tools all --parallel 1 --ctx-size 8192 --batch-size 2048 --mlock --main-gpu 0 --split-mode layer --tensor-split 1.0 --api-key sk-test --mmproj-auto --jinja --reasoning on --chat-template-kwargs {"enable_thinking":true} (CUDA_VISIBLE_DEVICES=0, ctx_per_slot=8192, server_ctx=8192, batch_size=2048, thinking_enabled=True, mtp_enabled=False, mtp_draft_tokens=3, mtp_applied=False, gpu_pct=70.0, cpu_pct=30.0, n_gpu_layers=22, n_cpu_layers=10)
2026-06-09 01:18:01,754 - ERROR - GPU detection error: Command 'nvidia-smi' returned non-zero exit status 1.
2026-06-09 01:18:01,812 - ERROR - GPU metrics error: Command 'nvidia-smi' returned non-zero exit status 1.
2026-06-09 01:18:01,857 - ERROR - System metrics error: ram metrics unavailable
2026-06-09 01:18:01,910 - ERROR - GPU metrics error: Command 'nvidia-smi' returned non-zero exit status 1.
2026-06-09 01:18:03,981 - ERROR - GPU metrics error: Command 'nvidia-smi' returned non-zero exit status 1.
2026-06-09 01:18:04,056 - ERROR - System metrics error: ram down
2026-06-09 01:18:04,197 - ERROR - GPU metrics error: Command 'nvidia-smi' returned non-zero exit status 1.
2026-06-09 01:18:05,134 - INFO - MTP requested but model has no MTP head, skipping flags
2026-06-09 01:18:05,349 - WARNING - llama-server nao encontrado automaticamente; configure LLAMA_SERVER_BIN ou paths.json (llama_server_bin)
2026-06-09 01:18:05,402 - WARNING - Could not detect MTP for /fake/model.gguf: boom
1969-12-31 21:16:40,000 - WARNING - OOM detected! Consecutive: 1
1969-12-31 21:16:45,000 - WARNING - OOM detected! Consecutive: 2
1969-12-31 21:16:40,000 - WARNING - OOM detected! Consecutive: 1
1969-12-31 21:17:11,000 - WARNING - OOM detected! Consecutive: 1
1969-12-31 21:16:40,000 - WARNING - OOM detected! Consecutive: 1
1969-12-31 21:16:45,000 - WARNING - OOM detected! Consecutive: 3
2026-06-09 01:18:05,815 - WARNING - Could not detect model layers for /fake/model.gguf: not found
2026-06-09 01:18:05,874 - INFO - START: /usr/bin/llama-server -m /fake/model.gguf -ngl 999 --flash-attn on --host 0.0.0.0 --port 8085 --tools all --parallel 1 --ctx-size 8192 --batch-size 2048 --mlock --main-gpu 0 --split-mode layer --tensor-split 1.0 --api-key test-token --mmproj-auto --jinja --reasoning on --chat-template-kwargs {"enable_thinking":true} (CUDA_VISIBLE_DEVICES=0, ctx_per_slot=8192, server_ctx=8192, batch_size=2048, thinking_enabled=True, mtp_enabled=False, mtp_draft_tokens=3, mtp_applied=False, gpu_pct=100.0, cpu_pct=0, n_gpu_layers=999, n_cpu_layers=0)
2026-06-09 01:18:05,917 - INFO - START: /usr/bin/llama-server -m /fake/model.gguf -ngl 22 --flash-attn on --host 0.0.0.0 --port 8085 --tools all --parallel 1 --ctx-size 8192 --batch-size 2048 --mlock --main-gpu 0 --split-mode layer --tensor-split 1.0 --api-key test-token --mmproj-auto --jinja --reasoning on --chat-template-kwargs {"enable_thinking":true} (CUDA_VISIBLE_DEVICES=0, ctx_per_slot=8192, server_ctx=8192, batch_size=2048, thinking_enabled=True, mtp_enabled=False, mtp_draft_tokens=3, mtp_applied=False, gpu_pct=70.0, cpu_pct=30.0, n_gpu_layers=22, n_cpu_layers=10)
2026-06-09 01:18:05,951 - INFO - START: /usr/bin/llama-server -m /fake/model.gguf -ngl 0 --flash-attn on --host 0.0.0.0 --port 8085 --tools all --parallel 1 --ctx-size 8192 --batch-size 2048 --mlock --main-gpu 0 --split-mode layer --tensor-split 1.0 --api-key test-token --mmproj-auto --jinja --reasoning on --chat-template-kwargs {"enable_thinking":true} (CUDA_VISIBLE_DEVICES=0, ctx_per_slot=8192, server_ctx=8192, batch_size=2048, thinking_enabled=True, mtp_enabled=False, mtp_draft_tokens=3, mtp_applied=False, gpu_pct=0, cpu_pct=0, n_gpu_layers=0, n_cpu_layers=32)
2026-06-09 01:18:05,982 - INFO - START: /usr/bin/llama-server -m /fake/model.gguf -ngl 999 --flash-attn on --host 0.0.0.0 --port 8085 --tools all --parallel 1 --ctx-size 8192 --batch-size 2048 --mlock --main-gpu 0 --split-mode layer --tensor-split 1.0 --api-key test-token --mmproj-auto --jinja --reasoning on --chat-template-kwargs {"enable_thinking":true} (CUDA_VISIBLE_DEVICES=0, ctx_per_slot=8192, server_ctx=8192, batch_size=2048, thinking_enabled=True, mtp_enabled=False, mtp_draft_tokens=3, mtp_applied=False, gpu_pct=100.0, cpu_pct=0, n_gpu_layers=999, n_cpu_layers=0)
2026-06-09 01:18:06,020 - INFO - START: /usr/bin/llama-server -m /fake/model.gguf -ngl 999 --flash-attn on --host 0.0.0.0 --port 8085 --tools all --parallel 1 --ctx-size 8192 --batch-size 2048 --mlock --main-gpu 0 --split-mode layer --tensor-split 1.0 --api-key test-token --mmproj-auto --jinja --reasoning on --chat-template-kwargs {"enable_thinking":true} (CUDA_VISIBLE_DEVICES=0, ctx_per_slot=8192, server_ctx=8192, batch_size=2048, thinking_enabled=True, mtp_enabled=False, mtp_draft_tokens=3, mtp_applied=False, gpu_pct=100.0, cpu_pct=0, n_gpu_layers=999, n_cpu_layers=0)
2026-06-09 01:18:06,069 - INFO - START: /usr/bin/llama-server -m /fake/model.gguf -ngl 56 --flash-attn on --host 0.0.0.0 --port 8085 --tools all --parallel 1 --ctx-size 8192 --batch-size 2048 --mlock --main-gpu 0 --split-mode layer --tensor-split 1.0 --api-key test-token --mmproj-auto --jinja --reasoning on --chat-template-kwargs {"enable_thinking":true} (CUDA_VISIBLE_DEVICES=0, ctx_per_slot=8192, server_ctx=8192, batch_size=2048, thinking_enabled=True, mtp_enabled=False, mtp_draft_tokens=3, mtp_applied=False, gpu_pct=70.0, cpu_pct=30.0, n_gpu_layers=56, n_cpu_layers=24)
2026-06-09 01:18:06,111 - INFO - START: /usr/bin/llama-server -m /fake/model.gguf -ngl 999 --flash-attn on --host 0.0.0.0 --port 8085 --tools all --parallel 1 --ctx-size 8192 --batch-size 2048 --mlock --main-gpu 0 --split-mode layer --tensor-split 1.0 --api-key test-token --mmproj-auto --jinja --reasoning on --chat-template-kwargs {"enable_thinking":true} (CUDA_VISIBLE_DEVICES=0, ctx_per_slot=8192, server_ctx=8192, batch_size=2048, thinking_enabled=True, mtp_enabled=False, mtp_draft_tokens=3, mtp_applied=False, gpu_pct=200.0, cpu_pct=0, n_gpu_layers=999, n_cpu_layers=0)
2026-06-09 01:18:06,142 - INFO - START: /usr/bin/llama-server -m /fake/model.gguf -ngl 999 --flash-attn on --host 0.0.0.0 --port 8085 --tools all --parallel 1 --ctx-size 8192 --batch-size 2048 --mlock --main-gpu 0 --split-mode layer --tensor-split 1.0 --api-key test-token --mmproj-auto --jinja --reasoning on --chat-template-kwargs {"enable_thinking":true} (CUDA_VISIBLE_DEVICES=0, ctx_per_slot=8192, server_ctx=8192, batch_size=2048, thinking_enabled=True, mtp_enabled=False, mtp_draft_tokens=3, mtp_applied=False, gpu_pct=100.0, cpu_pct=0, n_gpu_layers=999, n_cpu_layers=0)
2026-06-09 01:18:06,176 - INFO - START: /usr/bin/llama-server -m /fake/model.gguf -ngl 0 --flash-attn on --host 0.0.0.0 --port 8085 --tools all --parallel 1 --ctx-size 8192 --batch-size 2048 --mlock --main-gpu 0 --split-mode layer --tensor-split 1.0 --api-key test-token --mmproj-auto --jinja --reasoning on --chat-template-kwargs {"enable_thinking":true} (CUDA_VISIBLE_DEVICES=0, ctx_per_slot=8192, server_ctx=8192, batch_size=2048, thinking_enabled=True, mtp_enabled=False, mtp_draft_tokens=3, mtp_applied=False, gpu_pct=0, cpu_pct=0, n_gpu_layers=0, n_cpu_layers=32)
2026-06-09 01:18:06,477 - INFO - Verificacao de versao iniciada em /tmp/automanager-test
2026-06-09 01:18:06,493 - WARNING - Diretorio nao e um repositorio git: /tmp/automanager-test
2026-06-09 01:18:06,517 - INFO - Verificacao de versao iniciada em /tmp/automanager-test
2026-06-09 01:18:06,530 - INFO - Versao atualizada (branch=main, ref=aaa1111)
2026-06-09 01:18:06,552 - INFO - Verificacao de versao iniciada em /tmp/automanager-test
2026-06-09 01:18:06,578 - INFO - Atualizacao disponivel (branch=main, ahead=2, aaa1111 -> ddd4444)
2026-06-09 01:18:06,606 - INFO - Verificacao de versao iniciada em /tmp/automanager-test
2026-06-09 01:18:06,620 - WARNING - git fetch falhou (branch=main): fatal: could not read from remote
2026-06-09 01:18:06,641 - INFO - Verificacao de versao iniciada em /tmp/automanager-test
2026-06-09 01:18:06,653 - WARNING - git fetch expirou apos 30s (branch=main)
2026-06-09 01:18:06,677 - INFO - Verificacao de versao iniciada em /tmp/automanager-test
2026-06-09 01:18:06,687 - INFO - Versao atualizada (branch=feature/foo, ref=1111111)
2026-06-09 01:18:06,711 - INFO - Verificacao de versao iniciada em /tmp/automanager-test
2026-06-09 01:18:06,723 - INFO - Atualizacao disponivel (branch=main, ahead=12, local00 -> remote0)
2026-06-09 01:21:09,156 - INFO - models_dir atualizado para C:\Users\s293\AppData\Local\Temp\pytest-of-s293\pytest-232\test_set_models_dir_updates_sc0\new-models
2026-06-09 01:21:09,241 - WARNING - llama-server nao encontrado automaticamente; configure LLAMA_SERVER_BIN ou paths.json (llama_server_bin)
2026-06-09 01:21:09,289 - WARNING - Could not detect model layers for /media/docker/models/model.gguf: Command '"llama-server.exe" --model-info "/media/docker/models/model.gguf" 2>&1' returned non-zero exit status 1.
2026-06-09 01:21:09,343 - WARNING - Could not detect model layers for /media/docker/models/model.gguf: Command '"llama-server.exe" --model-info "/media/docker/models/model.gguf" 2>&1' returned non-zero exit status 1.
2026-06-09 01:21:09,722 - INFO - estimate_model_vram_mb [DISK] model=C:\Users\s293\AppData\Local\Temp\pytest-of-s293\pytest-232\test_estimate_model_vram_uses_0\qwen-49b.gguf disk_mb=100 runtime_overhead_mb=256 weights_mb=356 kv_cache_mb=6553.6 total_mb=6909
2026-06-09 01:21:09,754 - INFO - estimate_model_vram_mb [DISK] model=C:\Users\s293\AppData\Local\Temp\pytest-of-s293\pytest-232\test_estimate_model_vram_uses_0\qwen-49b.gguf disk_mb=100 runtime_overhead_mb=256 weights_mb=356 kv_cache_mb=6553.6 total_mb=6909
2026-06-09 01:21:09,783 - INFO - === HARDWARE CAPACITY FAILURE ===
  reason=no_feasible_split
  model=huge-model.gguf path=/models/huge-model.gguf
  estimated_model_mb=?
  total_vram_mb=24576 total_vram_gb=24.00
  active_gpus=[0]
  gpu_details=[{'index': 0, 'name': 'RTX 3090', 'vram_mb': 24576}]
  context_size=32768 parallel_slots=2
  message=Não foi possível carregar "huge-model.gguf" em nenhuma divisão testada entre as GPUs selecionadas. O modelo excede a capacidade do hardware atual (~24.0 GB de VRAM em 1 GPU(s)) com contexto 32768 e 2 slot(s).
2026-06-09 01:21:09,818 - INFO - === HARDWARE CAPACITY FAILURE ===
  reason=no_feasible_split
  model=huge-model.gguf path=/models/huge-model.gguf
  estimated_model_mb=?
  total_vram_mb=24576 total_vram_gb=24.00
  active_gpus=[0]
  gpu_details=[{'index': 0, 'name': 'RTX 3090', 'vram_mb': 24576}]
  context_size=32768 parallel_slots=2
  message=Não foi possível carregar "huge-model.gguf" em nenhuma divisão testada entre as GPUs selecionadas. O modelo excede a capacidade do hardware atual (~24.0 GB de VRAM em 1 GPU(s)) com contexto 32768 e 2 slot(s).
2026-06-09 01:21:09,835 - WARNING - OOM detected! Consecutive: 1
2026-06-09 01:21:09,912 - INFO - Auto-balance probe #1: weight_map={0: 100%} -> synced={0: 100%} | cpu_weight=10 -> probe_cpu=0 | active_weights=[gpu[0]=100.0%, cpu[-1]=0.0%]
2026-06-09 01:21:09,929 - INFO - Auto-balance probe #1: result=ready (cpu_weight=0, synced_map={0: 100%})
2026-06-09 01:21:10,023 - INFO - Session expired due to inactivity
2026-06-09 01:21:10,157 - INFO - START: /usr/bin/llama-server -m /fake/model.gguf -ngl 999 --flash-attn on --host 0.0.0.0 --port 8085 --tools all --parallel 1 --ctx-size 8192 --batch-size 2048 --mlock --main-gpu 0 --split-mode layer --tensor-split 1.0000 --api-key sk-test --mmproj-auto --jinja --reasoning on --chat-template-kwargs {"enable_thinking":true} (CUDA_VISIBLE_DEVICES=0, ctx_per_slot=8192, server_ctx=8192, batch_size=2048, thinking_enabled=True, mtp_enabled=False, mtp_draft_tokens=3, mtp_applied=False, gpu_pct=100.0, cpu_pct=0, n_gpu_layers=999, n_cpu_layers=0)
2026-06-09 01:21:10,178 - INFO - START: /usr/bin/llama-server -m /fake/model.gguf -ngl 999 --flash-attn on --host 0.0.0.0 --port 8085 --tools all --parallel 1 --ctx-size 8192 --batch-size 2048 --mlock --main-gpu 0 --split-mode layer --tensor-split 0.5000,0.5000 --api-key sk-test --mmproj-auto --jinja --reasoning on --chat-template-kwargs {"enable_thinking":true} (CUDA_VISIBLE_DEVICES=0,1, ctx_per_slot=8192, server_ctx=8192, batch_size=2048, thinking_enabled=True, mtp_enabled=False, mtp_draft_tokens=3, mtp_applied=False, gpu_pct=100.0, cpu_pct=0, n_gpu_layers=999, n_cpu_layers=0)
2026-06-09 01:21:10,197 - INFO - START: /usr/bin/llama-server -m /fake/model.gguf -ngl 999 --flash-attn on --host 0.0.0.0 --port 8085 --tools all --parallel 1 --ctx-size 8192 --batch-size 2048 --mlock --main-gpu 0 --split-mode layer --tensor-split 1.0000 --api-key sk-test --mmproj-auto --jinja --reasoning on --chat-template-kwargs {"enable_thinking":true} (CUDA_VISIBLE_DEVICES=0, ctx_per_slot=8192, server_ctx=8192, batch_size=2048, thinking_enabled=True, mtp_enabled=False, mtp_draft_tokens=3, mtp_applied=False, gpu_pct=100.0, cpu_pct=0, n_gpu_layers=999, n_cpu_layers=0)
2026-06-09 01:21:10,224 - INFO - START: /usr/bin/llama-server -m /fake/model.gguf -ngl 22 --flash-attn on --host 0.0.0.0 --port 8085 --tools all --parallel 1 --ctx-size 8192 --batch-size 2048 --mlock --main-gpu 0 --split-mode layer --tensor-split 1.0000 --api-key sk-test --mmproj-auto --jinja --reasoning on --chat-template-kwargs {"enable_thinking":true} (CUDA_VISIBLE_DEVICES=0, ctx_per_slot=8192, server_ctx=8192, batch_size=2048, thinking_enabled=True, mtp_enabled=False, mtp_draft_tokens=3, mtp_applied=False, gpu_pct=70.0, cpu_pct=30.0, n_gpu_layers=22, n_cpu_layers=10)
2026-06-09 01:21:10,245 - ERROR - GPU metrics error: not enough values to unpack (expected 2, got 0)
2026-06-09 01:21:10,367 - INFO - START: /usr/bin/llama-server -m /fake/model.gguf -ngl 999 --flash-attn on --host 0.0.0.0 --port 8085 --tools all --parallel 1 --ctx-size 8192 --batch-size 2048 --mlock --main-gpu 0 --split-mode layer --tensor-split 1.0000 --api-key sk-test --mmproj-auto --jinja --reasoning on --chat-template-kwargs {"enable_thinking":true} (CUDA_VISIBLE_DEVICES=0, ctx_per_slot=8192, server_ctx=8192, batch_size=2048, thinking_enabled=True, mtp_enabled=False, mtp_draft_tokens=3, mtp_applied=False, gpu_pct=70.0, cpu_pct=0.0, n_gpu_layers=999, n_cpu_layers=0)
2026-06-09 01:21:10,387 - INFO - START: /usr/bin/llama-server -m /fake/model.gguf -ngl 22 --flash-attn on --host 0.0.0.0 --port 8085 --tools all --parallel 1 --ctx-size 8192 --batch-size 2048 --mlock --main-gpu 0 --split-mode layer --tensor-split 1.0000 --api-key sk-test --mmproj-auto --jinja --reasoning on --chat-template-kwargs {"enable_thinking":true} (CUDA_VISIBLE_DEVICES=0, ctx_per_slot=8192, server_ctx=8192, batch_size=2048, thinking_enabled=True, mtp_enabled=False, mtp_draft_tokens=3, mtp_applied=False, gpu_pct=70.0, cpu_pct=30.0, n_gpu_layers=22, n_cpu_layers=10)
2026-06-09 01:21:10,407 - ERROR - GPU metrics error: not enough values to unpack (expected 2, got 0)
2026-06-09 01:21:10,530 - INFO - START: /usr/bin/llama-server -m /fake/model.gguf -ngl 999 --flash-attn on --host 0.0.0.0 --port 8085 --tools all --parallel 1 --ctx-size 8192 --batch-size 2048 --mlock --main-gpu 0 --split-mode layer --tensor-split 1.0000 --api-key sk-test --mmproj-auto --jinja --reasoning on --chat-template-kwargs {"enable_thinking":true} (CUDA_VISIBLE_DEVICES=0, ctx_per_slot=8192, server_ctx=8192, batch_size=2048, thinking_enabled=True, mtp_enabled=False, mtp_draft_tokens=3, mtp_applied=False, gpu_pct=70.0, cpu_pct=0.0, n_gpu_layers=999, n_cpu_layers=0)
2026-06-09 01:21:10,559 - INFO - START: /usr/bin/llama-server -m /fake/model.gguf -ngl 70 --flash-attn on --host 0.0.0.0 --port 8085 --tools all --parallel 1 --ctx-size 8192 --batch-size 2048 --mlock --main-gpu 0 --split-mode layer --tensor-split 0.7143,0.2857 --api-key sk-test --mmproj-auto --jinja --reasoning on --chat-template-kwargs {"enable_thinking":true} (CUDA_VISIBLE_DEVICES=0,1, ctx_per_slot=8192, server_ctx=8192, batch_size=2048, thinking_enabled=True, mtp_enabled=False, mtp_draft_tokens=3, mtp_applied=False, gpu_pct=70.0, cpu_pct=30.0, n_gpu_layers=70, n_cpu_layers=30)
2026-06-09 01:21:10,578 - INFO - START: /usr/bin/llama-server -m /fake/model.gguf -ngl 999 --flash-attn on --host 0.0.0.0 --port 8085 --tools all --parallel 1 --ctx-size 8192 --batch-size 2048 --mlock --main-gpu 1 --split-mode layer --tensor-split 0.6000,0.4000 --api-key sk-test --mmproj-auto --jinja --reasoning on --chat-template-kwargs {"enable_thinking":true} (CUDA_VISIBLE_DEVICES=0,1, ctx_per_slot=8192, server_ctx=8192, batch_size=2048, thinking_enabled=True, mtp_enabled=False, mtp_draft_tokens=3, mtp_applied=False, gpu_pct=100.0, cpu_pct=0, n_gpu_layers=999, n_cpu_layers=0)
2026-06-09 01:21:10,596 - INFO - === Auto-balance ANALYTIC START ===
  model=test.gguf path=/models/test.gguf
  context_size=4096 parallel_slots=1
  weights_mb=20000 (19.53 GB)  kv_cache_mb=0  total_mb=20000 (19.53 GB)
  active_gpus=2 | total_vram=40000 MB (39.06 GB)
  gpu_vram={0: 24000, 1: 16000}
  gpu_names={0: GPU0, 1: GPU1}
  main_index=0
  priority_order=[0, 1]
  cpu_enabled=True
  pins_count=0
2026-06-09 01:21:10,626 - INFO - === Auto-balance ANALYTIC START ===
  model=test.gguf path=/models/test.gguf
  context_size=4096 parallel_slots=1
  weights_mb=20000 (19.53 GB)  kv_cache_mb=0  total_mb=20000 (19.53 GB)
  active_gpus=2 | total_vram=40000 MB (39.06 GB)
  gpu_vram={0: 24000, 1: 16000}
  gpu_names={0: GPU0, 1: GPU1}
  main_index=0
  priority_order=[0, 1]
  cpu_enabled=True
  pins_count=0
2026-06-09 01:21:10,642 - INFO - === Auto-balance: LoadDistributor resultado ===
  is_feasible=True
  gpu_weights={0: 100, 1: 0}
  cpu_weight=0
  total_gpu_pct=100
2026-06-09 01:21:10,672 - INFO - === Auto-balance: LoadDistributor resultado ===
  is_feasible=True
  gpu_weights={0: 100, 1: 0}
  cpu_weight=0
  total_gpu_pct=100
2026-06-09 01:21:10,688 - INFO - === Auto-balance: peso final ===
  weight_label=GPU0=100%
  weight_map={0: 100%, 1: 0%}
  cpu_weight=0
  pins_applied=0 (auto-balance limpa pins)
  budget_ok=True
2026-06-09 01:21:10,717 - INFO - === Auto-balance: peso final ===
  weight_label=GPU0=100%
  weight_map={0: 100%, 1: 0%}
  cpu_weight=0
  pins_applied=0 (auto-balance limpa pins)
  budget_ok=True
2026-06-09 01:21:10,739 - INFO - === HARDWARE SNAPSHOT BEFORE LOAD ===
  gpu_count=0
  ram_used_mb=19034 ram_total_mb=32510 ram_pct=58.5%
  cpu_pct=1.0% cpu_name=<MagicMock name='mock.get_metrics().get()' id='2894263151888'>
  gpus=[]
2026-06-09 01:21:10,771 - INFO - === HARDWARE SNAPSHOT BEFORE LOAD ===
  gpu_count=0
  ram_used_mb=19034 ram_total_mb=32510 ram_pct=58.5%
  cpu_pct=1.0% cpu_name=<MagicMock name='mock.get_metrics().get()' id='2894263151888'>
  gpus=[]
2026-06-09 01:21:13,789 - INFO - === HARDWARE SNAPSHOT AFTER LOAD ===
  gpu_count=0
  ram_used_mb=19017 ram_total_mb=32510 ram_pct=58.5%
  cpu_pct=1.0% cpu_name=<MagicMock name='mock.get_metrics().get()' id='2894263151888'>
  gpus=[]
2026-06-09 01:21:13,821 - INFO - === HARDWARE SNAPSHOT AFTER LOAD ===
  gpu_count=0
  ram_used_mb=19017 ram_total_mb=32510 ram_pct=58.5%
  cpu_pct=1.0% cpu_name=<MagicMock name='mock.get_metrics().get()' id='2894263151888'>
  gpus=[]
2026-06-09 01:21:13,840 - INFO - === HARDWARE SNAPSHOT COMPARISON (BEFORE -> AFTER) ===
  model=test.gguf total_mb=20000
  weights=GPU0=100% cpu_weight=0
  ram_delta=-17 MB (before=19034 -> after=19017)
  gpu_changes=[N/A]
2026-06-09 01:21:13,870 - INFO - === HARDWARE SNAPSHOT COMPARISON (BEFORE -> AFTER) ===
  model=test.gguf total_mb=20000
  weights=GPU0=100% cpu_weight=0
  ram_delta=-17 MB (before=19034 -> after=19017)
  gpu_changes=[N/A]
2026-06-09 01:21:13,886 - INFO - === Auto-balance SUCCESS ===
  message=Balance otimizado por cascata (GPU0=100%).
  gpu_weights_exported=3 entries
  total_layers=0
  split_mode=layer
2026-06-09 01:21:13,916 - INFO - === Auto-balance SUCCESS ===
  message=Balance otimizado por cascata (GPU0=100%).
  gpu_weights_exported=3 entries
  total_layers=0
  split_mode=layer
2026-06-09 01:21:13,937 - INFO - === Auto-balance ANALYTIC START ===
  model=test.gguf path=/models/test.gguf
  context_size=4096 parallel_slots=1
  weights_mb=20000 (19.53 GB)  kv_cache_mb=0  total_mb=20000 (19.53 GB)
  active_gpus=1 | total_vram=24000 MB (23.44 GB)
  gpu_vram={0: 24000}
  gpu_names={0: GPU0}
  main_index=0
  priority_order=[0]
  cpu_enabled=True
  pins_count=1
2026-06-09 01:21:13,967 - INFO - === Auto-balance ANALYTIC START ===
  model=test.gguf path=/models/test.gguf
  context_size=4096 parallel_slots=1
  weights_mb=20000 (19.53 GB)  kv_cache_mb=0  total_mb=20000 (19.53 GB)
  active_gpus=1 | total_vram=24000 MB (23.44 GB)
  gpu_vram={0: 24000}
  gpu_names={0: GPU0}
  main_index=0
  priority_order=[0]
  cpu_enabled=True
  pins_count=1
2026-06-09 01:21:13,983 - INFO - === Auto-balance: LoadDistributor resultado ===
  is_feasible=True
  gpu_weights={0: 100}
  cpu_weight=0
  total_gpu_pct=100
2026-06-09 01:21:14,013 - INFO - === Auto-balance: LoadDistributor resultado ===
  is_feasible=True
  gpu_weights={0: 100}
  cpu_weight=0
  total_gpu_pct=100
2026-06-09 01:21:14,030 - INFO - === Auto-balance: peso final ===
  weight_label=GPU0=100%
  weight_map={0: 100%}
  cpu_weight=0
  pins_applied=0 (auto-balance limpa pins)
  budget_ok=True
2026-06-09 01:21:14,061 - INFO - === Auto-balance: peso final ===
  weight_label=GPU0=100%
  weight_map={0: 100%}
  cpu_weight=0
  pins_applied=0 (auto-balance limpa pins)
  budget_ok=True
2026-06-09 01:21:14,076 - INFO - === HARDWARE SNAPSHOT BEFORE LOAD ===
  gpu_count=0
  ram_used_mb=19017 ram_total_mb=32510 ram_pct=58.5%
  cpu_pct=1.0% cpu_name=<MagicMock name='mock.get_metrics().get()' id='2894263075024'>
  gpus=[]
2026-06-09 01:21:14,107 - INFO - === HARDWARE SNAPSHOT BEFORE LOAD ===
  gpu_count=0
  ram_used_mb=19017 ram_total_mb=32510 ram_pct=58.5%
  cpu_pct=1.0% cpu_name=<MagicMock name='mock.get_metrics().get()' id='2894263075024'>
  gpus=[]
2026-06-09 01:21:17,125 - INFO - === HARDWARE SNAPSHOT AFTER LOAD ===
  gpu_count=0
  ram_used_mb=19003 ram_total_mb=32510 ram_pct=58.5%
  cpu_pct=1.0% cpu_name=<MagicMock name='mock.get_metrics().get()' id='2894263075024'>
  gpus=[]
2026-06-09 01:21:17,156 - INFO - === HARDWARE SNAPSHOT AFTER LOAD ===
  gpu_count=0
  ram_used_mb=19003 ram_total_mb=32510 ram_pct=58.5%
  cpu_pct=1.0% cpu_name=<MagicMock name='mock.get_metrics().get()' id='2894263075024'>
  gpus=[]
2026-06-09 01:21:17,175 - INFO - === HARDWARE SNAPSHOT COMPARISON (BEFORE -> AFTER) ===
  model=test.gguf total_mb=20000
  weights=GPU0=100% cpu_weight=0
  ram_delta=-14 MB (before=19017 -> after=19003)
  gpu_changes=[N/A]
2026-06-09 01:21:17,206 - INFO - === HARDWARE SNAPSHOT COMPARISON (BEFORE -> AFTER) ===
  model=test.gguf total_mb=20000
  weights=GPU0=100% cpu_weight=0
  ram_delta=-14 MB (before=19017 -> after=19003)
  gpu_changes=[N/A]
2026-06-09 01:21:17,222 - INFO - === Auto-balance SUCCESS ===
  message=Balance otimizado por cascata (GPU0=100%).
  gpu_weights_exported=2 entries
  total_layers=0
  split_mode=layer
2026-06-09 01:21:17,251 - INFO - === Auto-balance SUCCESS ===
  message=Balance otimizado por cascata (GPU0=100%).
  gpu_weights_exported=2 entries
  total_layers=0
  split_mode=layer
2026-06-09 01:21:17,273 - INFO - === Auto-balance ANALYTIC START ===
  model=test.gguf path=/models/test.gguf
  context_size=4096 parallel_slots=1
  weights_mb=30000 (29.30 GB)  kv_cache_mb=0  total_mb=30000 (29.30 GB)
  active_gpus=2 | total_vram=40000 MB (39.06 GB)
  gpu_vram={0: 24000, 1: 16000}
  gpu_names={0: GPU0, 1: GPU1}
  main_index=0
  priority_order=[0, 1]
  cpu_enabled=True
  pins_count=0
2026-06-09 01:21:17,303 - INFO - === Auto-balance ANALYTIC START ===
  model=test.gguf path=/models/test.gguf
  context_size=4096 parallel_slots=1
  weights_mb=30000 (29.30 GB)  kv_cache_mb=0  total_mb=30000 (29.30 GB)
  active_gpus=2 | total_vram=40000 MB (39.06 GB)
  gpu_vram={0: 24000, 1: 16000}
  gpu_names={0: GPU0, 1: GPU1}
  main_index=0
  priority_order=[0, 1]
  cpu_enabled=True
  pins_count=0
2026-06-09 01:21:17,318 - INFO - === Auto-balance: LoadDistributor resultado ===
  is_feasible=True
  gpu_weights={0: 78, 1: 22}
  cpu_weight=0
  total_gpu_pct=100
2026-06-09 01:21:17,348 - INFO - === Auto-balance: LoadDistributor resultado ===
  is_feasible=True
  gpu_weights={0: 78, 1: 22}
  cpu_weight=0
  total_gpu_pct=100
2026-06-09 01:21:17,366 - INFO - === Auto-balance: peso final ===
  weight_label=GPU0=78%, GPU1=22%
  weight_map={0: 78%, 1: 22%}
  cpu_weight=0
  pins_applied=0 (auto-balance limpa pins)
  budget_ok=True
2026-06-09 01:21:17,395 - INFO - === Auto-balance: peso final ===
  weight_label=GPU0=78%, GPU1=22%
  weight_map={0: 78%, 1: 22%}
  cpu_weight=0
  pins_applied=0 (auto-balance limpa pins)
  budget_ok=True
2026-06-09 01:21:17,412 - INFO - === HARDWARE SNAPSHOT BEFORE LOAD ===
  gpu_count=0
  ram_used_mb=19002 ram_total_mb=32510 ram_pct=58.5%
  cpu_pct=1.0% cpu_name=<MagicMock name='mock.get_metrics().get()' id='2894263077008'>
  gpus=[]
2026-06-09 01:21:17,442 - INFO - === HARDWARE SNAPSHOT BEFORE LOAD ===
  gpu_count=0
  ram_used_mb=19002 ram_total_mb=32510 ram_pct=58.5%
  cpu_pct=1.0% cpu_name=<MagicMock name='mock.get_metrics().get()' id='2894263077008'>
  gpus=[]
2026-06-09 01:21:20,463 - INFO - === HARDWARE SNAPSHOT AFTER LOAD ===
  gpu_count=0
  ram_used_mb=18989 ram_total_mb=32510 ram_pct=58.4%
  cpu_pct=1.0% cpu_name=<MagicMock name='mock.get_metrics().get()' id='2894263077008'>
  gpus=[]
2026-06-09 01:21:20,498 - INFO - === HARDWARE SNAPSHOT AFTER LOAD ===
  gpu_count=0
  ram_used_mb=18989 ram_total_mb=32510 ram_pct=58.4%
  cpu_pct=1.0% cpu_name=<MagicMock name='mock.get_metrics().get()' id='2894263077008'>
  gpus=[]
2026-06-09 01:21:20,516 - INFO - === HARDWARE SNAPSHOT COMPARISON (BEFORE -> AFTER) ===
  model=test.gguf total_mb=30000
  weights=GPU0=78%, GPU1=22% cpu_weight=0
  ram_delta=-13 MB (before=19002 -> after=18989)
  gpu_changes=[N/A]
2026-06-09 01:21:20,550 - INFO - === HARDWARE SNAPSHOT COMPARISON (BEFORE -> AFTER) ===
  model=test.gguf total_mb=30000
  weights=GPU0=78%, GPU1=22% cpu_weight=0
  ram_delta=-13 MB (before=19002 -> after=18989)
  gpu_changes=[N/A]
2026-06-09 01:21:20,570 - INFO - === Auto-balance SUCCESS ===
  message=Balance otimizado por cascata (GPU0=78%, GPU1=22%).
  gpu_weights_exported=3 entries
  total_layers=0
  split_mode=layer
2026-06-09 01:21:20,602 - INFO - === Auto-balance SUCCESS ===
  message=Balance otimizado por cascata (GPU0=78%, GPU1=22%).
  gpu_weights_exported=3 entries
  total_layers=0
  split_mode=layer
2026-06-09 01:21:20,627 - INFO - === Auto-balance ANALYTIC START ===
  model=test.gguf path=/models/test.gguf
  context_size=4096 parallel_slots=1
  weights_mb=70000 (68.36 GB)  kv_cache_mb=0  total_mb=70000 (68.36 GB)
  active_gpus=2 | total_vram=40000 MB (39.06 GB)
  gpu_vram={0: 24000, 1: 16000}
  gpu_names={0: GPU0, 1: GPU1}
  main_index=0
  priority_order=[0, 1]
  cpu_enabled=True
  pins_count=0
2026-06-09 01:21:20,657 - INFO - === Auto-balance ANALYTIC START ===
  model=test.gguf path=/models/test.gguf
  context_size=4096 parallel_slots=1
  weights_mb=70000 (68.36 GB)  kv_cache_mb=0  total_mb=70000 (68.36 GB)
  active_gpus=2 | total_vram=40000 MB (39.06 GB)
  gpu_vram={0: 24000, 1: 16000}
  gpu_names={0: GPU0, 1: GPU1}
  main_index=0
  priority_order=[0, 1]
  cpu_enabled=True
  pins_count=0
2026-06-09 01:21:20,674 - INFO - === Auto-balance: LoadDistributor resultado ===
  is_feasible=True
  gpu_weights={0: 34, 1: 22}
  cpu_weight=44
  total_gpu_pct=56
2026-06-09 01:21:20,703 - INFO - === Auto-balance: LoadDistributor resultado ===
  is_feasible=True
  gpu_weights={0: 34, 1: 22}
  cpu_weight=44
  total_gpu_pct=56
2026-06-09 01:21:20,719 - INFO - === Auto-balance: peso final ===
  weight_label=GPU0=34%, GPU1=22%, CPU=44%
  weight_map={0: 34%, 1: 22%}
  cpu_weight=44
  pins_applied=0 (auto-balance limpa pins)
  budget_ok=True
2026-06-09 01:21:20,747 - INFO - === Auto-balance: peso final ===
  weight_label=GPU0=34%, GPU1=22%, CPU=44%
  weight_map={0: 34%, 1: 22%}
  cpu_weight=44
  pins_applied=0 (auto-balance limpa pins)
  budget_ok=True
2026-06-09 01:21:20,765 - INFO - === HARDWARE SNAPSHOT BEFORE LOAD ===
  gpu_count=0
  ram_used_mb=18987 ram_total_mb=32510 ram_pct=58.4%
  cpu_pct=1.0% cpu_name=<MagicMock name='mock.get_metrics().get()' id='2894263107024'>
  gpus=[]
2026-06-09 01:21:20,800 - INFO - === HARDWARE SNAPSHOT BEFORE LOAD ===
  gpu_count=0
  ram_used_mb=18987 ram_total_mb=32510 ram_pct=58.4%
  cpu_pct=1.0% cpu_name=<MagicMock name='mock.get_metrics().get()' id='2894263107024'>
  gpus=[]
2026-06-09 01:21:23,818 - INFO - === HARDWARE SNAPSHOT AFTER LOAD ===
  gpu_count=0
  ram_used_mb=18976 ram_total_mb=32510 ram_pct=58.4%
  cpu_pct=1.0% cpu_name=<MagicMock name='mock.get_metrics().get()' id='2894263107024'>
  gpus=[]
2026-06-09 01:21:23,851 - INFO - === HARDWARE SNAPSHOT AFTER LOAD ===
  gpu_count=0
  ram_used_mb=18976 ram_total_mb=32510 ram_pct=58.4%
  cpu_pct=1.0% cpu_name=<MagicMock name='mock.get_metrics().get()' id='2894263107024'>
  gpus=[]
2026-06-09 01:21:23,866 - INFO - === HARDWARE SNAPSHOT COMPARISON (BEFORE -> AFTER) ===
  model=test.gguf total_mb=70000
  weights=GPU0=34%, GPU1=22%, CPU=44% cpu_weight=44
  ram_delta=-11 MB (before=18987 -> after=18976)
  gpu_changes=[N/A]
2026-06-09 01:21:23,897 - INFO - === HARDWARE SNAPSHOT COMPARISON (BEFORE -> AFTER) ===
  model=test.gguf total_mb=70000
  weights=GPU0=34%, GPU1=22%, CPU=44% cpu_weight=44
  ram_delta=-11 MB (before=18987 -> after=18976)
  gpu_changes=[N/A]
2026-06-09 01:21:23,913 - INFO - === Auto-balance SUCCESS ===
  message=Balance otimizado por cascata (GPU0=34%, GPU1=22%, CPU=44%).
  gpu_weights_exported=3 entries
  total_layers=0
  split_mode=layer
2026-06-09 01:21:23,942 - INFO - === Auto-balance SUCCESS ===
  message=Balance otimizado por cascata (GPU0=34%, GPU1=22%, CPU=44%).
  gpu_weights_exported=3 entries
  total_layers=0
  split_mode=layer
2026-06-09 01:21:23,964 - INFO - === Auto-balance ANALYTIC START ===
  model=test.gguf path=/models/test.gguf
  context_size=4096 parallel_slots=1
  weights_mb=70000 (68.36 GB)  kv_cache_mb=0  total_mb=70000 (68.36 GB)
  active_gpus=2 | total_vram=40000 MB (39.06 GB)
  gpu_vram={0: 24000, 1: 16000}
  gpu_names={0: GPU0, 1: GPU1}
  main_index=0
  priority_order=[0, 1]
  cpu_enabled=False
  pins_count=0
2026-06-09 01:21:23,995 - INFO - === Auto-balance ANALYTIC START ===
  model=test.gguf path=/models/test.gguf
  context_size=4096 parallel_slots=1
  weights_mb=70000 (68.36 GB)  kv_cache_mb=0  total_mb=70000 (68.36 GB)
  active_gpus=2 | total_vram=40000 MB (39.06 GB)
  gpu_vram={0: 24000, 1: 16000}
  gpu_names={0: GPU0, 1: GPU1}
  main_index=0
  priority_order=[0, 1]
  cpu_enabled=False
  pins_count=0
2026-06-09 01:21:24,013 - INFO - === Auto-balance: LoadDistributor resultado ===
  is_feasible=False
  gpu_weights={0: 60, 1: 40}
  cpu_weight=0
  total_gpu_pct=100
2026-06-09 01:21:24,045 - INFO - === Auto-balance: LoadDistributor resultado ===
  is_feasible=False
  gpu_weights={0: 60, 1: 40}
  cpu_weight=0
  total_gpu_pct=100
2026-06-09 01:21:24,060 - INFO - === HARDWARE CAPACITY FAILURE ===
  reason=no_feasible_split
  model=test.gguf path=/models/test.gguf
  estimated_model_mb=?
  total_vram_mb=40000 total_vram_gb=39.06
  active_gpus=[0, 1]
  gpu_details=[{'index': 0, 'name': 'GPU0', 'vram_mb': 24000}, {'index': 1, 'name': 'GPU1', 'vram_mb': 16000}]
  context_size=4096 parallel_slots=1
  message=Não foi possível carregar "test.gguf" em nenhuma divisão testada entre as GPUs selecionadas. O modelo excede a capacidade do hardware atual (~39.1 GB de VRAM em 2 GPU(s)) com contexto 4096 e 1 slot(s).
2026-06-09 01:21:24,092 - INFO - === HARDWARE CAPACITY FAILURE ===
  reason=no_feasible_split
  model=test.gguf path=/models/test.gguf
  estimated_model_mb=?
  total_vram_mb=40000 total_vram_gb=39.06
  active_gpus=[0, 1]
  gpu_details=[{'index': 0, 'name': 'GPU0', 'vram_mb': 24000}, {'index': 1, 'name': 'GPU1', 'vram_mb': 16000}]
  context_size=4096 parallel_slots=1
  message=Não foi possível carregar "test.gguf" em nenhuma divisão testada entre as GPUs selecionadas. O modelo excede a capacidade do hardware atual (~39.1 GB de VRAM em 2 GPU(s)) com contexto 4096 e 1 slot(s).
2026-06-09 01:21:24,112 - INFO - === Auto-balance INFEASIBLE ===
  message=Não foi possível carregar "test.gguf" em nenhuma divisão testada entre as GPUs selecionadas. O modelo excede a capacidade do hardware atual (~39.1 GB de VRAM em 2 GPU(s)) com contexto 4096 e 1 slot(s).
  failure_code=hardware_capacity_exceeded
  total_vram_mb=40000
  estimated_mb=70000
  cpu_enabled=False
2026-06-09 01:21:24,145 - INFO - === Auto-balance INFEASIBLE ===
  message=Não foi possível carregar "test.gguf" em nenhuma divisão testada entre as GPUs selecionadas. O modelo excede a capacidade do hardware atual (~39.1 GB de VRAM em 2 GPU(s)) com contexto 4096 e 1 slot(s).
  failure_code=hardware_capacity_exceeded
  total_vram_mb=40000
  estimated_mb=70000
  cpu_enabled=False
2026-06-09 01:21:24,210 - INFO - START: /usr/bin/llama-server -m /fake/model.gguf -ngl 22 --flash-attn on --host 0.0.0.0 --port 8085 --tools all --parallel 1 --ctx-size 8192 --batch-size 2048 --mlock --main-gpu 0 --split-mode layer --tensor-split 1.0 --api-key sk-test --mmproj-auto --jinja --reasoning on --chat-template-kwargs {"enable_thinking":true} (CUDA_VISIBLE_DEVICES=0, ctx_per_slot=8192, server_ctx=8192, batch_size=2048, thinking_enabled=True, mtp_enabled=False, mtp_draft_tokens=3, mtp_applied=False, gpu_pct=70.0, cpu_pct=30.0, n_gpu_layers=22, n_cpu_layers=10)
2026-06-09 01:21:24,234 - INFO - START: /usr/bin/llama-server -m /fake/model.gguf -ngl 6 --flash-attn on --host 0.0.0.0 --port 8085 --tools all --parallel 1 --ctx-size 8192 --batch-size 2048 --mlock --main-gpu 0 --split-mode layer --tensor-split 1.0 --api-key sk-test --mmproj-auto --jinja --reasoning on --chat-template-kwargs {"enable_thinking":true} (CUDA_VISIBLE_DEVICES=0, ctx_per_slot=8192, server_ctx=8192, batch_size=2048, thinking_enabled=True, mtp_enabled=False, mtp_draft_tokens=3, mtp_applied=False, gpu_pct=20.0, cpu_pct=80.0, n_gpu_layers=6, n_cpu_layers=26)
2026-06-09 01:21:24,280 - INFO - START: /usr/bin/llama-server -m /fake/model.gguf -ngl 999 --flash-attn on --host 0.0.0.0 --port 8085 --tools all --parallel 1 --ctx-size 8192 --batch-size 2048 --mlock --main-gpu 0 --split-mode layer --tensor-split 1.0 --api-key sk-test --mmproj-auto --jinja --reasoning on --chat-template-kwargs {"enable_thinking":true} (CUDA_VISIBLE_DEVICES=0, ctx_per_slot=8192, server_ctx=8192, batch_size=2048, thinking_enabled=True, mtp_enabled=False, mtp_draft_tokens=3, mtp_applied=False, gpu_pct=100.0, cpu_pct=0, n_gpu_layers=999, n_cpu_layers=0)
2026-06-09 01:21:24,305 - INFO - START: /usr/bin/llama-server -m /fake/model.gguf -ngl 22 --flash-attn on --host 0.0.0.0 --port 8085 --tools all --parallel 1 --ctx-size 8192 --batch-size 2048 --mlock --main-gpu 0 --split-mode layer --tensor-split 1.0 --api-key sk-test --mmproj-auto --jinja --reasoning on --chat-template-kwargs {"enable_thinking":true} (CUDA_VISIBLE_DEVICES=0, ctx_per_slot=8192, server_ctx=8192, batch_size=2048, thinking_enabled=True, mtp_enabled=False, mtp_draft_tokens=3, mtp_applied=False, gpu_pct=70.0, cpu_pct=30.0, n_gpu_layers=22, n_cpu_layers=10)
2026-06-09 01:21:24,686 - ERROR - GPU detection error: Command 'nvidia-smi' returned non-zero exit status 1.
2026-06-09 01:21:24,720 - ERROR - GPU metrics error: Command 'nvidia-smi' returned non-zero exit status 1.
2026-06-09 01:21:24,736 - ERROR - System metrics error: ram metrics unavailable
2026-06-09 01:21:24,762 - ERROR - GPU metrics error: Command 'nvidia-smi' returned non-zero exit status 1.
2026-06-09 01:21:25,663 - ERROR - GPU metrics error: Command 'nvidia-smi' returned non-zero exit status 1.
2026-06-09 01:21:25,680 - ERROR - System metrics error: ram down
2026-06-09 01:21:25,702 - ERROR - GPU metrics error: Command 'nvidia-smi' returned non-zero exit status 1.
2026-06-09 01:21:25,806 - INFO - MTP requested but model has no MTP head, skipping flags
2026-06-09 01:21:25,929 - WARNING - llama-server nao encontrado automaticamente; configure LLAMA_SERVER_BIN ou paths.json (llama_server_bin)
2026-06-09 01:21:25,959 - WARNING - Could not detect MTP for /fake/model.gguf: boom
1969-12-31 21:16:40,000 - WARNING - OOM detected! Consecutive: 1
1969-12-31 21:16:45,000 - WARNING - OOM detected! Consecutive: 2
1969-12-31 21:16:40,000 - WARNING - OOM detected! Consecutive: 1
1969-12-31 21:17:11,000 - WARNING - OOM detected! Consecutive: 1
1969-12-31 21:16:40,000 - WARNING - OOM detected! Consecutive: 1
1969-12-31 21:16:45,000 - WARNING - OOM detected! Consecutive: 3
2026-06-09 01:21:26,220 - WARNING - Could not detect model layers for /fake/model.gguf: not found
2026-06-09 01:21:26,259 - INFO - START: /usr/bin/llama-server -m /fake/model.gguf -ngl 999 --flash-attn on --host 0.0.0.0 --port 8085 --tools all --parallel 1 --ctx-size 8192 --batch-size 2048 --mlock --main-gpu 0 --split-mode layer --tensor-split 1.0 --api-key test-token --mmproj-auto --jinja --reasoning on --chat-template-kwargs {"enable_thinking":true} (CUDA_VISIBLE_DEVICES=0, ctx_per_slot=8192, server_ctx=8192, batch_size=2048, thinking_enabled=True, mtp_enabled=False, mtp_draft_tokens=3, mtp_applied=False, gpu_pct=100.0, cpu_pct=0, n_gpu_layers=999, n_cpu_layers=0)
2026-06-09 01:21:26,284 - INFO - START: /usr/bin/llama-server -m /fake/model.gguf -ngl 22 --flash-attn on --host 0.0.0.0 --port 8085 --tools all --parallel 1 --ctx-size 8192 --batch-size 2048 --mlock --main-gpu 0 --split-mode layer --tensor-split 1.0 --api-key test-token --mmproj-auto --jinja --reasoning on --chat-template-kwargs {"enable_thinking":true} (CUDA_VISIBLE_DEVICES=0, ctx_per_slot=8192, server_ctx=8192, batch_size=2048, thinking_enabled=True, mtp_enabled=False, mtp_draft_tokens=3, mtp_applied=False, gpu_pct=70.0, cpu_pct=30.0, n_gpu_layers=22, n_cpu_layers=10)
2026-06-09 01:21:26,311 - INFO - START: /usr/bin/llama-server -m /fake/model.gguf -ngl 0 --flash-attn on --host 0.0.0.0 --port 8085 --tools all --parallel 1 --ctx-size 8192 --batch-size 2048 --mlock --main-gpu 0 --split-mode layer --tensor-split 1.0 --api-key test-token --mmproj-auto --jinja --reasoning on --chat-template-kwargs {"enable_thinking":true} (CUDA_VISIBLE_DEVICES=0, ctx_per_slot=8192, server_ctx=8192, batch_size=2048, thinking_enabled=True, mtp_enabled=False, mtp_draft_tokens=3, mtp_applied=False, gpu_pct=0, cpu_pct=0, n_gpu_layers=0, n_cpu_layers=32)
2026-06-09 01:21:26,342 - INFO - START: /usr/bin/llama-server -m /fake/model.gguf -ngl 999 --flash-attn on --host 0.0.0.0 --port 8085 --tools all --parallel 1 --ctx-size 8192 --batch-size 2048 --mlock --main-gpu 0 --split-mode layer --tensor-split 1.0 --api-key test-token --mmproj-auto --jinja --reasoning on --chat-template-kwargs {"enable_thinking":true} (CUDA_VISIBLE_DEVICES=0, ctx_per_slot=8192, server_ctx=8192, batch_size=2048, thinking_enabled=True, mtp_enabled=False, mtp_draft_tokens=3, mtp_applied=False, gpu_pct=100.0, cpu_pct=0, n_gpu_layers=999, n_cpu_layers=0)
2026-06-09 01:21:26,371 - INFO - START: /usr/bin/llama-server -m /fake/model.gguf -ngl 999 --flash-attn on --host 0.0.0.0 --port 8085 --tools all --parallel 1 --ctx-size 8192 --batch-size 2048 --mlock --main-gpu 0 --split-mode layer --tensor-split 1.0 --api-key test-token --mmproj-auto --jinja --reasoning on --chat-template-kwargs {"enable_thinking":true} (CUDA_VISIBLE_DEVICES=0, ctx_per_slot=8192, server_ctx=8192, batch_size=2048, thinking_enabled=True, mtp_enabled=False, mtp_draft_tokens=3, mtp_applied=False, gpu_pct=100.0, cpu_pct=0, n_gpu_layers=999, n_cpu_layers=0)
2026-06-09 01:21:26,396 - INFO - START: /usr/bin/llama-server -m /fake/model.gguf -ngl 56 --flash-attn on --host 0.0.0.0 --port 8085 --tools all --parallel 1 --ctx-size 8192 --batch-size 2048 --mlock --main-gpu 0 --split-mode layer --tensor-split 1.0 --api-key test-token --mmproj-auto --jinja --reasoning on --chat-template-kwargs {"enable_thinking":true} (CUDA_VISIBLE_DEVICES=0, ctx_per_slot=8192, server_ctx=8192, batch_size=2048, thinking_enabled=True, mtp_enabled=False, mtp_draft_tokens=3, mtp_applied=False, gpu_pct=70.0, cpu_pct=30.0, n_gpu_layers=56, n_cpu_layers=24)
2026-06-09 01:21:26,422 - INFO - START: /usr/bin/llama-server -m /fake/model.gguf -ngl 999 --flash-attn on --host 0.0.0.0 --port 8085 --tools all --parallel 1 --ctx-size 8192 --batch-size 2048 --mlock --main-gpu 0 --split-mode layer --tensor-split 1.0 --api-key test-token --mmproj-auto --jinja --reasoning on --chat-template-kwargs {"enable_thinking":true} (CUDA_VISIBLE_DEVICES=0, ctx_per_slot=8192, server_ctx=8192, batch_size=2048, thinking_enabled=True, mtp_enabled=False, mtp_draft_tokens=3, mtp_applied=False, gpu_pct=200.0, cpu_pct=0, n_gpu_layers=999, n_cpu_layers=0)
2026-06-09 01:21:26,450 - INFO - START: /usr/bin/llama-server -m /fake/model.gguf -ngl 999 --flash-attn on --host 0.0.0.0 --port 8085 --tools all --parallel 1 --ctx-size 8192 --batch-size 2048 --mlock --main-gpu 0 --split-mode layer --tensor-split 1.0 --api-key test-token --mmproj-auto --jinja --reasoning on --chat-template-kwargs {"enable_thinking":true} (CUDA_VISIBLE_DEVICES=0, ctx_per_slot=8192, server_ctx=8192, batch_size=2048, thinking_enabled=True, mtp_enabled=False, mtp_draft_tokens=3, mtp_applied=False, gpu_pct=100.0, cpu_pct=0, n_gpu_layers=999, n_cpu_layers=0)
2026-06-09 01:21:26,477 - INFO - START: /usr/bin/llama-server -m /fake/model.gguf -ngl 0 --flash-attn on --host 0.0.0.0 --port 8085 --tools all --parallel 1 --ctx-size 8192 --batch-size 2048 --mlock --main-gpu 0 --split-mode layer --tensor-split 1.0 --api-key test-token --mmproj-auto --jinja --reasoning on --chat-template-kwargs {"enable_thinking":true} (CUDA_VISIBLE_DEVICES=0, ctx_per_slot=8192, server_ctx=8192, batch_size=2048, thinking_enabled=True, mtp_enabled=False, mtp_draft_tokens=3, mtp_applied=False, gpu_pct=0, cpu_pct=0, n_gpu_layers=0, n_cpu_layers=32)
2026-06-09 01:21:26,640 - INFO - Verificacao de versao iniciada em /tmp/automanager-test
2026-06-09 01:21:26,655 - WARNING - Diretorio nao e um repositorio git: /tmp/automanager-test
2026-06-09 01:21:26,678 - INFO - Verificacao de versao iniciada em /tmp/automanager-test
2026-06-09 01:21:26,693 - INFO - Versao atualizada (branch=main, ref=aaa1111)
2026-06-09 01:21:26,715 - INFO - Verificacao de versao iniciada em /tmp/automanager-test
2026-06-09 01:21:26,732 - INFO - Atualizacao disponivel (branch=main, ahead=2, aaa1111 -> ddd4444)
2026-06-09 01:21:26,756 - INFO - Verificacao de versao iniciada em /tmp/automanager-test
2026-06-09 01:21:26,771 - WARNING - git fetch falhou (branch=main): fatal: could not read from remote
2026-06-09 01:21:26,795 - INFO - Verificacao de versao iniciada em /tmp/automanager-test
2026-06-09 01:21:26,810 - WARNING - git fetch expirou apos 30s (branch=main)
2026-06-09 01:21:26,836 - INFO - Verificacao de versao iniciada em /tmp/automanager-test
2026-06-09 01:21:26,854 - INFO - Versao atualizada (branch=feature/foo, ref=1111111)
2026-06-09 01:21:26,884 - INFO - Verificacao de versao iniciada em /tmp/automanager-test
2026-06-09 01:21:26,901 - INFO - Atualizacao disponivel (branch=main, ahead=12, local00 -> remote0)
2026-06-09 01:23:36,989 - INFO - models_dir atualizado para C:\Users\s293\AppData\Local\Temp\pytest-of-s293\pytest-233\test_set_models_dir_updates_sc0\new-models
2026-06-09 01:23:37,300 - WARNING - llama-server nao encontrado automaticamente; configure LLAMA_SERVER_BIN ou paths.json (llama_server_bin)
2026-06-09 01:23:37,387 - WARNING - Could not detect model layers for /media/docker/models/model.gguf: Command '"llama-server.exe" --model-info "/media/docker/models/model.gguf" 2>&1' returned non-zero exit status 1.
2026-06-09 01:23:37,433 - WARNING - Could not detect model layers for /media/docker/models/model.gguf: Command '"llama-server.exe" --model-info "/media/docker/models/model.gguf" 2>&1' returned non-zero exit status 1.
2026-06-09 01:23:37,844 - INFO - estimate_model_vram_mb [DISK] model=C:\Users\s293\AppData\Local\Temp\pytest-of-s293\pytest-233\test_estimate_model_vram_uses_0\qwen-49b.gguf disk_mb=100 runtime_overhead_mb=256 weights_mb=356 kv_cache_mb=6553.6 total_mb=6909
2026-06-09 01:23:37,877 - INFO - estimate_model_vram_mb [DISK] model=C:\Users\s293\AppData\Local\Temp\pytest-of-s293\pytest-233\test_estimate_model_vram_uses_0\qwen-49b.gguf disk_mb=100 runtime_overhead_mb=256 weights_mb=356 kv_cache_mb=6553.6 total_mb=6909
2026-06-09 01:23:37,909 - INFO - === HARDWARE CAPACITY FAILURE ===
  reason=no_feasible_split
  model=huge-model.gguf path=/models/huge-model.gguf
  estimated_model_mb=?
  total_vram_mb=24576 total_vram_gb=24.00
  active_gpus=[0]
  gpu_details=[{'index': 0, 'name': 'RTX 3090', 'vram_mb': 24576}]
  context_size=32768 parallel_slots=2
  message=Não foi possível carregar "huge-model.gguf" em nenhuma divisão testada entre as GPUs selecionadas. O modelo excede a capacidade do hardware atual (~24.0 GB de VRAM em 1 GPU(s)) com contexto 32768 e 2 slot(s).
2026-06-09 01:23:37,945 - INFO - === HARDWARE CAPACITY FAILURE ===
  reason=no_feasible_split
  model=huge-model.gguf path=/models/huge-model.gguf
  estimated_model_mb=?
  total_vram_mb=24576 total_vram_gb=24.00
  active_gpus=[0]
  gpu_details=[{'index': 0, 'name': 'RTX 3090', 'vram_mb': 24576}]
  context_size=32768 parallel_slots=2
  message=Não foi possível carregar "huge-model.gguf" em nenhuma divisão testada entre as GPUs selecionadas. O modelo excede a capacidade do hardware atual (~24.0 GB de VRAM em 1 GPU(s)) com contexto 32768 e 2 slot(s).
2026-06-09 01:23:37,964 - WARNING - OOM detected! Consecutive: 1
2026-06-09 01:23:38,045 - INFO - Auto-balance probe #1: weight_map={0: 100%} -> synced={0: 100%} | cpu_weight=10 -> probe_cpu=0 | active_weights=[gpu[0]=100.0%, cpu[-1]=0.0%]
2026-06-09 01:23:38,064 - INFO - Auto-balance probe #1: result=ready (cpu_weight=0, synced_map={0: 100%})
2026-06-09 01:23:38,165 - INFO - Session expired due to inactivity
2026-06-09 01:23:38,307 - INFO - START: /usr/bin/llama-server -m /fake/model.gguf -ngl 999 --flash-attn on --host 0.0.0.0 --port 8085 --tools all --parallel 1 --ctx-size 8192 --batch-size 2048 --mlock --main-gpu 0 --split-mode layer --tensor-split 1.0000 --api-key sk-test --mmproj-auto --jinja --reasoning on --chat-template-kwargs {"enable_thinking":true} (CUDA_VISIBLE_DEVICES=0, ctx_per_slot=8192, server_ctx=8192, batch_size=2048, thinking_enabled=True, mtp_enabled=False, mtp_draft_tokens=3, mtp_applied=False, gpu_pct=100.0, cpu_pct=0, n_gpu_layers=999, n_cpu_layers=0)
2026-06-09 01:23:38,336 - INFO - START: /usr/bin/llama-server -m /fake/model.gguf -ngl 999 --flash-attn on --host 0.0.0.0 --port 8085 --tools all --parallel 1 --ctx-size 8192 --batch-size 2048 --mlock --main-gpu 0 --split-mode layer --tensor-split 0.5000,0.5000 --api-key sk-test --mmproj-auto --jinja --reasoning on --chat-template-kwargs {"enable_thinking":true} (CUDA_VISIBLE_DEVICES=0,1, ctx_per_slot=8192, server_ctx=8192, batch_size=2048, thinking_enabled=True, mtp_enabled=False, mtp_draft_tokens=3, mtp_applied=False, gpu_pct=100.0, cpu_pct=0, n_gpu_layers=999, n_cpu_layers=0)
2026-06-09 01:23:38,357 - INFO - START: /usr/bin/llama-server -m /fake/model.gguf -ngl 999 --flash-attn on --host 0.0.0.0 --port 8085 --tools all --parallel 1 --ctx-size 8192 --batch-size 2048 --mlock --main-gpu 0 --split-mode layer --tensor-split 1.0000 --api-key sk-test --mmproj-auto --jinja --reasoning on --chat-template-kwargs {"enable_thinking":true} (CUDA_VISIBLE_DEVICES=0, ctx_per_slot=8192, server_ctx=8192, batch_size=2048, thinking_enabled=True, mtp_enabled=False, mtp_draft_tokens=3, mtp_applied=False, gpu_pct=100.0, cpu_pct=0, n_gpu_layers=999, n_cpu_layers=0)
2026-06-09 01:23:38,388 - INFO - START: /usr/bin/llama-server -m /fake/model.gguf -ngl 22 --flash-attn on --host 0.0.0.0 --port 8085 --tools all --parallel 1 --ctx-size 8192 --batch-size 2048 --mlock --main-gpu 0 --split-mode layer --tensor-split 1.0000 --api-key sk-test --mmproj-auto --jinja --reasoning on --chat-template-kwargs {"enable_thinking":true} (CUDA_VISIBLE_DEVICES=0, ctx_per_slot=8192, server_ctx=8192, batch_size=2048, thinking_enabled=True, mtp_enabled=False, mtp_draft_tokens=3, mtp_applied=False, gpu_pct=70.0, cpu_pct=30.0, n_gpu_layers=22, n_cpu_layers=10)
2026-06-09 01:23:38,416 - ERROR - GPU metrics error: not enough values to unpack (expected 2, got 0)
2026-06-09 01:23:38,548 - INFO - START: /usr/bin/llama-server -m /fake/model.gguf -ngl 999 --flash-attn on --host 0.0.0.0 --port 8085 --tools all --parallel 1 --ctx-size 8192 --batch-size 2048 --mlock --main-gpu 0 --split-mode layer --tensor-split 1.0000 --api-key sk-test --mmproj-auto --jinja --reasoning on --chat-template-kwargs {"enable_thinking":true} (CUDA_VISIBLE_DEVICES=0, ctx_per_slot=8192, server_ctx=8192, batch_size=2048, thinking_enabled=True, mtp_enabled=False, mtp_draft_tokens=3, mtp_applied=False, gpu_pct=70.0, cpu_pct=0.0, n_gpu_layers=999, n_cpu_layers=0)
2026-06-09 01:23:38,570 - INFO - START: /usr/bin/llama-server -m /fake/model.gguf -ngl 22 --flash-attn on --host 0.0.0.0 --port 8085 --tools all --parallel 1 --ctx-size 8192 --batch-size 2048 --mlock --main-gpu 0 --split-mode layer --tensor-split 1.0000 --api-key sk-test --mmproj-auto --jinja --reasoning on --chat-template-kwargs {"enable_thinking":true} (CUDA_VISIBLE_DEVICES=0, ctx_per_slot=8192, server_ctx=8192, batch_size=2048, thinking_enabled=True, mtp_enabled=False, mtp_draft_tokens=3, mtp_applied=False, gpu_pct=70.0, cpu_pct=30.0, n_gpu_layers=22, n_cpu_layers=10)
2026-06-09 01:23:38,590 - ERROR - GPU metrics error: not enough values to unpack (expected 2, got 0)
2026-06-09 01:23:38,709 - INFO - START: /usr/bin/llama-server -m /fake/model.gguf -ngl 999 --flash-attn on --host 0.0.0.0 --port 8085 --tools all --parallel 1 --ctx-size 8192 --batch-size 2048 --mlock --main-gpu 0 --split-mode layer --tensor-split 1.0000 --api-key sk-test --mmproj-auto --jinja --reasoning on --chat-template-kwargs {"enable_thinking":true} (CUDA_VISIBLE_DEVICES=0, ctx_per_slot=8192, server_ctx=8192, batch_size=2048, thinking_enabled=True, mtp_enabled=False, mtp_draft_tokens=3, mtp_applied=False, gpu_pct=70.0, cpu_pct=0.0, n_gpu_layers=999, n_cpu_layers=0)
2026-06-09 01:23:38,735 - INFO - START: /usr/bin/llama-server -m /fake/model.gguf -ngl 70 --flash-attn on --host 0.0.0.0 --port 8085 --tools all --parallel 1 --ctx-size 8192 --batch-size 2048 --mlock --main-gpu 0 --split-mode layer --tensor-split 0.7143,0.2857 --api-key sk-test --mmproj-auto --jinja --reasoning on --chat-template-kwargs {"enable_thinking":true} (CUDA_VISIBLE_DEVICES=0,1, ctx_per_slot=8192, server_ctx=8192, batch_size=2048, thinking_enabled=True, mtp_enabled=False, mtp_draft_tokens=3, mtp_applied=False, gpu_pct=70.0, cpu_pct=30.0, n_gpu_layers=70, n_cpu_layers=30)
2026-06-09 01:23:38,758 - INFO - START: /usr/bin/llama-server -m /fake/model.gguf -ngl 999 --flash-attn on --host 0.0.0.0 --port 8085 --tools all --parallel 1 --ctx-size 8192 --batch-size 2048 --mlock --main-gpu 1 --split-mode layer --tensor-split 0.6000,0.4000 --api-key sk-test --mmproj-auto --jinja --reasoning on --chat-template-kwargs {"enable_thinking":true} (CUDA_VISIBLE_DEVICES=0,1, ctx_per_slot=8192, server_ctx=8192, batch_size=2048, thinking_enabled=True, mtp_enabled=False, mtp_draft_tokens=3, mtp_applied=False, gpu_pct=100.0, cpu_pct=0, n_gpu_layers=999, n_cpu_layers=0)
2026-06-09 01:23:38,780 - INFO - === Auto-balance ANALYTIC START ===
  model=test.gguf path=/models/test.gguf
  context_size=4096 parallel_slots=1
  weights_mb=20000 (19.53 GB)  kv_cache_mb=0  total_mb=20000 (19.53 GB)
  active_gpus=2 | total_vram=40000 MB (39.06 GB)
  gpu_vram={0: 24000, 1: 16000}
  gpu_names={0: GPU0, 1: GPU1}
  main_index=0
  priority_order=[0, 1]
  cpu_enabled=True
  pins_count=0
2026-06-09 01:23:38,810 - INFO - === Auto-balance ANALYTIC START ===
  model=test.gguf path=/models/test.gguf
  context_size=4096 parallel_slots=1
  weights_mb=20000 (19.53 GB)  kv_cache_mb=0  total_mb=20000 (19.53 GB)
  active_gpus=2 | total_vram=40000 MB (39.06 GB)
  gpu_vram={0: 24000, 1: 16000}
  gpu_names={0: GPU0, 1: GPU1}
  main_index=0
  priority_order=[0, 1]
  cpu_enabled=True
  pins_count=0
2026-06-09 01:23:38,825 - INFO - === Auto-balance: LoadDistributor resultado ===
  is_feasible=True
  gpu_weights={0: 100, 1: 0}
  cpu_weight=0
  total_gpu_pct=100
2026-06-09 01:23:38,854 - INFO - === Auto-balance: LoadDistributor resultado ===
  is_feasible=True
  gpu_weights={0: 100, 1: 0}
  cpu_weight=0
  total_gpu_pct=100
2026-06-09 01:23:38,870 - INFO - === Auto-balance: peso final ===
  weight_label=GPU0=100%
  weight_map={0: 100%, 1: 0%}
  cpu_weight=0
  pins_applied=0 (auto-balance limpa pins)
  budget_ok=True
2026-06-09 01:23:38,898 - INFO - === Auto-balance: peso final ===
  weight_label=GPU0=100%
  weight_map={0: 100%, 1: 0%}
  cpu_weight=0
  pins_applied=0 (auto-balance limpa pins)
  budget_ok=True
2026-06-09 01:23:38,925 - INFO - === HARDWARE SNAPSHOT BEFORE LOAD ===
  gpu_count=0
  ram_used_mb=19396 ram_total_mb=32510 ram_pct=59.7%
  cpu_pct=1.0% cpu_name=<MagicMock name='mock.get_metrics().get()' id='2011331602768'>
  gpus=[]
2026-06-09 01:23:38,954 - INFO - === HARDWARE SNAPSHOT BEFORE LOAD ===
  gpu_count=0
  ram_used_mb=19396 ram_total_mb=32510 ram_pct=59.7%
  cpu_pct=1.0% cpu_name=<MagicMock name='mock.get_metrics().get()' id='2011331602768'>
  gpus=[]
2026-06-09 01:23:41,972 - INFO - === HARDWARE SNAPSHOT AFTER LOAD ===
  gpu_count=0
  ram_used_mb=19489 ram_total_mb=32510 ram_pct=59.9%
  cpu_pct=1.0% cpu_name=<MagicMock name='mock.get_metrics().get()' id='2011331602768'>
  gpus=[]
2026-06-09 01:23:41,998 - INFO - === HARDWARE SNAPSHOT AFTER LOAD ===
  gpu_count=0
  ram_used_mb=19489 ram_total_mb=32510 ram_pct=59.9%
  cpu_pct=1.0% cpu_name=<MagicMock name='mock.get_metrics().get()' id='2011331602768'>
  gpus=[]
2026-06-09 01:23:42,016 - INFO - === HARDWARE SNAPSHOT COMPARISON (BEFORE -> AFTER) ===
  model=test.gguf total_mb=20000
  weights=GPU0=100% cpu_weight=0
  ram_delta=+93 MB (before=19396 -> after=19489)
  gpu_changes=[N/A]
2026-06-09 01:23:42,044 - INFO - === HARDWARE SNAPSHOT COMPARISON (BEFORE -> AFTER) ===
  model=test.gguf total_mb=20000
  weights=GPU0=100% cpu_weight=0
  ram_delta=+93 MB (before=19396 -> after=19489)
  gpu_changes=[N/A]
2026-06-09 01:23:42,058 - INFO - === Auto-balance SUCCESS ===
  message=Balance otimizado por cascata (GPU0=100%).
  gpu_weights_exported=3 entries
  total_layers=0
  split_mode=layer
2026-06-09 01:23:42,084 - INFO - === Auto-balance SUCCESS ===
  message=Balance otimizado por cascata (GPU0=100%).
  gpu_weights_exported=3 entries
  total_layers=0
  split_mode=layer
2026-06-09 01:23:42,106 - INFO - === Auto-balance ANALYTIC START ===
  model=test.gguf path=/models/test.gguf
  context_size=4096 parallel_slots=1
  weights_mb=20000 (19.53 GB)  kv_cache_mb=0  total_mb=20000 (19.53 GB)
  active_gpus=1 | total_vram=24000 MB (23.44 GB)
  gpu_vram={0: 24000}
  gpu_names={0: GPU0}
  main_index=0
  priority_order=[0]
  cpu_enabled=True
  pins_count=1
2026-06-09 01:23:42,146 - INFO - === Auto-balance ANALYTIC START ===
  model=test.gguf path=/models/test.gguf
  context_size=4096 parallel_slots=1
  weights_mb=20000 (19.53 GB)  kv_cache_mb=0  total_mb=20000 (19.53 GB)
  active_gpus=1 | total_vram=24000 MB (23.44 GB)
  gpu_vram={0: 24000}
  gpu_names={0: GPU0}
  main_index=0
  priority_order=[0]
  cpu_enabled=True
  pins_count=1
2026-06-09 01:23:42,161 - INFO - === Auto-balance: LoadDistributor resultado ===
  is_feasible=True
  gpu_weights={0: 100}
  cpu_weight=0
  total_gpu_pct=100
2026-06-09 01:23:42,193 - INFO - === Auto-balance: LoadDistributor resultado ===
  is_feasible=True
  gpu_weights={0: 100}
  cpu_weight=0
  total_gpu_pct=100
2026-06-09 01:23:42,208 - INFO - === Auto-balance: peso final ===
  weight_label=GPU0=100%
  weight_map={0: 100%}
  cpu_weight=0
  pins_applied=0 (auto-balance limpa pins)
  budget_ok=True
2026-06-09 01:23:42,237 - INFO - === Auto-balance: peso final ===
  weight_label=GPU0=100%
  weight_map={0: 100%}
  cpu_weight=0
  pins_applied=0 (auto-balance limpa pins)
  budget_ok=True
2026-06-09 01:23:42,254 - INFO - === HARDWARE SNAPSHOT BEFORE LOAD ===
  gpu_count=0
  ram_used_mb=19492 ram_total_mb=32510 ram_pct=60.0%
  cpu_pct=1.0% cpu_name=<MagicMock name='mock.get_metrics().get()' id='2011328911120'>
  gpus=[]
2026-06-09 01:23:42,284 - INFO - === HARDWARE SNAPSHOT BEFORE LOAD ===
  gpu_count=0
  ram_used_mb=19492 ram_total_mb=32510 ram_pct=60.0%
  cpu_pct=1.0% cpu_name=<MagicMock name='mock.get_metrics().get()' id='2011328911120'>
  gpus=[]
2026-06-09 01:23:45,301 - INFO - === HARDWARE SNAPSHOT AFTER LOAD ===
  gpu_count=0
  ram_used_mb=19511 ram_total_mb=32510 ram_pct=60.0%
  cpu_pct=1.0% cpu_name=<MagicMock name='mock.get_metrics().get()' id='2011328911120'>
  gpus=[]
2026-06-09 01:23:45,331 - INFO - === HARDWARE SNAPSHOT AFTER LOAD ===
  gpu_count=0
  ram_used_mb=19511 ram_total_mb=32510 ram_pct=60.0%
  cpu_pct=1.0% cpu_name=<MagicMock name='mock.get_metrics().get()' id='2011328911120'>
  gpus=[]
2026-06-09 01:23:45,355 - INFO - === HARDWARE SNAPSHOT COMPARISON (BEFORE -> AFTER) ===
  model=test.gguf total_mb=20000
  weights=GPU0=100% cpu_weight=0
  ram_delta=+19 MB (before=19492 -> after=19511)
  gpu_changes=[N/A]
2026-06-09 01:23:45,384 - INFO - === HARDWARE SNAPSHOT COMPARISON (BEFORE -> AFTER) ===
  model=test.gguf total_mb=20000
  weights=GPU0=100% cpu_weight=0
  ram_delta=+19 MB (before=19492 -> after=19511)
  gpu_changes=[N/A]
2026-06-09 01:23:45,402 - INFO - === Auto-balance SUCCESS ===
  message=Balance otimizado por cascata (GPU0=100%).
  gpu_weights_exported=2 entries
  total_layers=0
  split_mode=layer
2026-06-09 01:23:45,475 - INFO - === Auto-balance SUCCESS ===
  message=Balance otimizado por cascata (GPU0=100%).
  gpu_weights_exported=2 entries
  total_layers=0
  split_mode=layer
2026-06-09 01:23:45,524 - INFO - === Auto-balance ANALYTIC START ===
  model=test.gguf path=/models/test.gguf
  context_size=4096 parallel_slots=1
  weights_mb=30000 (29.30 GB)  kv_cache_mb=0  total_mb=30000 (29.30 GB)
  active_gpus=2 | total_vram=40000 MB (39.06 GB)
  gpu_vram={0: 24000, 1: 16000}
  gpu_names={0: GPU0, 1: GPU1}
  main_index=0
  priority_order=[0, 1]
  cpu_enabled=True
  pins_count=0
2026-06-09 01:23:45,558 - INFO - === Auto-balance ANALYTIC START ===
  model=test.gguf path=/models/test.gguf
  context_size=4096 parallel_slots=1
  weights_mb=30000 (29.30 GB)  kv_cache_mb=0  total_mb=30000 (29.30 GB)
  active_gpus=2 | total_vram=40000 MB (39.06 GB)
  gpu_vram={0: 24000, 1: 16000}
  gpu_names={0: GPU0, 1: GPU1}
  main_index=0
  priority_order=[0, 1]
  cpu_enabled=True
  pins_count=0
2026-06-09 01:23:45,574 - INFO - === Auto-balance: LoadDistributor resultado ===
  is_feasible=True
  gpu_weights={0: 78, 1: 22}
  cpu_weight=0
  total_gpu_pct=100
2026-06-09 01:23:45,605 - INFO - === Auto-balance: LoadDistributor resultado ===
  is_feasible=True
  gpu_weights={0: 78, 1: 22}
  cpu_weight=0
  total_gpu_pct=100
2026-06-09 01:23:45,620 - INFO - === Auto-balance: peso final ===
  weight_label=GPU0=78%, GPU1=22%
  weight_map={0: 78%, 1: 22%}
  cpu_weight=0
  pins_applied=0 (auto-balance limpa pins)
  budget_ok=True
2026-06-09 01:23:45,656 - INFO - === Auto-balance: peso final ===
  weight_label=GPU0=78%, GPU1=22%
  weight_map={0: 78%, 1: 22%}
  cpu_weight=0
  pins_applied=0 (auto-balance limpa pins)
  budget_ok=True
2026-06-09 01:23:45,672 - INFO - === HARDWARE SNAPSHOT BEFORE LOAD ===
  gpu_count=0
  ram_used_mb=19519 ram_total_mb=32510 ram_pct=60.0%
  cpu_pct=1.0% cpu_name=<MagicMock name='mock.get_metrics().get()' id='2011328999376'>
  gpus=[]
2026-06-09 01:23:45,702 - INFO - === HARDWARE SNAPSHOT BEFORE LOAD ===
  gpu_count=0
  ram_used_mb=19519 ram_total_mb=32510 ram_pct=60.0%
  cpu_pct=1.0% cpu_name=<MagicMock name='mock.get_metrics().get()' id='2011328999376'>
  gpus=[]
2026-06-09 01:23:48,719 - INFO - === HARDWARE SNAPSHOT AFTER LOAD ===
  gpu_count=0
  ram_used_mb=19304 ram_total_mb=32510 ram_pct=59.4%
  cpu_pct=1.0% cpu_name=<MagicMock name='mock.get_metrics().get()' id='2011328999376'>
  gpus=[]
2026-06-09 01:23:48,749 - INFO - === HARDWARE SNAPSHOT AFTER LOAD ===
  gpu_count=0
  ram_used_mb=19304 ram_total_mb=32510 ram_pct=59.4%
  cpu_pct=1.0% cpu_name=<MagicMock name='mock.get_metrics().get()' id='2011328999376'>
  gpus=[]
2026-06-09 01:23:48,767 - INFO - === HARDWARE SNAPSHOT COMPARISON (BEFORE -> AFTER) ===
  model=test.gguf total_mb=30000
  weights=GPU0=78%, GPU1=22% cpu_weight=0
  ram_delta=-215 MB (before=19519 -> after=19304)
  gpu_changes=[N/A]
2026-06-09 01:23:48,823 - INFO - === HARDWARE SNAPSHOT COMPARISON (BEFORE -> AFTER) ===
  model=test.gguf total_mb=30000
  weights=GPU0=78%, GPU1=22% cpu_weight=0
  ram_delta=-215 MB (before=19519 -> after=19304)
  gpu_changes=[N/A]
2026-06-09 01:23:48,840 - INFO - === Auto-balance SUCCESS ===
  message=Balance otimizado por cascata (GPU0=78%, GPU1=22%).
  gpu_weights_exported=3 entries
  total_layers=0
  split_mode=layer
2026-06-09 01:23:48,876 - INFO - === Auto-balance SUCCESS ===
  message=Balance otimizado por cascata (GPU0=78%, GPU1=22%).
  gpu_weights_exported=3 entries
  total_layers=0
  split_mode=layer
2026-06-09 01:23:48,902 - INFO - === Auto-balance ANALYTIC START ===
  model=test.gguf path=/models/test.gguf
  context_size=4096 parallel_slots=1
  weights_mb=70000 (68.36 GB)  kv_cache_mb=0  total_mb=70000 (68.36 GB)
  active_gpus=2 | total_vram=40000 MB (39.06 GB)
  gpu_vram={0: 24000, 1: 16000}
  gpu_names={0: GPU0, 1: GPU1}
  main_index=0
  priority_order=[0, 1]
  cpu_enabled=True
  pins_count=0
2026-06-09 01:23:48,940 - INFO - === Auto-balance ANALYTIC START ===
  model=test.gguf path=/models/test.gguf
  context_size=4096 parallel_slots=1
  weights_mb=70000 (68.36 GB)  kv_cache_mb=0  total_mb=70000 (68.36 GB)
  active_gpus=2 | total_vram=40000 MB (39.06 GB)
  gpu_vram={0: 24000, 1: 16000}
  gpu_names={0: GPU0, 1: GPU1}
  main_index=0
  priority_order=[0, 1]
  cpu_enabled=True
  pins_count=0
2026-06-09 01:23:48,957 - INFO - === Auto-balance: LoadDistributor resultado ===
  is_feasible=True
  gpu_weights={0: 34, 1: 22}
  cpu_weight=44
  total_gpu_pct=56
2026-06-09 01:23:48,987 - INFO - === Auto-balance: LoadDistributor resultado ===
  is_feasible=True
  gpu_weights={0: 34, 1: 22}
  cpu_weight=44
  total_gpu_pct=56
2026-06-09 01:23:49,002 - INFO - === Auto-balance: peso final ===
  weight_label=GPU0=34%, GPU1=22%, CPU=44%
  weight_map={0: 34%, 1: 22%}
  cpu_weight=44
  pins_applied=0 (auto-balance limpa pins)
  budget_ok=True
2026-06-09 01:23:49,034 - INFO - === Auto-balance: peso final ===
  weight_label=GPU0=34%, GPU1=22%, CPU=44%
  weight_map={0: 34%, 1: 22%}
  cpu_weight=44
  pins_applied=0 (auto-balance limpa pins)
  budget_ok=True
2026-06-09 01:23:49,059 - INFO - === HARDWARE SNAPSHOT BEFORE LOAD ===
  gpu_count=0
  ram_used_mb=19263 ram_total_mb=32510 ram_pct=59.3%
  cpu_pct=1.0% cpu_name=<MagicMock name='mock.get_metrics().get()' id='2011332827088'>
  gpus=[]
2026-06-09 01:23:49,105 - INFO - === HARDWARE SNAPSHOT BEFORE LOAD ===
  gpu_count=0
  ram_used_mb=19263 ram_total_mb=32510 ram_pct=59.3%
  cpu_pct=1.0% cpu_name=<MagicMock name='mock.get_metrics().get()' id='2011332827088'>
  gpus=[]
2026-06-09 01:23:52,121 - INFO - === HARDWARE SNAPSHOT AFTER LOAD ===
  gpu_count=0
  ram_used_mb=19259 ram_total_mb=32510 ram_pct=59.2%
  cpu_pct=1.0% cpu_name=<MagicMock name='mock.get_metrics().get()' id='2011332827088'>
  gpus=[]
2026-06-09 01:23:52,159 - INFO - === HARDWARE SNAPSHOT AFTER LOAD ===
  gpu_count=0
  ram_used_mb=19259 ram_total_mb=32510 ram_pct=59.2%
  cpu_pct=1.0% cpu_name=<MagicMock name='mock.get_metrics().get()' id='2011332827088'>
  gpus=[]
2026-06-09 01:23:52,175 - INFO - === HARDWARE SNAPSHOT COMPARISON (BEFORE -> AFTER) ===
  model=test.gguf total_mb=70000
  weights=GPU0=34%, GPU1=22%, CPU=44% cpu_weight=44
  ram_delta=-4 MB (before=19263 -> after=19259)
  gpu_changes=[N/A]
2026-06-09 01:23:52,204 - INFO - === HARDWARE SNAPSHOT COMPARISON (BEFORE -> AFTER) ===
  model=test.gguf total_mb=70000
  weights=GPU0=34%, GPU1=22%, CPU=44% cpu_weight=44
  ram_delta=-4 MB (before=19263 -> after=19259)
  gpu_changes=[N/A]
2026-06-09 01:23:52,219 - INFO - === Auto-balance SUCCESS ===
  message=Balance otimizado por cascata (GPU0=34%, GPU1=22%, CPU=44%).
  gpu_weights_exported=3 entries
  total_layers=0
  split_mode=layer
2026-06-09 01:23:52,247 - INFO - === Auto-balance SUCCESS ===
  message=Balance otimizado por cascata (GPU0=34%, GPU1=22%, CPU=44%).
  gpu_weights_exported=3 entries
  total_layers=0
  split_mode=layer
2026-06-09 01:23:52,270 - INFO - === Auto-balance ANALYTIC START ===
  model=test.gguf path=/models/test.gguf
  context_size=4096 parallel_slots=1
  weights_mb=70000 (68.36 GB)  kv_cache_mb=0  total_mb=70000 (68.36 GB)
  active_gpus=2 | total_vram=40000 MB (39.06 GB)
  gpu_vram={0: 24000, 1: 16000}
  gpu_names={0: GPU0, 1: GPU1}
  main_index=0
  priority_order=[0, 1]
  cpu_enabled=False
  pins_count=0
2026-06-09 01:23:52,299 - INFO - === Auto-balance ANALYTIC START ===
  model=test.gguf path=/models/test.gguf
  context_size=4096 parallel_slots=1
  weights_mb=70000 (68.36 GB)  kv_cache_mb=0  total_mb=70000 (68.36 GB)
  active_gpus=2 | total_vram=40000 MB (39.06 GB)
  gpu_vram={0: 24000, 1: 16000}
  gpu_names={0: GPU0, 1: GPU1}
  main_index=0
  priority_order=[0, 1]
  cpu_enabled=False
  pins_count=0
2026-06-09 01:23:52,318 - INFO - === Auto-balance: LoadDistributor resultado ===
  is_feasible=False
  gpu_weights={0: 60, 1: 40}
  cpu_weight=0
  total_gpu_pct=100
2026-06-09 01:23:52,347 - INFO - === Auto-balance: LoadDistributor resultado ===
  is_feasible=False
  gpu_weights={0: 60, 1: 40}
  cpu_weight=0
  total_gpu_pct=100
2026-06-09 01:23:52,363 - INFO - === HARDWARE CAPACITY FAILURE ===
  reason=no_feasible_split
  model=test.gguf path=/models/test.gguf
  estimated_model_mb=?
  total_vram_mb=40000 total_vram_gb=39.06
  active_gpus=[0, 1]
  gpu_details=[{'index': 0, 'name': 'GPU0', 'vram_mb': 24000}, {'index': 1, 'name': 'GPU1', 'vram_mb': 16000}]
  context_size=4096 parallel_slots=1
  message=Não foi possível carregar "test.gguf" em nenhuma divisão testada entre as GPUs selecionadas. O modelo excede a capacidade do hardware atual (~39.1 GB de VRAM em 2 GPU(s)) com contexto 4096 e 1 slot(s).
2026-06-09 01:23:52,392 - INFO - === HARDWARE CAPACITY FAILURE ===
  reason=no_feasible_split
  model=test.gguf path=/models/test.gguf
  estimated_model_mb=?
  total_vram_mb=40000 total_vram_gb=39.06
  active_gpus=[0, 1]
  gpu_details=[{'index': 0, 'name': 'GPU0', 'vram_mb': 24000}, {'index': 1, 'name': 'GPU1', 'vram_mb': 16000}]
  context_size=4096 parallel_slots=1
  message=Não foi possível carregar "test.gguf" em nenhuma divisão testada entre as GPUs selecionadas. O modelo excede a capacidade do hardware atual (~39.1 GB de VRAM em 2 GPU(s)) com contexto 4096 e 1 slot(s).
2026-06-09 01:23:52,408 - INFO - === Auto-balance INFEASIBLE ===
  message=Não foi possível carregar "test.gguf" em nenhuma divisão testada entre as GPUs selecionadas. O modelo excede a capacidade do hardware atual (~39.1 GB de VRAM em 2 GPU(s)) com contexto 4096 e 1 slot(s).
  failure_code=hardware_capacity_exceeded
  total_vram_mb=40000
  estimated_mb=70000
  cpu_enabled=False
2026-06-09 01:23:52,438 - INFO - === Auto-balance INFEASIBLE ===
  message=Não foi possível carregar "test.gguf" em nenhuma divisão testada entre as GPUs selecionadas. O modelo excede a capacidade do hardware atual (~39.1 GB de VRAM em 2 GPU(s)) com contexto 4096 e 1 slot(s).
  failure_code=hardware_capacity_exceeded
  total_vram_mb=40000
  estimated_mb=70000
  cpu_enabled=False
2026-06-09 01:23:52,522 - INFO - START: /usr/bin/llama-server -m /fake/model.gguf -ngl 22 --flash-attn on --host 0.0.0.0 --port 8085 --tools all --parallel 1 --ctx-size 8192 --batch-size 2048 --mlock --main-gpu 0 --split-mode layer --tensor-split 1.0 --api-key sk-test --mmproj-auto --jinja --reasoning on --chat-template-kwargs {"enable_thinking":true} (CUDA_VISIBLE_DEVICES=0, ctx_per_slot=8192, server_ctx=8192, batch_size=2048, thinking_enabled=True, mtp_enabled=False, mtp_draft_tokens=3, mtp_applied=False, gpu_pct=70.0, cpu_pct=30.0, n_gpu_layers=22, n_cpu_layers=10)
2026-06-09 01:23:52,549 - INFO - START: /usr/bin/llama-server -m /fake/model.gguf -ngl 6 --flash-attn on --host 0.0.0.0 --port 8085 --tools all --parallel 1 --ctx-size 8192 --batch-size 2048 --mlock --main-gpu 0 --split-mode layer --tensor-split 1.0 --api-key sk-test --mmproj-auto --jinja --reasoning on --chat-template-kwargs {"enable_thinking":true} (CUDA_VISIBLE_DEVICES=0, ctx_per_slot=8192, server_ctx=8192, batch_size=2048, thinking_enabled=True, mtp_enabled=False, mtp_draft_tokens=3, mtp_applied=False, gpu_pct=20.0, cpu_pct=80.0, n_gpu_layers=6, n_cpu_layers=26)
2026-06-09 01:23:52,603 - INFO - START: /usr/bin/llama-server -m /fake/model.gguf -ngl 999 --flash-attn on --host 0.0.0.0 --port 8085 --tools all --parallel 1 --ctx-size 8192 --batch-size 2048 --mlock --main-gpu 0 --split-mode layer --tensor-split 1.0 --api-key sk-test --mmproj-auto --jinja --reasoning on --chat-template-kwargs {"enable_thinking":true} (CUDA_VISIBLE_DEVICES=0, ctx_per_slot=8192, server_ctx=8192, batch_size=2048, thinking_enabled=True, mtp_enabled=False, mtp_draft_tokens=3, mtp_applied=False, gpu_pct=100.0, cpu_pct=0, n_gpu_layers=999, n_cpu_layers=0)
2026-06-09 01:23:52,629 - INFO - START: /usr/bin/llama-server -m /fake/model.gguf -ngl 22 --flash-attn on --host 0.0.0.0 --port 8085 --tools all --parallel 1 --ctx-size 8192 --batch-size 2048 --mlock --main-gpu 0 --split-mode layer --tensor-split 1.0 --api-key sk-test --mmproj-auto --jinja --reasoning on --chat-template-kwargs {"enable_thinking":true} (CUDA_VISIBLE_DEVICES=0, ctx_per_slot=8192, server_ctx=8192, batch_size=2048, thinking_enabled=True, mtp_enabled=False, mtp_draft_tokens=3, mtp_applied=False, gpu_pct=70.0, cpu_pct=30.0, n_gpu_layers=22, n_cpu_layers=10)
2026-06-09 01:23:53,067 - ERROR - GPU detection error: Command 'nvidia-smi' returned non-zero exit status 1.
2026-06-09 01:23:53,109 - ERROR - GPU metrics error: Command 'nvidia-smi' returned non-zero exit status 1.
2026-06-09 01:23:53,126 - ERROR - System metrics error: ram metrics unavailable
2026-06-09 01:23:53,157 - ERROR - GPU metrics error: Command 'nvidia-smi' returned non-zero exit status 1.
2026-06-09 01:23:54,226 - ERROR - GPU metrics error: Command 'nvidia-smi' returned non-zero exit status 1.
2026-06-09 01:23:54,242 - ERROR - System metrics error: ram down
2026-06-09 01:23:54,266 - ERROR - GPU metrics error: Command 'nvidia-smi' returned non-zero exit status 1.
2026-06-09 01:23:54,425 - INFO - MTP requested but model has no MTP head, skipping flags
2026-06-09 01:23:54,590 - WARNING - llama-server nao encontrado automaticamente; configure LLAMA_SERVER_BIN ou paths.json (llama_server_bin)
2026-06-09 01:23:54,627 - WARNING - Could not detect MTP for /fake/model.gguf: boom
1969-12-31 21:16:40,000 - WARNING - OOM detected! Consecutive: 1
1969-12-31 21:16:45,000 - WARNING - OOM detected! Consecutive: 2
1969-12-31 21:16:40,000 - WARNING - OOM detected! Consecutive: 1
1969-12-31 21:17:11,000 - WARNING - OOM detected! Consecutive: 1
1969-12-31 21:16:40,000 - WARNING - OOM detected! Consecutive: 1
1969-12-31 21:16:45,000 - WARNING - OOM detected! Consecutive: 3
2026-06-09 01:23:55,159 - WARNING - Could not detect model layers for /fake/model.gguf: not found
2026-06-09 01:23:55,199 - INFO - START: /usr/bin/llama-server -m /fake/model.gguf -ngl 999 --flash-attn on --host 0.0.0.0 --port 8085 --tools all --parallel 1 --ctx-size 8192 --batch-size 2048 --mlock --main-gpu 0 --split-mode layer --tensor-split 1.0 --api-key test-token --mmproj-auto --jinja --reasoning on --chat-template-kwargs {"enable_thinking":true} (CUDA_VISIBLE_DEVICES=0, ctx_per_slot=8192, server_ctx=8192, batch_size=2048, thinking_enabled=True, mtp_enabled=False, mtp_draft_tokens=3, mtp_applied=False, gpu_pct=100.0, cpu_pct=0, n_gpu_layers=999, n_cpu_layers=0)
2026-06-09 01:23:55,227 - INFO - START: /usr/bin/llama-server -m /fake/model.gguf -ngl 22 --flash-attn on --host 0.0.0.0 --port 8085 --tools all --parallel 1 --ctx-size 8192 --batch-size 2048 --mlock --main-gpu 0 --split-mode layer --tensor-split 1.0 --api-key test-token --mmproj-auto --jinja --reasoning on --chat-template-kwargs {"enable_thinking":true} (CUDA_VISIBLE_DEVICES=0, ctx_per_slot=8192, server_ctx=8192, batch_size=2048, thinking_enabled=True, mtp_enabled=False, mtp_draft_tokens=3, mtp_applied=False, gpu_pct=70.0, cpu_pct=30.0, n_gpu_layers=22, n_cpu_layers=10)
2026-06-09 01:23:55,266 - INFO - START: /usr/bin/llama-server -m /fake/model.gguf -ngl 0 --flash-attn on --host 0.0.0.0 --port 8085 --tools all --parallel 1 --ctx-size 8192 --batch-size 2048 --mlock --main-gpu 0 --split-mode layer --tensor-split 1.0 --api-key test-token --mmproj-auto --jinja --reasoning on --chat-template-kwargs {"enable_thinking":true} (CUDA_VISIBLE_DEVICES=0, ctx_per_slot=8192, server_ctx=8192, batch_size=2048, thinking_enabled=True, mtp_enabled=False, mtp_draft_tokens=3, mtp_applied=False, gpu_pct=0, cpu_pct=0, n_gpu_layers=0, n_cpu_layers=32)
2026-06-09 01:23:55,299 - INFO - START: /usr/bin/llama-server -m /fake/model.gguf -ngl 999 --flash-attn on --host 0.0.0.0 --port 8085 --tools all --parallel 1 --ctx-size 8192 --batch-size 2048 --mlock --main-gpu 0 --split-mode layer --tensor-split 1.0 --api-key test-token --mmproj-auto --jinja --reasoning on --chat-template-kwargs {"enable_thinking":true} (CUDA_VISIBLE_DEVICES=0, ctx_per_slot=8192, server_ctx=8192, batch_size=2048, thinking_enabled=True, mtp_enabled=False, mtp_draft_tokens=3, mtp_applied=False, gpu_pct=100.0, cpu_pct=0, n_gpu_layers=999, n_cpu_layers=0)
2026-06-09 01:23:55,331 - INFO - START: /usr/bin/llama-server -m /fake/model.gguf -ngl 999 --flash-attn on --host 0.0.0.0 --port 8085 --tools all --parallel 1 --ctx-size 8192 --batch-size 2048 --mlock --main-gpu 0 --split-mode layer --tensor-split 1.0 --api-key test-token --mmproj-auto --jinja --reasoning on --chat-template-kwargs {"enable_thinking":true} (CUDA_VISIBLE_DEVICES=0, ctx_per_slot=8192, server_ctx=8192, batch_size=2048, thinking_enabled=True, mtp_enabled=False, mtp_draft_tokens=3, mtp_applied=False, gpu_pct=100.0, cpu_pct=0, n_gpu_layers=999, n_cpu_layers=0)
2026-06-09 01:23:55,384 - INFO - START: /usr/bin/llama-server -m /fake/model.gguf -ngl 56 --flash-attn on --host 0.0.0.0 --port 8085 --tools all --parallel 1 --ctx-size 8192 --batch-size 2048 --mlock --main-gpu 0 --split-mode layer --tensor-split 1.0 --api-key test-token --mmproj-auto --jinja --reasoning on --chat-template-kwargs {"enable_thinking":true} (CUDA_VISIBLE_DEVICES=0, ctx_per_slot=8192, server_ctx=8192, batch_size=2048, thinking_enabled=True, mtp_enabled=False, mtp_draft_tokens=3, mtp_applied=False, gpu_pct=70.0, cpu_pct=30.0, n_gpu_layers=56, n_cpu_layers=24)
2026-06-09 01:23:55,421 - INFO - START: /usr/bin/llama-server -m /fake/model.gguf -ngl 999 --flash-attn on --host 0.0.0.0 --port 8085 --tools all --parallel 1 --ctx-size 8192 --batch-size 2048 --mlock --main-gpu 0 --split-mode layer --tensor-split 1.0 --api-key test-token --mmproj-auto --jinja --reasoning on --chat-template-kwargs {"enable_thinking":true} (CUDA_VISIBLE_DEVICES=0, ctx_per_slot=8192, server_ctx=8192, batch_size=2048, thinking_enabled=True, mtp_enabled=False, mtp_draft_tokens=3, mtp_applied=False, gpu_pct=200.0, cpu_pct=0, n_gpu_layers=999, n_cpu_layers=0)
2026-06-09 01:23:55,455 - INFO - START: /usr/bin/llama-server -m /fake/model.gguf -ngl 999 --flash-attn on --host 0.0.0.0 --port 8085 --tools all --parallel 1 --ctx-size 8192 --batch-size 2048 --mlock --main-gpu 0 --split-mode layer --tensor-split 1.0 --api-key test-token --mmproj-auto --jinja --reasoning on --chat-template-kwargs {"enable_thinking":true} (CUDA_VISIBLE_DEVICES=0, ctx_per_slot=8192, server_ctx=8192, batch_size=2048, thinking_enabled=True, mtp_enabled=False, mtp_draft_tokens=3, mtp_applied=False, gpu_pct=100.0, cpu_pct=0, n_gpu_layers=999, n_cpu_layers=0)
2026-06-09 01:23:55,497 - INFO - START: /usr/bin/llama-server -m /fake/model.gguf -ngl 0 --flash-attn on --host 0.0.0.0 --port 8085 --tools all --parallel 1 --ctx-size 8192 --batch-size 2048 --mlock --main-gpu 0 --split-mode layer --tensor-split 1.0 --api-key test-token --mmproj-auto --jinja --reasoning on --chat-template-kwargs {"enable_thinking":true} (CUDA_VISIBLE_DEVICES=0, ctx_per_slot=8192, server_ctx=8192, batch_size=2048, thinking_enabled=True, mtp_enabled=False, mtp_draft_tokens=3, mtp_applied=False, gpu_pct=0, cpu_pct=0, n_gpu_layers=0, n_cpu_layers=32)
2026-06-09 01:23:55,750 - INFO - Verificacao de versao iniciada em /tmp/automanager-test
2026-06-09 01:23:55,770 - WARNING - Diretorio nao e um repositorio git: /tmp/automanager-test
2026-06-09 01:23:55,802 - INFO - Verificacao de versao iniciada em /tmp/automanager-test
2026-06-09 01:23:55,821 - INFO - Versao atualizada (branch=main, ref=aaa1111)
2026-06-09 01:23:55,872 - INFO - Verificacao de versao iniciada em /tmp/automanager-test
2026-06-09 01:23:55,893 - INFO - Atualizacao disponivel (branch=main, ahead=2, aaa1111 -> ddd4444)
2026-06-09 01:23:55,939 - INFO - Verificacao de versao iniciada em /tmp/automanager-test
2026-06-09 01:23:55,967 - WARNING - git fetch falhou (branch=main): fatal: could not read from remote
2026-06-09 01:23:56,003 - INFO - Verificacao de versao iniciada em /tmp/automanager-test
2026-06-09 01:23:56,023 - WARNING - git fetch expirou apos 30s (branch=main)
2026-06-09 01:23:56,059 - INFO - Verificacao de versao iniciada em /tmp/automanager-test
2026-06-09 01:23:56,077 - INFO - Versao atualizada (branch=feature/foo, ref=1111111)
2026-06-09 01:23:56,110 - INFO - Verificacao de versao iniciada em /tmp/automanager-test
2026-06-09 01:23:56,127 - INFO - Atualizacao disponivel (branch=main, ahead=12, local00 -> remote0)
2026-06-09 01:26:46,306 - INFO - models_dir atualizado para C:\Users\s293\AppData\Local\Temp\pytest-of-s293\pytest-234\test_set_models_dir_updates_sc0\new-models
2026-06-09 01:26:46,424 - WARNING - llama-server nao encontrado automaticamente; configure LLAMA_SERVER_BIN ou paths.json (llama_server_bin)
2026-06-09 01:26:46,497 - WARNING - Could not detect model layers for /media/docker/models/model.gguf: Command '"llama-server.exe" --model-info "/media/docker/models/model.gguf" 2>&1' returned non-zero exit status 1.
2026-06-09 01:26:46,587 - WARNING - Could not detect model layers for /media/docker/models/model.gguf: Command '"llama-server.exe" --model-info "/media/docker/models/model.gguf" 2>&1' returned non-zero exit status 1.
2026-06-09 01:26:47,090 - INFO - estimate_model_vram_mb [DISK] model=C:\Users\s293\AppData\Local\Temp\pytest-of-s293\pytest-234\test_estimate_model_vram_uses_0\qwen-49b.gguf disk_mb=100 runtime_overhead_mb=256 weights_mb=356 kv_cache_mb=6553 total_mb=6909
2026-06-09 01:26:47,122 - INFO - estimate_model_vram_mb [DISK] model=C:\Users\s293\AppData\Local\Temp\pytest-of-s293\pytest-234\test_estimate_model_vram_uses_0\qwen-49b.gguf disk_mb=100 runtime_overhead_mb=256 weights_mb=356 kv_cache_mb=6553 total_mb=6909
2026-06-09 01:26:47,172 - INFO - === HARDWARE CAPACITY FAILURE ===
  reason=no_feasible_split
  model=huge-model.gguf path=/models/huge-model.gguf
  estimated_model_mb=?
  total_vram_mb=24576 total_vram_gb=24.00
  active_gpus=[0]
  gpu_details=[{'index': 0, 'name': 'RTX 3090', 'vram_mb': 24576}]
  context_size=32768 parallel_slots=2
  message=Não foi possível carregar "huge-model.gguf" em nenhuma divisão testada entre as GPUs selecionadas. O modelo excede a capacidade do hardware atual (~24.0 GB de VRAM em 1 GPU(s)) com contexto 32768 e 2 slot(s).
2026-06-09 01:26:47,207 - INFO - === HARDWARE CAPACITY FAILURE ===
  reason=no_feasible_split
  model=huge-model.gguf path=/models/huge-model.gguf
  estimated_model_mb=?
  total_vram_mb=24576 total_vram_gb=24.00
  active_gpus=[0]
  gpu_details=[{'index': 0, 'name': 'RTX 3090', 'vram_mb': 24576}]
  context_size=32768 parallel_slots=2
  message=Não foi possível carregar "huge-model.gguf" em nenhuma divisão testada entre as GPUs selecionadas. O modelo excede a capacidade do hardware atual (~24.0 GB de VRAM em 1 GPU(s)) com contexto 32768 e 2 slot(s).
2026-06-09 01:26:47,238 - WARNING - OOM detected! Consecutive: 1
2026-06-09 01:26:47,383 - INFO - Auto-balance probe #1: weight_map={0: 100%} -> synced={0: 100%} | cpu_weight=10 -> probe_cpu=0 | active_weights=[gpu[0]=100.0%, cpu[-1]=0.0%]
2026-06-09 01:26:47,412 - INFO - Auto-balance probe #1: result=ready (cpu_weight=0, synced_map={0: 100%})
2026-06-09 01:26:47,583 - INFO - Session expired due to inactivity
2026-06-09 01:26:47,771 - INFO - START: /usr/bin/llama-server -m /fake/model.gguf -ngl 999 --flash-attn on --host 0.0.0.0 --port 8085 --tools all --parallel 1 --ctx-size 8192 --batch-size 2048 --mlock --main-gpu 0 --split-mode layer --tensor-split 1.0000 --api-key sk-test --mmproj-auto --jinja --reasoning on --chat-template-kwargs {"enable_thinking":true} (CUDA_VISIBLE_DEVICES=0, ctx_per_slot=8192, server_ctx=8192, batch_size=2048, thinking_enabled=True, mtp_enabled=False, mtp_draft_tokens=3, mtp_applied=False, gpu_pct=100.0, cpu_pct=0, n_gpu_layers=999, n_cpu_layers=0)
2026-06-09 01:26:47,797 - INFO - START: /usr/bin/llama-server -m /fake/model.gguf -ngl 999 --flash-attn on --host 0.0.0.0 --port 8085 --tools all --parallel 1 --ctx-size 8192 --batch-size 2048 --mlock --main-gpu 0 --split-mode layer --tensor-split 0.5000,0.5000 --api-key sk-test --mmproj-auto --jinja --reasoning on --chat-template-kwargs {"enable_thinking":true} (CUDA_VISIBLE_DEVICES=0,1, ctx_per_slot=8192, server_ctx=8192, batch_size=2048, thinking_enabled=True, mtp_enabled=False, mtp_draft_tokens=3, mtp_applied=False, gpu_pct=100.0, cpu_pct=0, n_gpu_layers=999, n_cpu_layers=0)
2026-06-09 01:26:47,823 - INFO - START: /usr/bin/llama-server -m /fake/model.gguf -ngl 999 --flash-attn on --host 0.0.0.0 --port 8085 --tools all --parallel 1 --ctx-size 8192 --batch-size 2048 --mlock --main-gpu 0 --split-mode layer --tensor-split 1.0000 --api-key sk-test --mmproj-auto --jinja --reasoning on --chat-template-kwargs {"enable_thinking":true} (CUDA_VISIBLE_DEVICES=0, ctx_per_slot=8192, server_ctx=8192, batch_size=2048, thinking_enabled=True, mtp_enabled=False, mtp_draft_tokens=3, mtp_applied=False, gpu_pct=100.0, cpu_pct=0, n_gpu_layers=999, n_cpu_layers=0)
2026-06-09 01:26:47,879 - INFO - START: /usr/bin/llama-server -m /fake/model.gguf -ngl 22 --flash-attn on --host 0.0.0.0 --port 8085 --tools all --parallel 1 --ctx-size 8192 --batch-size 2048 --mlock --main-gpu 0 --split-mode layer --tensor-split 1.0000 --api-key sk-test --mmproj-auto --jinja --reasoning on --chat-template-kwargs {"enable_thinking":true} (CUDA_VISIBLE_DEVICES=0, ctx_per_slot=8192, server_ctx=8192, batch_size=2048, thinking_enabled=True, mtp_enabled=False, mtp_draft_tokens=3, mtp_applied=False, gpu_pct=70.0, cpu_pct=30.0, n_gpu_layers=22, n_cpu_layers=10)
2026-06-09 01:26:47,918 - ERROR - GPU metrics error: not enough values to unpack (expected 2, got 0)
2026-06-09 01:26:48,061 - INFO - START: /usr/bin/llama-server -m /fake/model.gguf -ngl 999 --flash-attn on --host 0.0.0.0 --port 8085 --tools all --parallel 1 --ctx-size 8192 --batch-size 2048 --mlock --main-gpu 0 --split-mode layer --tensor-split 1.0000 --api-key sk-test --mmproj-auto --jinja --reasoning on --chat-template-kwargs {"enable_thinking":true} (CUDA_VISIBLE_DEVICES=0, ctx_per_slot=8192, server_ctx=8192, batch_size=2048, thinking_enabled=True, mtp_enabled=False, mtp_draft_tokens=3, mtp_applied=False, gpu_pct=70.0, cpu_pct=0.0, n_gpu_layers=999, n_cpu_layers=0)
2026-06-09 01:26:48,090 - INFO - START: /usr/bin/llama-server -m /fake/model.gguf -ngl 22 --flash-attn on --host 0.0.0.0 --port 8085 --tools all --parallel 1 --ctx-size 8192 --batch-size 2048 --mlock --main-gpu 0 --split-mode layer --tensor-split 1.0000 --api-key sk-test --mmproj-auto --jinja --reasoning on --chat-template-kwargs {"enable_thinking":true} (CUDA_VISIBLE_DEVICES=0, ctx_per_slot=8192, server_ctx=8192, batch_size=2048, thinking_enabled=True, mtp_enabled=False, mtp_draft_tokens=3, mtp_applied=False, gpu_pct=70.0, cpu_pct=30.0, n_gpu_layers=22, n_cpu_layers=10)
2026-06-09 01:26:48,113 - ERROR - GPU metrics error: not enough values to unpack (expected 2, got 0)
2026-06-09 01:26:48,234 - INFO - START: /usr/bin/llama-server -m /fake/model.gguf -ngl 999 --flash-attn on --host 0.0.0.0 --port 8085 --tools all --parallel 1 --ctx-size 8192 --batch-size 2048 --mlock --main-gpu 0 --split-mode layer --tensor-split 1.0000 --api-key sk-test --mmproj-auto --jinja --reasoning on --chat-template-kwargs {"enable_thinking":true} (CUDA_VISIBLE_DEVICES=0, ctx_per_slot=8192, server_ctx=8192, batch_size=2048, thinking_enabled=True, mtp_enabled=False, mtp_draft_tokens=3, mtp_applied=False, gpu_pct=70.0, cpu_pct=0.0, n_gpu_layers=999, n_cpu_layers=0)
2026-06-09 01:26:48,273 - INFO - START: /usr/bin/llama-server -m /fake/model.gguf -ngl 70 --flash-attn on --host 0.0.0.0 --port 8085 --tools all --parallel 1 --ctx-size 8192 --batch-size 2048 --mlock --main-gpu 0 --split-mode layer --tensor-split 0.7143,0.2857 --api-key sk-test --mmproj-auto --jinja --reasoning on --chat-template-kwargs {"enable_thinking":true} (CUDA_VISIBLE_DEVICES=0,1, ctx_per_slot=8192, server_ctx=8192, batch_size=2048, thinking_enabled=True, mtp_enabled=False, mtp_draft_tokens=3, mtp_applied=False, gpu_pct=70.0, cpu_pct=30.0, n_gpu_layers=70, n_cpu_layers=30)
2026-06-09 01:26:48,301 - INFO - START: /usr/bin/llama-server -m /fake/model.gguf -ngl 999 --flash-attn on --host 0.0.0.0 --port 8085 --tools all --parallel 1 --ctx-size 8192 --batch-size 2048 --mlock --main-gpu 1 --split-mode layer --tensor-split 0.6000,0.4000 --api-key sk-test --mmproj-auto --jinja --reasoning on --chat-template-kwargs {"enable_thinking":true} (CUDA_VISIBLE_DEVICES=0,1, ctx_per_slot=8192, server_ctx=8192, batch_size=2048, thinking_enabled=True, mtp_enabled=False, mtp_draft_tokens=3, mtp_applied=False, gpu_pct=100.0, cpu_pct=0, n_gpu_layers=999, n_cpu_layers=0)
2026-06-09 01:26:48,322 - INFO - === Auto-balance ANALYTIC START ===
  model=test.gguf path=/models/test.gguf
  context_size=4096 parallel_slots=1
  weights_mb=20000 (19.53 GB)  kv_cache_mb=0  total_mb=20000 (19.53 GB)
  active_gpus=2 | total_vram=40000 MB (39.06 GB)
  gpu_vram={0: 24000, 1: 16000}
  gpu_names={0: GPU0, 1: GPU1}
  main_index=0
  priority_order=[0, 1]
  cpu_enabled=True
  pins_count=0
2026-06-09 01:26:48,356 - INFO - === Auto-balance ANALYTIC START ===
  model=test.gguf path=/models/test.gguf
  context_size=4096 parallel_slots=1
  weights_mb=20000 (19.53 GB)  kv_cache_mb=0  total_mb=20000 (19.53 GB)
  active_gpus=2 | total_vram=40000 MB (39.06 GB)
  gpu_vram={0: 24000, 1: 16000}
  gpu_names={0: GPU0, 1: GPU1}
  main_index=0
  priority_order=[0, 1]
  cpu_enabled=True
  pins_count=0
2026-06-09 01:26:48,375 - INFO - === Auto-balance: LoadDistributor resultado ===
  is_feasible=True
  gpu_weights={0: 100, 1: 0}
  cpu_weight=0
  total_gpu_pct=100
2026-06-09 01:26:48,429 - INFO - === Auto-balance: LoadDistributor resultado ===
  is_feasible=True
  gpu_weights={0: 100, 1: 0}
  cpu_weight=0
  total_gpu_pct=100
2026-06-09 01:26:48,448 - INFO - === Auto-balance: peso final ===
  weight_label=GPU0=100%
  weight_map={0: 100%, 1: 0%}
  cpu_weight=0
  pins_applied=0 (auto-balance limpa pins)
  budget_ok=True
2026-06-09 01:26:48,480 - INFO - === Auto-balance: peso final ===
  weight_label=GPU0=100%
  weight_map={0: 100%, 1: 0%}
  cpu_weight=0
  pins_applied=0 (auto-balance limpa pins)
  budget_ok=True
2026-06-09 01:26:48,519 - INFO - === HARDWARE SNAPSHOT BEFORE LOAD ===
  gpu_count=0
  ram_used_mb=21451 ram_total_mb=32510 ram_pct=66.0%
  cpu_pct=1.0% cpu_name=<MagicMock name='mock.get_metrics().get()' id='1980610895312'>
  gpus=[]
2026-06-09 01:26:48,551 - INFO - === HARDWARE SNAPSHOT BEFORE LOAD ===
  gpu_count=0
  ram_used_mb=21451 ram_total_mb=32510 ram_pct=66.0%
  cpu_pct=1.0% cpu_name=<MagicMock name='mock.get_metrics().get()' id='1980610895312'>
  gpus=[]
2026-06-09 01:26:51,588 - INFO - === HARDWARE SNAPSHOT AFTER LOAD ===
  gpu_count=0
  ram_used_mb=22090 ram_total_mb=32510 ram_pct=67.9%
  cpu_pct=1.0% cpu_name=<MagicMock name='mock.get_metrics().get()' id='1980610895312'>
  gpus=[]
2026-06-09 01:26:51,635 - INFO - === HARDWARE SNAPSHOT AFTER LOAD ===
  gpu_count=0
  ram_used_mb=22090 ram_total_mb=32510 ram_pct=67.9%
  cpu_pct=1.0% cpu_name=<MagicMock name='mock.get_metrics().get()' id='1980610895312'>
  gpus=[]
2026-06-09 01:26:51,652 - INFO - === HARDWARE SNAPSHOT COMPARISON (BEFORE -> AFTER) ===
  model=test.gguf total_mb=20000
  weights=GPU0=100% cpu_weight=0
  ram_delta=+639 MB (before=21451 -> after=22090)
  gpu_changes=[N/A]
2026-06-09 01:26:51,682 - INFO - === HARDWARE SNAPSHOT COMPARISON (BEFORE -> AFTER) ===
  model=test.gguf total_mb=20000
  weights=GPU0=100% cpu_weight=0
  ram_delta=+639 MB (before=21451 -> after=22090)
  gpu_changes=[N/A]
2026-06-09 01:26:51,698 - INFO - === Auto-balance SUCCESS ===
  message=Balance otimizado por cascata (GPU0=100%).
  gpu_weights_exported=3 entries
  total_layers=0
  split_mode=layer
2026-06-09 01:26:51,728 - INFO - === Auto-balance SUCCESS ===
  message=Balance otimizado por cascata (GPU0=100%).
  gpu_weights_exported=3 entries
  total_layers=0
  split_mode=layer
2026-06-09 01:26:51,747 - INFO - === Auto-balance ANALYTIC START ===
  model=test.gguf path=/models/test.gguf
  context_size=4096 parallel_slots=1
  weights_mb=20000 (19.53 GB)  kv_cache_mb=0  total_mb=20000 (19.53 GB)
  active_gpus=1 | total_vram=24000 MB (23.44 GB)
  gpu_vram={0: 24000}
  gpu_names={0: GPU0}
  main_index=0
  priority_order=[0]
  cpu_enabled=True
  pins_count=1
2026-06-09 01:26:51,776 - INFO - === Auto-balance ANALYTIC START ===
  model=test.gguf path=/models/test.gguf
  context_size=4096 parallel_slots=1
  weights_mb=20000 (19.53 GB)  kv_cache_mb=0  total_mb=20000 (19.53 GB)
  active_gpus=1 | total_vram=24000 MB (23.44 GB)
  gpu_vram={0: 24000}
  gpu_names={0: GPU0}
  main_index=0
  priority_order=[0]
  cpu_enabled=True
  pins_count=1
2026-06-09 01:26:51,793 - INFO - === Auto-balance: LoadDistributor resultado ===
  is_feasible=True
  gpu_weights={0: 100}
  cpu_weight=0
  total_gpu_pct=100
2026-06-09 01:26:51,850 - INFO - === Auto-balance: LoadDistributor resultado ===
  is_feasible=True
  gpu_weights={0: 100}
  cpu_weight=0
  total_gpu_pct=100
2026-06-09 01:26:51,877 - INFO - === Auto-balance: peso final ===
  weight_label=GPU0=100%
  weight_map={0: 100%}
  cpu_weight=0
  pins_applied=0 (auto-balance limpa pins)
  budget_ok=True
2026-06-09 01:26:51,913 - INFO - === Auto-balance: peso final ===
  weight_label=GPU0=100%
  weight_map={0: 100%}
  cpu_weight=0
  pins_applied=0 (auto-balance limpa pins)
  budget_ok=True
2026-06-09 01:26:51,931 - INFO - === HARDWARE SNAPSHOT BEFORE LOAD ===
  gpu_count=0
  ram_used_mb=22161 ram_total_mb=32510 ram_pct=68.2%
  cpu_pct=1.0% cpu_name=<MagicMock name='mock.get_metrics().get()' id='1980610205456'>
  gpus=[]
2026-06-09 01:26:51,962 - INFO - === HARDWARE SNAPSHOT BEFORE LOAD ===
  gpu_count=0
  ram_used_mb=22161 ram_total_mb=32510 ram_pct=68.2%
  cpu_pct=1.0% cpu_name=<MagicMock name='mock.get_metrics().get()' id='1980610205456'>
  gpus=[]
2026-06-09 01:26:54,981 - INFO - === HARDWARE SNAPSHOT AFTER LOAD ===
  gpu_count=0
  ram_used_mb=22816 ram_total_mb=32510 ram_pct=70.2%
  cpu_pct=1.0% cpu_name=<MagicMock name='mock.get_metrics().get()' id='1980610205456'>
  gpus=[]
2026-06-09 01:26:55,013 - INFO - === HARDWARE SNAPSHOT AFTER LOAD ===
  gpu_count=0
  ram_used_mb=22816 ram_total_mb=32510 ram_pct=70.2%
  cpu_pct=1.0% cpu_name=<MagicMock name='mock.get_metrics().get()' id='1980610205456'>
  gpus=[]
2026-06-09 01:26:55,033 - INFO - === HARDWARE SNAPSHOT COMPARISON (BEFORE -> AFTER) ===
  model=test.gguf total_mb=20000
  weights=GPU0=100% cpu_weight=0
  ram_delta=+655 MB (before=22161 -> after=22816)
  gpu_changes=[N/A]
2026-06-09 01:26:55,069 - INFO - === HARDWARE SNAPSHOT COMPARISON (BEFORE -> AFTER) ===
  model=test.gguf total_mb=20000
  weights=GPU0=100% cpu_weight=0
  ram_delta=+655 MB (before=22161 -> after=22816)
  gpu_changes=[N/A]
2026-06-09 01:26:55,086 - INFO - === Auto-balance SUCCESS ===
  message=Balance otimizado por cascata (GPU0=100%).
  gpu_weights_exported=2 entries
  total_layers=0
  split_mode=layer
2026-06-09 01:26:55,116 - INFO - === Auto-balance SUCCESS ===
  message=Balance otimizado por cascata (GPU0=100%).
  gpu_weights_exported=2 entries
  total_layers=0
  split_mode=layer
2026-06-09 01:26:55,157 - INFO - === Auto-balance ANALYTIC START ===
  model=test.gguf path=/models/test.gguf
  context_size=4096 parallel_slots=1
  weights_mb=30000 (29.30 GB)  kv_cache_mb=0  total_mb=30000 (29.30 GB)
  active_gpus=2 | total_vram=40000 MB (39.06 GB)
  gpu_vram={0: 24000, 1: 16000}
  gpu_names={0: GPU0, 1: GPU1}
  main_index=0
  priority_order=[0, 1]
  cpu_enabled=True
  pins_count=0
2026-06-09 01:26:55,191 - INFO - === Auto-balance ANALYTIC START ===
  model=test.gguf path=/models/test.gguf
  context_size=4096 parallel_slots=1
  weights_mb=30000 (29.30 GB)  kv_cache_mb=0  total_mb=30000 (29.30 GB)
  active_gpus=2 | total_vram=40000 MB (39.06 GB)
  gpu_vram={0: 24000, 1: 16000}
  gpu_names={0: GPU0, 1: GPU1}
  main_index=0
  priority_order=[0, 1]
  cpu_enabled=True
  pins_count=0
2026-06-09 01:26:55,206 - INFO - === Auto-balance: LoadDistributor resultado ===
  is_feasible=True
  gpu_weights={0: 78, 1: 22}
  cpu_weight=0
  total_gpu_pct=100
2026-06-09 01:26:55,238 - INFO - === Auto-balance: LoadDistributor resultado ===
  is_feasible=True
  gpu_weights={0: 78, 1: 22}
  cpu_weight=0
  total_gpu_pct=100
2026-06-09 01:26:55,254 - INFO - === Auto-balance: peso final ===
  weight_label=GPU0=78%, GPU1=22%
  weight_map={0: 78%, 1: 22%}
  cpu_weight=0
  pins_applied=0 (auto-balance limpa pins)
  budget_ok=True
2026-06-09 01:26:55,292 - INFO - === Auto-balance: peso final ===
  weight_label=GPU0=78%, GPU1=22%
  weight_map={0: 78%, 1: 22%}
  cpu_weight=0
  pins_applied=0 (auto-balance limpa pins)
  budget_ok=True
2026-06-09 01:26:55,311 - INFO - === HARDWARE SNAPSHOT BEFORE LOAD ===
  gpu_count=0
  ram_used_mb=22824 ram_total_mb=32510 ram_pct=70.2%
  cpu_pct=1.0% cpu_name=<MagicMock name='mock.get_metrics().get()' id='1980609930128'>
  gpus=[]
2026-06-09 01:26:55,350 - INFO - === HARDWARE SNAPSHOT BEFORE LOAD ===
  gpu_count=0
  ram_used_mb=22824 ram_total_mb=32510 ram_pct=70.2%
  cpu_pct=1.0% cpu_name=<MagicMock name='mock.get_metrics().get()' id='1980609930128'>
  gpus=[]
2026-06-09 01:26:58,381 - INFO - === HARDWARE SNAPSHOT AFTER LOAD ===
  gpu_count=0
  ram_used_mb=21024 ram_total_mb=32510 ram_pct=64.7%
  cpu_pct=1.0% cpu_name=<MagicMock name='mock.get_metrics().get()' id='1980609930128'>
  gpus=[]
2026-06-09 01:26:58,432 - INFO - === HARDWARE SNAPSHOT AFTER LOAD ===
  gpu_count=0
  ram_used_mb=21024 ram_total_mb=32510 ram_pct=64.7%
  cpu_pct=1.0% cpu_name=<MagicMock name='mock.get_metrics().get()' id='1980609930128'>
  gpus=[]
2026-06-09 01:26:58,459 - INFO - === HARDWARE SNAPSHOT COMPARISON (BEFORE -> AFTER) ===
  model=test.gguf total_mb=30000
  weights=GPU0=78%, GPU1=22% cpu_weight=0
  ram_delta=-1800 MB (before=22824 -> after=21024)
  gpu_changes=[N/A]
2026-06-09 01:26:58,505 - INFO - === HARDWARE SNAPSHOT COMPARISON (BEFORE -> AFTER) ===
  model=test.gguf total_mb=30000
  weights=GPU0=78%, GPU1=22% cpu_weight=0
  ram_delta=-1800 MB (before=22824 -> after=21024)
  gpu_changes=[N/A]
2026-06-09 01:26:58,523 - INFO - === Auto-balance SUCCESS ===
  message=Balance otimizado por cascata (GPU0=78%, GPU1=22%).
  gpu_weights_exported=3 entries
  total_layers=0
  split_mode=layer
2026-06-09 01:26:58,563 - INFO - === Auto-balance SUCCESS ===
  message=Balance otimizado por cascata (GPU0=78%, GPU1=22%).
  gpu_weights_exported=3 entries
  total_layers=0
  split_mode=layer
2026-06-09 01:26:58,612 - INFO - === Auto-balance ANALYTIC START ===
  model=test.gguf path=/models/test.gguf
  context_size=4096 parallel_slots=1
  weights_mb=70000 (68.36 GB)  kv_cache_mb=0  total_mb=70000 (68.36 GB)
  active_gpus=2 | total_vram=40000 MB (39.06 GB)
  gpu_vram={0: 24000, 1: 16000}
  gpu_names={0: GPU0, 1: GPU1}
  main_index=0
  priority_order=[0, 1]
  cpu_enabled=True
  pins_count=0
2026-06-09 01:26:58,648 - INFO - === Auto-balance ANALYTIC START ===
  model=test.gguf path=/models/test.gguf
  context_size=4096 parallel_slots=1
  weights_mb=70000 (68.36 GB)  kv_cache_mb=0  total_mb=70000 (68.36 GB)
  active_gpus=2 | total_vram=40000 MB (39.06 GB)
  gpu_vram={0: 24000, 1: 16000}
  gpu_names={0: GPU0, 1: GPU1}
  main_index=0
  priority_order=[0, 1]
  cpu_enabled=True
  pins_count=0
2026-06-09 01:26:58,667 - INFO - === Auto-balance: LoadDistributor resultado ===
  is_feasible=True
  gpu_weights={0: 34, 1: 22}
  cpu_weight=44
  total_gpu_pct=56
2026-06-09 01:26:58,702 - INFO - === Auto-balance: LoadDistributor resultado ===
  is_feasible=True
  gpu_weights={0: 34, 1: 22}
  cpu_weight=44
  total_gpu_pct=56
2026-06-09 01:26:58,718 - INFO - === Auto-balance: peso final ===
  weight_label=GPU0=34%, GPU1=22%, CPU=44%
  weight_map={0: 34%, 1: 22%}
  cpu_weight=44
  pins_applied=0 (auto-balance limpa pins)
  budget_ok=True
2026-06-09 01:26:58,752 - INFO - === Auto-balance: peso final ===
  weight_label=GPU0=34%, GPU1=22%, CPU=44%
  weight_map={0: 34%, 1: 22%}
  cpu_weight=44
  pins_applied=0 (auto-balance limpa pins)
  budget_ok=True
2026-06-09 01:26:58,770 - INFO - === HARDWARE SNAPSHOT BEFORE LOAD ===
  gpu_count=0
  ram_used_mb=20989 ram_total_mb=32510 ram_pct=64.6%
  cpu_pct=1.0% cpu_name=<MagicMock name='mock.get_metrics().get()' id='1980610596816'>
  gpus=[]
2026-06-09 01:26:58,816 - INFO - === HARDWARE SNAPSHOT BEFORE LOAD ===
  gpu_count=0
  ram_used_mb=20989 ram_total_mb=32510 ram_pct=64.6%
  cpu_pct=1.0% cpu_name=<MagicMock name='mock.get_metrics().get()' id='1980610596816'>
  gpus=[]
2026-06-09 01:27:01,834 - INFO - === HARDWARE SNAPSHOT AFTER LOAD ===
  gpu_count=0
  ram_used_mb=21751 ram_total_mb=32510 ram_pct=66.9%
  cpu_pct=1.0% cpu_name=<MagicMock name='mock.get_metrics().get()' id='1980610596816'>
  gpus=[]
2026-06-09 01:27:01,874 - INFO - === HARDWARE SNAPSHOT AFTER LOAD ===
  gpu_count=0
  ram_used_mb=21751 ram_total_mb=32510 ram_pct=66.9%
  cpu_pct=1.0% cpu_name=<MagicMock name='mock.get_metrics().get()' id='1980610596816'>
  gpus=[]
2026-06-09 01:27:01,902 - INFO - === HARDWARE SNAPSHOT COMPARISON (BEFORE -> AFTER) ===
  model=test.gguf total_mb=70000
  weights=GPU0=34%, GPU1=22%, CPU=44% cpu_weight=44
  ram_delta=+762 MB (before=20989 -> after=21751)
  gpu_changes=[N/A]
2026-06-09 01:27:01,941 - INFO - === HARDWARE SNAPSHOT COMPARISON (BEFORE -> AFTER) ===
  model=test.gguf total_mb=70000
  weights=GPU0=34%, GPU1=22%, CPU=44% cpu_weight=44
  ram_delta=+762 MB (before=20989 -> after=21751)
  gpu_changes=[N/A]
2026-06-09 01:27:01,958 - INFO - === Auto-balance SUCCESS ===
  message=Balance otimizado por cascata (GPU0=34%, GPU1=22%, CPU=44%).
  gpu_weights_exported=3 entries
  total_layers=0
  split_mode=layer
2026-06-09 01:27:01,990 - INFO - === Auto-balance SUCCESS ===
  message=Balance otimizado por cascata (GPU0=34%, GPU1=22%, CPU=44%).
  gpu_weights_exported=3 entries
  total_layers=0
  split_mode=layer
2026-06-09 01:27:02,015 - INFO - === Auto-balance ANALYTIC START ===
  model=test.gguf path=/models/test.gguf
  context_size=4096 parallel_slots=1
  weights_mb=70000 (68.36 GB)  kv_cache_mb=0  total_mb=70000 (68.36 GB)
  active_gpus=2 | total_vram=40000 MB (39.06 GB)
  gpu_vram={0: 24000, 1: 16000}
  gpu_names={0: GPU0, 1: GPU1}
  main_index=0
  priority_order=[0, 1]
  cpu_enabled=False
  pins_count=0
2026-06-09 01:27:02,043 - INFO - === Auto-balance ANALYTIC START ===
  model=test.gguf path=/models/test.gguf
  context_size=4096 parallel_slots=1
  weights_mb=70000 (68.36 GB)  kv_cache_mb=0  total_mb=70000 (68.36 GB)
  active_gpus=2 | total_vram=40000 MB (39.06 GB)
  gpu_vram={0: 24000, 1: 16000}
  gpu_names={0: GPU0, 1: GPU1}
  main_index=0
  priority_order=[0, 1]
  cpu_enabled=False
  pins_count=0
2026-06-09 01:27:02,060 - INFO - === Auto-balance: LoadDistributor resultado ===
  is_feasible=False
  gpu_weights={0: 60, 1: 40}
  cpu_weight=0
  total_gpu_pct=100
2026-06-09 01:27:02,090 - INFO - === Auto-balance: LoadDistributor resultado ===
  is_feasible=False
  gpu_weights={0: 60, 1: 40}
  cpu_weight=0
  total_gpu_pct=100
2026-06-09 01:27:02,106 - INFO - === HARDWARE CAPACITY FAILURE ===
  reason=no_feasible_split
  model=test.gguf path=/models/test.gguf
  estimated_model_mb=?
  total_vram_mb=40000 total_vram_gb=39.06
  active_gpus=[0, 1]
  gpu_details=[{'index': 0, 'name': 'GPU0', 'vram_mb': 24000}, {'index': 1, 'name': 'GPU1', 'vram_mb': 16000}]
  context_size=4096 parallel_slots=1
  message=Não foi possível carregar "test.gguf" em nenhuma divisão testada entre as GPUs selecionadas. O modelo excede a capacidade do hardware atual (~39.1 GB de VRAM em 2 GPU(s)) com contexto 4096 e 1 slot(s).
2026-06-09 01:27:02,136 - INFO - === HARDWARE CAPACITY FAILURE ===
  reason=no_feasible_split
  model=test.gguf path=/models/test.gguf
  estimated_model_mb=?
  total_vram_mb=40000 total_vram_gb=39.06
  active_gpus=[0, 1]
  gpu_details=[{'index': 0, 'name': 'GPU0', 'vram_mb': 24000}, {'index': 1, 'name': 'GPU1', 'vram_mb': 16000}]
  context_size=4096 parallel_slots=1
  message=Não foi possível carregar "test.gguf" em nenhuma divisão testada entre as GPUs selecionadas. O modelo excede a capacidade do hardware atual (~39.1 GB de VRAM em 2 GPU(s)) com contexto 4096 e 1 slot(s).
2026-06-09 01:27:02,155 - INFO - === Auto-balance INFEASIBLE ===
  message=Não foi possível carregar "test.gguf" em nenhuma divisão testada entre as GPUs selecionadas. O modelo excede a capacidade do hardware atual (~39.1 GB de VRAM em 2 GPU(s)) com contexto 4096 e 1 slot(s).
  failure_code=hardware_capacity_exceeded
  total_vram_mb=40000
  estimated_mb=70000
  cpu_enabled=False
2026-06-09 01:27:02,201 - INFO - === Auto-balance INFEASIBLE ===
  message=Não foi possível carregar "test.gguf" em nenhuma divisão testada entre as GPUs selecionadas. O modelo excede a capacidade do hardware atual (~39.1 GB de VRAM em 2 GPU(s)) com contexto 4096 e 1 slot(s).
  failure_code=hardware_capacity_exceeded
  total_vram_mb=40000
  estimated_mb=70000
  cpu_enabled=False
2026-06-09 01:27:02,273 - INFO - START: /usr/bin/llama-server -m /fake/model.gguf -ngl 22 --flash-attn on --host 0.0.0.0 --port 8085 --tools all --parallel 1 --ctx-size 8192 --batch-size 2048 --mlock --main-gpu 0 --split-mode layer --tensor-split 1.0 --api-key sk-test --mmproj-auto --jinja --reasoning on --chat-template-kwargs {"enable_thinking":true} (CUDA_VISIBLE_DEVICES=0, ctx_per_slot=8192, server_ctx=8192, batch_size=2048, thinking_enabled=True, mtp_enabled=False, mtp_draft_tokens=3, mtp_applied=False, gpu_pct=70.0, cpu_pct=30.0, n_gpu_layers=22, n_cpu_layers=10)
2026-06-09 01:27:02,299 - INFO - START: /usr/bin/llama-server -m /fake/model.gguf -ngl 6 --flash-attn on --host 0.0.0.0 --port 8085 --tools all --parallel 1 --ctx-size 8192 --batch-size 2048 --mlock --main-gpu 0 --split-mode layer --tensor-split 1.0 --api-key sk-test --mmproj-auto --jinja --reasoning on --chat-template-kwargs {"enable_thinking":true} (CUDA_VISIBLE_DEVICES=0, ctx_per_slot=8192, server_ctx=8192, batch_size=2048, thinking_enabled=True, mtp_enabled=False, mtp_draft_tokens=3, mtp_applied=False, gpu_pct=20.0, cpu_pct=80.0, n_gpu_layers=6, n_cpu_layers=26)
2026-06-09 01:27:02,365 - INFO - START: /usr/bin/llama-server -m /fake/model.gguf -ngl 999 --flash-attn on --host 0.0.0.0 --port 8085 --tools all --parallel 1 --ctx-size 8192 --batch-size 2048 --mlock --main-gpu 0 --split-mode layer --tensor-split 1.0 --api-key sk-test --mmproj-auto --jinja --reasoning on --chat-template-kwargs {"enable_thinking":true} (CUDA_VISIBLE_DEVICES=0, ctx_per_slot=8192, server_ctx=8192, batch_size=2048, thinking_enabled=True, mtp_enabled=False, mtp_draft_tokens=3, mtp_applied=False, gpu_pct=100.0, cpu_pct=0, n_gpu_layers=999, n_cpu_layers=0)
2026-06-09 01:27:02,398 - INFO - START: /usr/bin/llama-server -m /fake/model.gguf -ngl 22 --flash-attn on --host 0.0.0.0 --port 8085 --tools all --parallel 1 --ctx-size 8192 --batch-size 2048 --mlock --main-gpu 0 --split-mode layer --tensor-split 1.0 --api-key sk-test --mmproj-auto --jinja --reasoning on --chat-template-kwargs {"enable_thinking":true} (CUDA_VISIBLE_DEVICES=0, ctx_per_slot=8192, server_ctx=8192, batch_size=2048, thinking_enabled=True, mtp_enabled=False, mtp_draft_tokens=3, mtp_applied=False, gpu_pct=70.0, cpu_pct=30.0, n_gpu_layers=22, n_cpu_layers=10)
2026-06-09 01:27:02,945 - ERROR - GPU detection error: Command 'nvidia-smi' returned non-zero exit status 1.
2026-06-09 01:27:02,986 - ERROR - GPU metrics error: Command 'nvidia-smi' returned non-zero exit status 1.
2026-06-09 01:27:03,002 - ERROR - System metrics error: ram metrics unavailable
2026-06-09 01:27:03,030 - ERROR - GPU metrics error: Command 'nvidia-smi' returned non-zero exit status 1.
2026-06-09 01:27:04,175 - ERROR - GPU metrics error: Command 'nvidia-smi' returned non-zero exit status 1.
2026-06-09 01:27:04,198 - ERROR - System metrics error: ram down
2026-06-09 01:27:04,245 - ERROR - GPU metrics error: Command 'nvidia-smi' returned non-zero exit status 1.
2026-06-09 01:27:04,416 - INFO - MTP requested but model has no MTP head, skipping flags
2026-06-09 01:27:04,569 - WARNING - llama-server nao encontrado automaticamente; configure LLAMA_SERVER_BIN ou paths.json (llama_server_bin)
2026-06-09 01:27:04,616 - WARNING - Could not detect MTP for /fake/model.gguf: boom
1969-12-31 21:16:40,000 - WARNING - OOM detected! Consecutive: 1
1969-12-31 21:16:45,000 - WARNING - OOM detected! Consecutive: 2
1969-12-31 21:16:40,000 - WARNING - OOM detected! Consecutive: 1
1969-12-31 21:17:11,000 - WARNING - OOM detected! Consecutive: 1
1969-12-31 21:16:40,000 - WARNING - OOM detected! Consecutive: 1
1969-12-31 21:16:45,000 - WARNING - OOM detected! Consecutive: 3
2026-06-09 01:27:05,246 - WARNING - Could not detect model layers for /fake/model.gguf: not found
2026-06-09 01:27:05,293 - INFO - START: /usr/bin/llama-server -m /fake/model.gguf -ngl 999 --flash-attn on --host 0.0.0.0 --port 8085 --tools all --parallel 1 --ctx-size 8192 --batch-size 2048 --mlock --main-gpu 0 --split-mode layer --tensor-split 1.0 --api-key test-token --mmproj-auto --jinja --reasoning on --chat-template-kwargs {"enable_thinking":true} (CUDA_VISIBLE_DEVICES=0, ctx_per_slot=8192, server_ctx=8192, batch_size=2048, thinking_enabled=True, mtp_enabled=False, mtp_draft_tokens=3, mtp_applied=False, gpu_pct=100.0, cpu_pct=0, n_gpu_layers=999, n_cpu_layers=0)
2026-06-09 01:27:05,325 - INFO - START: /usr/bin/llama-server -m /fake/model.gguf -ngl 22 --flash-attn on --host 0.0.0.0 --port 8085 --tools all --parallel 1 --ctx-size 8192 --batch-size 2048 --mlock --main-gpu 0 --split-mode layer --tensor-split 1.0 --api-key test-token --mmproj-auto --jinja --reasoning on --chat-template-kwargs {"enable_thinking":true} (CUDA_VISIBLE_DEVICES=0, ctx_per_slot=8192, server_ctx=8192, batch_size=2048, thinking_enabled=True, mtp_enabled=False, mtp_draft_tokens=3, mtp_applied=False, gpu_pct=70.0, cpu_pct=30.0, n_gpu_layers=22, n_cpu_layers=10)
2026-06-09 01:27:05,354 - INFO - START: /usr/bin/llama-server -m /fake/model.gguf -ngl 0 --flash-attn on --host 0.0.0.0 --port 8085 --tools all --parallel 1 --ctx-size 8192 --batch-size 2048 --mlock --main-gpu 0 --split-mode layer --tensor-split 1.0 --api-key test-token --mmproj-auto --jinja --reasoning on --chat-template-kwargs {"enable_thinking":true} (CUDA_VISIBLE_DEVICES=0, ctx_per_slot=8192, server_ctx=8192, batch_size=2048, thinking_enabled=True, mtp_enabled=False, mtp_draft_tokens=3, mtp_applied=False, gpu_pct=0, cpu_pct=0, n_gpu_layers=0, n_cpu_layers=32)
2026-06-09 01:27:05,389 - INFO - START: /usr/bin/llama-server -m /fake/model.gguf -ngl 999 --flash-attn on --host 0.0.0.0 --port 8085 --tools all --parallel 1 --ctx-size 8192 --batch-size 2048 --mlock --main-gpu 0 --split-mode layer --tensor-split 1.0 --api-key test-token --mmproj-auto --jinja --reasoning on --chat-template-kwargs {"enable_thinking":true} (CUDA_VISIBLE_DEVICES=0, ctx_per_slot=8192, server_ctx=8192, batch_size=2048, thinking_enabled=True, mtp_enabled=False, mtp_draft_tokens=3, mtp_applied=False, gpu_pct=100.0, cpu_pct=0, n_gpu_layers=999, n_cpu_layers=0)
2026-06-09 01:27:05,426 - INFO - START: /usr/bin/llama-server -m /fake/model.gguf -ngl 999 --flash-attn on --host 0.0.0.0 --port 8085 --tools all --parallel 1 --ctx-size 8192 --batch-size 2048 --mlock --main-gpu 0 --split-mode layer --tensor-split 1.0 --api-key test-token --mmproj-auto --jinja --reasoning on --chat-template-kwargs {"enable_thinking":true} (CUDA_VISIBLE_DEVICES=0, ctx_per_slot=8192, server_ctx=8192, batch_size=2048, thinking_enabled=True, mtp_enabled=False, mtp_draft_tokens=3, mtp_applied=False, gpu_pct=100.0, cpu_pct=0, n_gpu_layers=999, n_cpu_layers=0)
2026-06-09 01:27:05,458 - INFO - START: /usr/bin/llama-server -m /fake/model.gguf -ngl 56 --flash-attn on --host 0.0.0.0 --port 8085 --tools all --parallel 1 --ctx-size 8192 --batch-size 2048 --mlock --main-gpu 0 --split-mode layer --tensor-split 1.0 --api-key test-token --mmproj-auto --jinja --reasoning on --chat-template-kwargs {"enable_thinking":true} (CUDA_VISIBLE_DEVICES=0, ctx_per_slot=8192, server_ctx=8192, batch_size=2048, thinking_enabled=True, mtp_enabled=False, mtp_draft_tokens=3, mtp_applied=False, gpu_pct=70.0, cpu_pct=30.0, n_gpu_layers=56, n_cpu_layers=24)
2026-06-09 01:27:05,497 - INFO - START: /usr/bin/llama-server -m /fake/model.gguf -ngl 999 --flash-attn on --host 0.0.0.0 --port 8085 --tools all --parallel 1 --ctx-size 8192 --batch-size 2048 --mlock --main-gpu 0 --split-mode layer --tensor-split 1.0 --api-key test-token --mmproj-auto --jinja --reasoning on --chat-template-kwargs {"enable_thinking":true} (CUDA_VISIBLE_DEVICES=0, ctx_per_slot=8192, server_ctx=8192, batch_size=2048, thinking_enabled=True, mtp_enabled=False, mtp_draft_tokens=3, mtp_applied=False, gpu_pct=200.0, cpu_pct=0, n_gpu_layers=999, n_cpu_layers=0)
2026-06-09 01:27:05,528 - INFO - START: /usr/bin/llama-server -m /fake/model.gguf -ngl 999 --flash-attn on --host 0.0.0.0 --port 8085 --tools all --parallel 1 --ctx-size 8192 --batch-size 2048 --mlock --main-gpu 0 --split-mode layer --tensor-split 1.0 --api-key test-token --mmproj-auto --jinja --reasoning on --chat-template-kwargs {"enable_thinking":true} (CUDA_VISIBLE_DEVICES=0, ctx_per_slot=8192, server_ctx=8192, batch_size=2048, thinking_enabled=True, mtp_enabled=False, mtp_draft_tokens=3, mtp_applied=False, gpu_pct=100.0, cpu_pct=0, n_gpu_layers=999, n_cpu_layers=0)
2026-06-09 01:27:05,565 - INFO - START: /usr/bin/llama-server -m /fake/model.gguf -ngl 0 --flash-attn on --host 0.0.0.0 --port 8085 --tools all --parallel 1 --ctx-size 8192 --batch-size 2048 --mlock --main-gpu 0 --split-mode layer --tensor-split 1.0 --api-key test-token --mmproj-auto --jinja --reasoning on --chat-template-kwargs {"enable_thinking":true} (CUDA_VISIBLE_DEVICES=0, ctx_per_slot=8192, server_ctx=8192, batch_size=2048, thinking_enabled=True, mtp_enabled=False, mtp_draft_tokens=3, mtp_applied=False, gpu_pct=0, cpu_pct=0, n_gpu_layers=0, n_cpu_layers=32)
2026-06-09 01:27:05,783 - INFO - Verificacao de versao iniciada em /tmp/automanager-test
2026-06-09 01:27:05,811 - WARNING - Diretorio nao e um repositorio git: /tmp/automanager-test
2026-06-09 01:27:05,851 - INFO - Verificacao de versao iniciada em /tmp/automanager-test
2026-06-09 01:27:05,869 - INFO - Versao atualizada (branch=main, ref=aaa1111)
2026-06-09 01:27:05,903 - INFO - Verificacao de versao iniciada em /tmp/automanager-test
2026-06-09 01:27:05,919 - INFO - Atualizacao disponivel (branch=main, ahead=2, aaa1111 -> ddd4444)
2026-06-09 01:27:05,948 - INFO - Verificacao de versao iniciada em /tmp/automanager-test
2026-06-09 01:27:05,972 - WARNING - git fetch falhou (branch=main): fatal: could not read from remote
2026-06-09 01:27:06,003 - INFO - Verificacao de versao iniciada em /tmp/automanager-test
2026-06-09 01:27:06,020 - WARNING - git fetch expirou apos 30s (branch=main)
2026-06-09 01:27:06,055 - INFO - Verificacao de versao iniciada em /tmp/automanager-test
2026-06-09 01:27:06,074 - INFO - Versao atualizada (branch=feature/foo, ref=1111111)
2026-06-09 01:27:06,123 - INFO - Verificacao de versao iniciada em /tmp/automanager-test
2026-06-09 01:27:06,141 - INFO - Atualizacao disponivel (branch=main, ahead=12, local00 -> remote0)
2026-06-09 01:49:31,244 - INFO - models_dir atualizado para C:\Users\s293\AppData\Local\Temp\pytest-of-s293\pytest-235\test_set_models_dir_updates_sc0\new-models
2026-06-09 01:49:31,310 - WARNING - llama-server nao encontrado automaticamente; configure LLAMA_SERVER_BIN ou paths.json (llama_server_bin)
2026-06-09 01:49:31,359 - WARNING - Could not detect model layers for /media/docker/models/model.gguf: Command '"llama-server.exe" --model-info "/media/docker/models/model.gguf" 2>&1' returned non-zero exit status 1.
2026-06-09 01:49:31,412 - WARNING - Could not detect model layers for /media/docker/models/model.gguf: Command '"llama-server.exe" --model-info "/media/docker/models/model.gguf" 2>&1' returned non-zero exit status 1.
2026-06-09 01:49:31,770 - INFO - estimate_model_vram_mb [DISK] model=C:\Users\s293\AppData\Local\Temp\pytest-of-s293\pytest-235\test_estimate_model_vram_uses_0\qwen-49b.gguf disk_mb=100 runtime_overhead_mb=256 weights_mb=356 kv_cache_mb=6553 total_mb=6909
2026-06-09 01:49:31,800 - INFO - estimate_model_vram_mb [DISK] model=C:\Users\s293\AppData\Local\Temp\pytest-of-s293\pytest-235\test_estimate_model_vram_uses_0\qwen-49b.gguf disk_mb=100 runtime_overhead_mb=256 weights_mb=356 kv_cache_mb=6553 total_mb=6909
2026-06-09 01:49:31,830 - INFO - === HARDWARE CAPACITY FAILURE ===
  reason=no_feasible_split
  model=huge-model.gguf path=/models/huge-model.gguf
  estimated_model_mb=?
  total_vram_mb=24576 total_vram_gb=24.00
  active_gpus=[0]
  gpu_details=[{'index': 0, 'name': 'RTX 3090', 'vram_mb': 24576}]
  context_size=32768 parallel_slots=2
  message=Não foi possível carregar "huge-model.gguf" em nenhuma divisão testada entre as GPUs selecionadas. O modelo excede a capacidade do hardware atual (~24.0 GB de VRAM em 1 GPU(s)) com contexto 32768 e 2 slot(s).
2026-06-09 01:49:31,875 - INFO - === HARDWARE CAPACITY FAILURE ===
  reason=no_feasible_split
  model=huge-model.gguf path=/models/huge-model.gguf
  estimated_model_mb=?
  total_vram_mb=24576 total_vram_gb=24.00
  active_gpus=[0]
  gpu_details=[{'index': 0, 'name': 'RTX 3090', 'vram_mb': 24576}]
  context_size=32768 parallel_slots=2
  message=Não foi possível carregar "huge-model.gguf" em nenhuma divisão testada entre as GPUs selecionadas. O modelo excede a capacidade do hardware atual (~24.0 GB de VRAM em 1 GPU(s)) com contexto 32768 e 2 slot(s).
2026-06-09 01:49:31,895 - WARNING - OOM detected! Consecutive: 1
2026-06-09 01:49:31,978 - INFO - Auto-balance probe #1: weight_map={0: 100%} -> synced={0: 100%} | cpu_weight=10 -> probe_cpu=0 | active_weights=[gpu[0]=100.0%, cpu[-1]=0.0%]
2026-06-09 01:49:31,996 - INFO - Auto-balance probe #1: result=ready (cpu_weight=0, synced_map={0: 100%})
2026-06-09 01:49:32,096 - INFO - Session expired due to inactivity
2026-06-09 01:49:32,325 - INFO - START: /usr/bin/llama-server -m /fake/model.gguf -ngl 999 --flash-attn on --host 0.0.0.0 --port 8085 --tools all --parallel 1 --ctx-size 8192 --batch-size 2048 --mlock --main-gpu 0 --split-mode layer --tensor-split 1.0000 --api-key sk-test --mmproj-auto --jinja --reasoning on --chat-template-kwargs {"enable_thinking":true} (CUDA_VISIBLE_DEVICES=0, ctx_per_slot=8192, server_ctx=8192, batch_size=2048, thinking_enabled=True, mtp_enabled=False, mtp_draft_tokens=3, mtp_applied=False, gpu_pct=100.0, cpu_pct=0, n_gpu_layers=999, n_cpu_layers=0)
2026-06-09 01:49:32,338 - INFO - START: /usr/bin/llama-server -m /fake/model.gguf -ngl 999 --flash-attn on --host 0.0.0.0 --port 8085 --tools all --parallel 1 --ctx-size 8192 --batch-size 2048 --mlock --main-gpu 0 --split-mode layer --tensor-split 0.5000,0.5000 --api-key sk-test --mmproj-auto --jinja --reasoning on --chat-template-kwargs {"enable_thinking":true} (CUDA_VISIBLE_DEVICES=0,1, ctx_per_slot=8192, server_ctx=8192, batch_size=2048, thinking_enabled=True, mtp_enabled=False, mtp_draft_tokens=3, mtp_applied=False, gpu_pct=100.0, cpu_pct=0, n_gpu_layers=999, n_cpu_layers=0)
2026-06-09 01:49:32,361 - INFO - START: /usr/bin/llama-server -m /fake/model.gguf -ngl 999 --flash-attn on --host 0.0.0.0 --port 8085 --tools all --parallel 1 --ctx-size 8192 --batch-size 2048 --mlock --main-gpu 0 --split-mode layer --tensor-split 1.0000 --api-key sk-test --mmproj-auto --jinja --reasoning on --chat-template-kwargs {"enable_thinking":true} (CUDA_VISIBLE_DEVICES=0, ctx_per_slot=8192, server_ctx=8192, batch_size=2048, thinking_enabled=True, mtp_enabled=False, mtp_draft_tokens=3, mtp_applied=False, gpu_pct=100.0, cpu_pct=0, n_gpu_layers=999, n_cpu_layers=0)
2026-06-09 01:49:32,390 - INFO - START: /usr/bin/llama-server -m /fake/model.gguf -ngl 22 --flash-attn on --host 0.0.0.0 --port 8085 --tools all --parallel 1 --ctx-size 8192 --batch-size 2048 --mlock --main-gpu 0 --split-mode layer --tensor-split 1.0000 --api-key sk-test --mmproj-auto --jinja --reasoning on --chat-template-kwargs {"enable_thinking":true} (CUDA_VISIBLE_DEVICES=0, ctx_per_slot=8192, server_ctx=8192, batch_size=2048, thinking_enabled=True, mtp_enabled=False, mtp_draft_tokens=3, mtp_applied=False, gpu_pct=70.0, cpu_pct=30.0, n_gpu_layers=22, n_cpu_layers=10)
2026-06-09 01:49:32,413 - ERROR - GPU metrics error: not enough values to unpack (expected 2, got 0)
2026-06-09 01:49:32,533 - INFO - START: /usr/bin/llama-server -m /fake/model.gguf -ngl 999 --flash-attn on --host 0.0.0.0 --port 8085 --tools all --parallel 1 --ctx-size 8192 --batch-size 2048 --mlock --main-gpu 0 --split-mode layer --tensor-split 1.0000 --api-key sk-test --mmproj-auto --jinja --reasoning on --chat-template-kwargs {"enable_thinking":true} (CUDA_VISIBLE_DEVICES=0, ctx_per_slot=8192, server_ctx=8192, batch_size=2048, thinking_enabled=True, mtp_enabled=False, mtp_draft_tokens=3, mtp_applied=False, gpu_pct=70.0, cpu_pct=0.0, n_gpu_layers=999, n_cpu_layers=0)
2026-06-09 01:49:32,553 - INFO - START: /usr/bin/llama-server -m /fake/model.gguf -ngl 22 --flash-attn on --host 0.0.0.0 --port 8085 --tools all --parallel 1 --ctx-size 8192 --batch-size 2048 --mlock --main-gpu 0 --split-mode layer --tensor-split 1.0000 --api-key sk-test --mmproj-auto --jinja --reasoning on --chat-template-kwargs {"enable_thinking":true} (CUDA_VISIBLE_DEVICES=0, ctx_per_slot=8192, server_ctx=8192, batch_size=2048, thinking_enabled=True, mtp_enabled=False, mtp_draft_tokens=3, mtp_applied=False, gpu_pct=70.0, cpu_pct=30.0, n_gpu_layers=22, n_cpu_layers=10)
2026-06-09 01:49:32,574 - ERROR - GPU metrics error: not enough values to unpack (expected 2, got 0)
2026-06-09 01:49:32,693 - INFO - START: /usr/bin/llama-server -m /fake/model.gguf -ngl 999 --flash-attn on --host 0.0.0.0 --port 8085 --tools all --parallel 1 --ctx-size 8192 --batch-size 2048 --mlock --main-gpu 0 --split-mode layer --tensor-split 1.0000 --api-key sk-test --mmproj-auto --jinja --reasoning on --chat-template-kwargs {"enable_thinking":true} (CUDA_VISIBLE_DEVICES=0, ctx_per_slot=8192, server_ctx=8192, batch_size=2048, thinking_enabled=True, mtp_enabled=False, mtp_draft_tokens=3, mtp_applied=False, gpu_pct=70.0, cpu_pct=0.0, n_gpu_layers=999, n_cpu_layers=0)
2026-06-09 01:49:32,722 - INFO - START: /usr/bin/llama-server -m /fake/model.gguf -ngl 70 --flash-attn on --host 0.0.0.0 --port 8085 --tools all --parallel 1 --ctx-size 8192 --batch-size 2048 --mlock --main-gpu 0 --split-mode layer --tensor-split 0.7143,0.2857 --api-key sk-test --mmproj-auto --jinja --reasoning on --chat-template-kwargs {"enable_thinking":true} (CUDA_VISIBLE_DEVICES=0,1, ctx_per_slot=8192, server_ctx=8192, batch_size=2048, thinking_enabled=True, mtp_enabled=False, mtp_draft_tokens=3, mtp_applied=False, gpu_pct=70.0, cpu_pct=30.0, n_gpu_layers=70, n_cpu_layers=30)
2026-06-09 01:49:32,749 - INFO - START: /usr/bin/llama-server -m /fake/model.gguf -ngl 999 --flash-attn on --host 0.0.0.0 --port 8085 --tools all --parallel 1 --ctx-size 8192 --batch-size 2048 --mlock --main-gpu 1 --split-mode layer --tensor-split 0.6000,0.4000 --api-key sk-test --mmproj-auto --jinja --reasoning on --chat-template-kwargs {"enable_thinking":true} (CUDA_VISIBLE_DEVICES=0,1, ctx_per_slot=8192, server_ctx=8192, batch_size=2048, thinking_enabled=True, mtp_enabled=False, mtp_draft_tokens=3, mtp_applied=False, gpu_pct=100.0, cpu_pct=0, n_gpu_layers=999, n_cpu_layers=0)
2026-06-09 01:49:32,768 - INFO - === Auto-balance ANALYTIC START ===
  model=test.gguf path=/models/test.gguf
  context_size=4096 parallel_slots=1
  weights_mb=20000 (19.53 GB)  kv_cache_mb=0  total_mb=20000 (19.53 GB)
  active_gpus=2 | total_vram=40000 MB (39.06 GB)
  gpu_vram={0: 24000, 1: 16000}
  gpu_names={0: GPU0, 1: GPU1}
  main_index=0
  priority_order=[0, 1]
  cpu_enabled=True
  pins_count=0
2026-06-09 01:49:32,800 - INFO - === Auto-balance ANALYTIC START ===
  model=test.gguf path=/models/test.gguf
  context_size=4096 parallel_slots=1
  weights_mb=20000 (19.53 GB)  kv_cache_mb=0  total_mb=20000 (19.53 GB)
  active_gpus=2 | total_vram=40000 MB (39.06 GB)
  gpu_vram={0: 24000, 1: 16000}
  gpu_names={0: GPU0, 1: GPU1}
  main_index=0
  priority_order=[0, 1]
  cpu_enabled=True
  pins_count=0
2026-06-09 01:49:32,818 - INFO - === Auto-balance: LoadDistributor resultado ===
  is_feasible=True
  gpu_weights={0: 100, 1: 0}
  cpu_weight=0
  total_gpu_pct=100
2026-06-09 01:49:32,852 - INFO - === Auto-balance: LoadDistributor resultado ===
  is_feasible=True
  gpu_weights={0: 100, 1: 0}
  cpu_weight=0
  total_gpu_pct=100
2026-06-09 01:49:32,870 - INFO - === Auto-balance: peso final ===
  weight_label=GPU0=100%
  weight_map={0: 100%, 1: 0%}
  cpu_weight=0
  pins_applied=0 (auto-balance limpa pins)
  budget_ok=True
2026-06-09 01:49:32,906 - INFO - === Auto-balance: peso final ===
  weight_label=GPU0=100%
  weight_map={0: 100%, 1: 0%}
  cpu_weight=0
  pins_applied=0 (auto-balance limpa pins)
  budget_ok=True
2026-06-09 01:49:32,924 - INFO - === HARDWARE SNAPSHOT BEFORE LOAD ===
  gpu_count=0
  ram_used_mb=23225 ram_total_mb=32510 ram_pct=71.4%
  cpu_pct=1.0% cpu_name=<MagicMock name='mock.get_metrics().get()' id='2146788893840'>
  gpus=[]
2026-06-09 01:49:32,956 - INFO - === HARDWARE SNAPSHOT BEFORE LOAD ===
  gpu_count=0
  ram_used_mb=23225 ram_total_mb=32510 ram_pct=71.4%
  cpu_pct=1.0% cpu_name=<MagicMock name='mock.get_metrics().get()' id='2146788893840'>
  gpus=[]
2026-06-09 01:49:35,975 - INFO - === HARDWARE SNAPSHOT AFTER LOAD ===
  gpu_count=0
  ram_used_mb=23154 ram_total_mb=32510 ram_pct=71.2%
  cpu_pct=1.0% cpu_name=<MagicMock name='mock.get_metrics().get()' id='2146788893840'>
  gpus=[]
2026-06-09 01:49:35,998 - INFO - === HARDWARE SNAPSHOT AFTER LOAD ===
  gpu_count=0
  ram_used_mb=23154 ram_total_mb=32510 ram_pct=71.2%
  cpu_pct=1.0% cpu_name=<MagicMock name='mock.get_metrics().get()' id='2146788893840'>
  gpus=[]
2026-06-09 01:49:36,017 - INFO - === HARDWARE SNAPSHOT COMPARISON (BEFORE -> AFTER) ===
  model=test.gguf total_mb=20000
  weights=GPU0=100% cpu_weight=0
  ram_delta=-71 MB (before=23225 -> after=23154)
  gpu_changes=[N/A]
2026-06-09 01:49:36,047 - INFO - === HARDWARE SNAPSHOT COMPARISON (BEFORE -> AFTER) ===
  model=test.gguf total_mb=20000
  weights=GPU0=100% cpu_weight=0
  ram_delta=-71 MB (before=23225 -> after=23154)
  gpu_changes=[N/A]
2026-06-09 01:49:36,063 - INFO - === Auto-balance SUCCESS ===
  message=Balance otimizado por cascata (GPU0=100%).
  gpu_weights_exported=3 entries
  total_layers=0
  split_mode=layer
2026-06-09 01:49:36,097 - INFO - === Auto-balance SUCCESS ===
  message=Balance otimizado por cascata (GPU0=100%).
  gpu_weights_exported=3 entries
  total_layers=0
  split_mode=layer
2026-06-09 01:49:36,115 - INFO - === Auto-balance ANALYTIC START ===
  model=test.gguf path=/models/test.gguf
  context_size=4096 parallel_slots=1
  weights_mb=20000 (19.53 GB)  kv_cache_mb=0  total_mb=20000 (19.53 GB)
  active_gpus=1 | total_vram=24000 MB (23.44 GB)
  gpu_vram={0: 24000}
  gpu_names={0: GPU0}
  main_index=0
  priority_order=[0]
  cpu_enabled=True
  pins_count=1
2026-06-09 01:49:36,147 - INFO - === Auto-balance ANALYTIC START ===
  model=test.gguf path=/models/test.gguf
  context_size=4096 parallel_slots=1
  weights_mb=20000 (19.53 GB)  kv_cache_mb=0  total_mb=20000 (19.53 GB)
  active_gpus=1 | total_vram=24000 MB (23.44 GB)
  gpu_vram={0: 24000}
  gpu_names={0: GPU0}
  main_index=0
  priority_order=[0]
  cpu_enabled=True
  pins_count=1
2026-06-09 01:49:36,163 - INFO - === Auto-balance: LoadDistributor resultado ===
  is_feasible=True
  gpu_weights={0: 100}
  cpu_weight=0
  total_gpu_pct=100
2026-06-09 01:49:36,196 - INFO - === Auto-balance: LoadDistributor resultado ===
  is_feasible=True
  gpu_weights={0: 100}
  cpu_weight=0
  total_gpu_pct=100
2026-06-09 01:49:36,212 - INFO - === Auto-balance: peso final ===
  weight_label=GPU0=100%
  weight_map={0: 100%}
  cpu_weight=0
  pins_applied=0 (auto-balance limpa pins)
  budget_ok=True
2026-06-09 01:49:36,252 - INFO - === Auto-balance: peso final ===
  weight_label=GPU0=100%
  weight_map={0: 100%}
  cpu_weight=0
  pins_applied=0 (auto-balance limpa pins)
  budget_ok=True
2026-06-09 01:49:36,269 - INFO - === HARDWARE SNAPSHOT BEFORE LOAD ===
  gpu_count=0
  ram_used_mb=23151 ram_total_mb=32510 ram_pct=71.2%
  cpu_pct=1.0% cpu_name=<MagicMock name='mock.get_metrics().get()' id='2146788215184'>
  gpus=[]
2026-06-09 01:49:36,301 - INFO - === HARDWARE SNAPSHOT BEFORE LOAD ===
  gpu_count=0
  ram_used_mb=23151 ram_total_mb=32510 ram_pct=71.2%
  cpu_pct=1.0% cpu_name=<MagicMock name='mock.get_metrics().get()' id='2146788215184'>
  gpus=[]
2026-06-09 01:49:39,324 - INFO - === HARDWARE SNAPSHOT AFTER LOAD ===
  gpu_count=0
  ram_used_mb=23123 ram_total_mb=32510 ram_pct=71.1%
  cpu_pct=1.0% cpu_name=<MagicMock name='mock.get_metrics().get()' id='2146788215184'>
  gpus=[]
2026-06-09 01:49:39,350 - INFO - === HARDWARE SNAPSHOT AFTER LOAD ===
  gpu_count=0
  ram_used_mb=23123 ram_total_mb=32510 ram_pct=71.1%
  cpu_pct=1.0% cpu_name=<MagicMock name='mock.get_metrics().get()' id='2146788215184'>
  gpus=[]
2026-06-09 01:49:39,369 - INFO - === HARDWARE SNAPSHOT COMPARISON (BEFORE -> AFTER) ===
  model=test.gguf total_mb=20000
  weights=GPU0=100% cpu_weight=0
  ram_delta=-28 MB (before=23151 -> after=23123)
  gpu_changes=[N/A]
2026-06-09 01:49:39,399 - INFO - === HARDWARE SNAPSHOT COMPARISON (BEFORE -> AFTER) ===
  model=test.gguf total_mb=20000
  weights=GPU0=100% cpu_weight=0
  ram_delta=-28 MB (before=23151 -> after=23123)
  gpu_changes=[N/A]
2026-06-09 01:49:39,416 - INFO - === Auto-balance SUCCESS ===
  message=Balance otimizado por cascata (GPU0=100%).
  gpu_weights_exported=2 entries
  total_layers=0
  split_mode=layer
2026-06-09 01:49:39,445 - INFO - === Auto-balance SUCCESS ===
  message=Balance otimizado por cascata (GPU0=100%).
  gpu_weights_exported=2 entries
  total_layers=0
  split_mode=layer
2026-06-09 01:49:39,465 - INFO - === Auto-balance ANALYTIC START ===
  model=test.gguf path=/models/test.gguf
  context_size=4096 parallel_slots=1
  weights_mb=30000 (29.30 GB)  kv_cache_mb=0  total_mb=30000 (29.30 GB)
  active_gpus=2 | total_vram=40000 MB (39.06 GB)
  gpu_vram={0: 24000, 1: 16000}
  gpu_names={0: GPU0, 1: GPU1}
  main_index=0
  priority_order=[0, 1]
  cpu_enabled=True
  pins_count=0
2026-06-09 01:49:39,495 - INFO - === Auto-balance ANALYTIC START ===
  model=test.gguf path=/models/test.gguf
  context_size=4096 parallel_slots=1
  weights_mb=30000 (29.30 GB)  kv_cache_mb=0  total_mb=30000 (29.30 GB)
  active_gpus=2 | total_vram=40000 MB (39.06 GB)
  gpu_vram={0: 24000, 1: 16000}
  gpu_names={0: GPU0, 1: GPU1}
  main_index=0
  priority_order=[0, 1]
  cpu_enabled=True
  pins_count=0
2026-06-09 01:49:39,511 - INFO - === Auto-balance: LoadDistributor resultado ===
  is_feasible=True
  gpu_weights={0: 78, 1: 22}
  cpu_weight=0
  total_gpu_pct=100
2026-06-09 01:49:39,543 - INFO - === Auto-balance: LoadDistributor resultado ===
  is_feasible=True
  gpu_weights={0: 78, 1: 22}
  cpu_weight=0
  total_gpu_pct=100
2026-06-09 01:49:39,559 - INFO - === Auto-balance: peso final ===
  weight_label=GPU0=78%, GPU1=22%
  weight_map={0: 78%, 1: 22%}
  cpu_weight=0
  pins_applied=0 (auto-balance limpa pins)
  budget_ok=True
2026-06-09 01:49:39,592 - INFO - === Auto-balance: peso final ===
  weight_label=GPU0=78%, GPU1=22%
  weight_map={0: 78%, 1: 22%}
  cpu_weight=0
  pins_applied=0 (auto-balance limpa pins)
  budget_ok=True
2026-06-09 01:49:39,611 - INFO - === HARDWARE SNAPSHOT BEFORE LOAD ===
  gpu_count=0
  ram_used_mb=23132 ram_total_mb=32510 ram_pct=71.2%
  cpu_pct=1.0% cpu_name=<MagicMock name='mock.get_metrics().get()' id='2146788406160'>
  gpus=[]
2026-06-09 01:49:39,645 - INFO - === HARDWARE SNAPSHOT BEFORE LOAD ===
  gpu_count=0
  ram_used_mb=23132 ram_total_mb=32510 ram_pct=71.2%
  cpu_pct=1.0% cpu_name=<MagicMock name='mock.get_metrics().get()' id='2146788406160'>
  gpus=[]
2026-06-09 01:49:42,662 - INFO - === HARDWARE SNAPSHOT AFTER LOAD ===
  gpu_count=0
  ram_used_mb=23619 ram_total_mb=32510 ram_pct=72.7%
  cpu_pct=1.0% cpu_name=<MagicMock name='mock.get_metrics().get()' id='2146788406160'>
  gpus=[]
2026-06-09 01:49:42,688 - INFO - === HARDWARE SNAPSHOT AFTER LOAD ===
  gpu_count=0
  ram_used_mb=23619 ram_total_mb=32510 ram_pct=72.7%
  cpu_pct=1.0% cpu_name=<MagicMock name='mock.get_metrics().get()' id='2146788406160'>
  gpus=[]
2026-06-09 01:49:42,710 - INFO - === HARDWARE SNAPSHOT COMPARISON (BEFORE -> AFTER) ===
  model=test.gguf total_mb=30000
  weights=GPU0=78%, GPU1=22% cpu_weight=0
  ram_delta=+487 MB (before=23132 -> after=23619)
  gpu_changes=[N/A]
2026-06-09 01:49:42,748 - INFO - === HARDWARE SNAPSHOT COMPARISON (BEFORE -> AFTER) ===
  model=test.gguf total_mb=30000
  weights=GPU0=78%, GPU1=22% cpu_weight=0
  ram_delta=+487 MB (before=23132 -> after=23619)
  gpu_changes=[N/A]
2026-06-09 01:49:42,765 - INFO - === Auto-balance SUCCESS ===
  message=Balance otimizado por cascata (GPU0=78%, GPU1=22%).
  gpu_weights_exported=3 entries
  total_layers=0
  split_mode=layer
2026-06-09 01:49:42,811 - INFO - === Auto-balance SUCCESS ===
  message=Balance otimizado por cascata (GPU0=78%, GPU1=22%).
  gpu_weights_exported=3 entries
  total_layers=0
  split_mode=layer
2026-06-09 01:49:42,845 - INFO - === Auto-balance ANALYTIC START ===
  model=test.gguf path=/models/test.gguf
  context_size=4096 parallel_slots=1
  weights_mb=70000 (68.36 GB)  kv_cache_mb=0  total_mb=70000 (68.36 GB)
  active_gpus=2 | total_vram=40000 MB (39.06 GB)
  gpu_vram={0: 24000, 1: 16000}
  gpu_names={0: GPU0, 1: GPU1}
  main_index=0
  priority_order=[0, 1]
  cpu_enabled=True
  pins_count=0
2026-06-09 01:49:42,901 - INFO - === Auto-balance ANALYTIC START ===
  model=test.gguf path=/models/test.gguf
  context_size=4096 parallel_slots=1
  weights_mb=70000 (68.36 GB)  kv_cache_mb=0  total_mb=70000 (68.36 GB)
  active_gpus=2 | total_vram=40000 MB (39.06 GB)
  gpu_vram={0: 24000, 1: 16000}
  gpu_names={0: GPU0, 1: GPU1}
  main_index=0
  priority_order=[0, 1]
  cpu_enabled=True
  pins_count=0
2026-06-09 01:49:42,919 - INFO - === Auto-balance: LoadDistributor resultado ===
  is_feasible=True
  gpu_weights={0: 34, 1: 22}
  cpu_weight=44
  total_gpu_pct=56
2026-06-09 01:49:42,958 - INFO - === Auto-balance: LoadDistributor resultado ===
  is_feasible=True
  gpu_weights={0: 34, 1: 22}
  cpu_weight=44
  total_gpu_pct=56
2026-06-09 01:49:42,979 - INFO - === Auto-balance: peso final ===
  weight_label=GPU0=34%, GPU1=22%, CPU=44%
  weight_map={0: 34%, 1: 22%}
  cpu_weight=44
  pins_applied=0 (auto-balance limpa pins)
  budget_ok=True
2026-06-09 01:49:43,018 - INFO - === Auto-balance: peso final ===
  weight_label=GPU0=34%, GPU1=22%, CPU=44%
  weight_map={0: 34%, 1: 22%}
  cpu_weight=44
  pins_applied=0 (auto-balance limpa pins)
  budget_ok=True
2026-06-09 01:49:43,037 - INFO - === HARDWARE SNAPSHOT BEFORE LOAD ===
  gpu_count=0
  ram_used_mb=23631 ram_total_mb=32510 ram_pct=72.7%
  cpu_pct=1.0% cpu_name=<MagicMock name='mock.get_metrics().get()' id='2146788592592'>
  gpus=[]
2026-06-09 01:49:43,077 - INFO - === HARDWARE SNAPSHOT BEFORE LOAD ===
  gpu_count=0
  ram_used_mb=23631 ram_total_mb=32510 ram_pct=72.7%
  cpu_pct=1.0% cpu_name=<MagicMock name='mock.get_metrics().get()' id='2146788592592'>
  gpus=[]
2026-06-09 01:49:46,098 - INFO - === HARDWARE SNAPSHOT AFTER LOAD ===
  gpu_count=0
  ram_used_mb=23578 ram_total_mb=32510 ram_pct=72.5%
  cpu_pct=1.0% cpu_name=<MagicMock name='mock.get_metrics().get()' id='2146788592592'>
  gpus=[]
2026-06-09 01:49:46,119 - INFO - === HARDWARE SNAPSHOT AFTER LOAD ===
  gpu_count=0
  ram_used_mb=23578 ram_total_mb=32510 ram_pct=72.5%
  cpu_pct=1.0% cpu_name=<MagicMock name='mock.get_metrics().get()' id='2146788592592'>
  gpus=[]
2026-06-09 01:49:46,138 - INFO - === HARDWARE SNAPSHOT COMPARISON (BEFORE -> AFTER) ===
  model=test.gguf total_mb=70000
  weights=GPU0=34%, GPU1=22%, CPU=44% cpu_weight=44
  ram_delta=-53 MB (before=23631 -> after=23578)
  gpu_changes=[N/A]
2026-06-09 01:49:46,176 - INFO - === HARDWARE SNAPSHOT COMPARISON (BEFORE -> AFTER) ===
  model=test.gguf total_mb=70000
  weights=GPU0=34%, GPU1=22%, CPU=44% cpu_weight=44
  ram_delta=-53 MB (before=23631 -> after=23578)
  gpu_changes=[N/A]
2026-06-09 01:49:46,196 - INFO - === Auto-balance SUCCESS ===
  message=Balance otimizado por cascata (GPU0=34%, GPU1=22%, CPU=44%).
  gpu_weights_exported=3 entries
  total_layers=0
  split_mode=layer
2026-06-09 01:49:46,236 - INFO - === Auto-balance SUCCESS ===
  message=Balance otimizado por cascata (GPU0=34%, GPU1=22%, CPU=44%).
  gpu_weights_exported=3 entries
  total_layers=0
  split_mode=layer
2026-06-09 01:49:46,259 - INFO - === Auto-balance ANALYTIC START ===
  model=test.gguf path=/models/test.gguf
  context_size=4096 parallel_slots=1
  weights_mb=70000 (68.36 GB)  kv_cache_mb=0  total_mb=70000 (68.36 GB)
  active_gpus=2 | total_vram=40000 MB (39.06 GB)
  gpu_vram={0: 24000, 1: 16000}
  gpu_names={0: GPU0, 1: GPU1}
  main_index=0
  priority_order=[0, 1]
  cpu_enabled=False
  pins_count=0
2026-06-09 01:49:46,296 - INFO - === Auto-balance ANALYTIC START ===
  model=test.gguf path=/models/test.gguf
  context_size=4096 parallel_slots=1
  weights_mb=70000 (68.36 GB)  kv_cache_mb=0  total_mb=70000 (68.36 GB)
  active_gpus=2 | total_vram=40000 MB (39.06 GB)
  gpu_vram={0: 24000, 1: 16000}
  gpu_names={0: GPU0, 1: GPU1}
  main_index=0
  priority_order=[0, 1]
  cpu_enabled=False
  pins_count=0
2026-06-09 01:49:46,321 - INFO - === Auto-balance: LoadDistributor resultado ===
  is_feasible=False
  gpu_weights={0: 60, 1: 40}
  cpu_weight=0
  total_gpu_pct=100
2026-06-09 01:49:46,364 - INFO - === Auto-balance: LoadDistributor resultado ===
  is_feasible=False
  gpu_weights={0: 60, 1: 40}
  cpu_weight=0
  total_gpu_pct=100
2026-06-09 01:49:46,386 - INFO - === HARDWARE CAPACITY FAILURE ===
  reason=no_feasible_split
  model=test.gguf path=/models/test.gguf
  estimated_model_mb=?
  total_vram_mb=40000 total_vram_gb=39.06
  active_gpus=[0, 1]
  gpu_details=[{'index': 0, 'name': 'GPU0', 'vram_mb': 24000}, {'index': 1, 'name': 'GPU1', 'vram_mb': 16000}]
  context_size=4096 parallel_slots=1
  message=Não foi possível carregar "test.gguf" em nenhuma divisão testada entre as GPUs selecionadas. O modelo excede a capacidade do hardware atual (~39.1 GB de VRAM em 2 GPU(s)) com contexto 4096 e 1 slot(s).
2026-06-09 01:49:46,431 - INFO - === HARDWARE CAPACITY FAILURE ===
  reason=no_feasible_split
  model=test.gguf path=/models/test.gguf
  estimated_model_mb=?
  total_vram_mb=40000 total_vram_gb=39.06
  active_gpus=[0, 1]
  gpu_details=[{'index': 0, 'name': 'GPU0', 'vram_mb': 24000}, {'index': 1, 'name': 'GPU1', 'vram_mb': 16000}]
  context_size=4096 parallel_slots=1
  message=Não foi possível carregar "test.gguf" em nenhuma divisão testada entre as GPUs selecionadas. O modelo excede a capacidade do hardware atual (~39.1 GB de VRAM em 2 GPU(s)) com contexto 4096 e 1 slot(s).
2026-06-09 01:49:46,451 - INFO - === Auto-balance INFEASIBLE ===
  message=Não foi possível carregar "test.gguf" em nenhuma divisão testada entre as GPUs selecionadas. O modelo excede a capacidade do hardware atual (~39.1 GB de VRAM em 2 GPU(s)) com contexto 4096 e 1 slot(s).
  failure_code=hardware_capacity_exceeded
  total_vram_mb=40000
  estimated_mb=70000
  cpu_enabled=False
2026-06-09 01:49:46,497 - INFO - === Auto-balance INFEASIBLE ===
  message=Não foi possível carregar "test.gguf" em nenhuma divisão testada entre as GPUs selecionadas. O modelo excede a capacidade do hardware atual (~39.1 GB de VRAM em 2 GPU(s)) com contexto 4096 e 1 slot(s).
  failure_code=hardware_capacity_exceeded
  total_vram_mb=40000
  estimated_mb=70000
  cpu_enabled=False
2026-06-09 01:49:46,534 - INFO - START: /usr/bin/llama-server -m /fake/model.gguf -ngl 22 --flash-attn on --host 0.0.0.0 --port 8085 --tools all --parallel 1 --ctx-size 8192 --batch-size 2048 --mlock --main-gpu 0 --split-mode layer --tensor-split 1.0 --api-key sk-test --mmproj-auto --jinja --reasoning on --chat-template-kwargs {"enable_thinking":true} (CUDA_VISIBLE_DEVICES=0, ctx_per_slot=8192, server_ctx=8192, batch_size=2048, thinking_enabled=True, mtp_enabled=False, mtp_draft_tokens=3, mtp_applied=False, gpu_pct=70.0, cpu_pct=30.0, n_gpu_layers=22, n_cpu_layers=10)
2026-06-09 01:49:46,566 - INFO - START: /usr/bin/llama-server -m /fake/model.gguf -ngl 6 --flash-attn on --host 0.0.0.0 --port 8085 --tools all --parallel 1 --ctx-size 8192 --batch-size 2048 --mlock --main-gpu 0 --split-mode layer --tensor-split 1.0 --api-key sk-test --mmproj-auto --jinja --reasoning on --chat-template-kwargs {"enable_thinking":true} (CUDA_VISIBLE_DEVICES=0, ctx_per_slot=8192, server_ctx=8192, batch_size=2048, thinking_enabled=True, mtp_enabled=False, mtp_draft_tokens=3, mtp_applied=False, gpu_pct=20.0, cpu_pct=80.0, n_gpu_layers=6, n_cpu_layers=26)
2026-06-09 01:49:46,601 - INFO - START: /usr/bin/llama-server -m /fake/model.gguf -ngl 999 --flash-attn on --host 0.0.0.0 --port 8085 --tools all --parallel 1 --ctx-size 8192 --batch-size 2048 --mlock --main-gpu 0 --split-mode layer --tensor-split 1.0 --api-key sk-test --mmproj-auto --jinja --reasoning on --chat-template-kwargs {"enable_thinking":true} (CUDA_VISIBLE_DEVICES=0, ctx_per_slot=8192, server_ctx=8192, batch_size=2048, thinking_enabled=True, mtp_enabled=False, mtp_draft_tokens=3, mtp_applied=False, gpu_pct=100.0, cpu_pct=0, n_gpu_layers=999, n_cpu_layers=0)
2026-06-09 01:49:46,627 - INFO - START: /usr/bin/llama-server -m /fake/model.gguf -ngl 22 --flash-attn on --host 0.0.0.0 --port 8085 --tools all --parallel 1 --ctx-size 8192 --batch-size 2048 --mlock --main-gpu 0 --split-mode layer --tensor-split 1.0 --api-key sk-test --mmproj-auto --jinja --reasoning on --chat-template-kwargs {"enable_thinking":true} (CUDA_VISIBLE_DEVICES=0, ctx_per_slot=8192, server_ctx=8192, batch_size=2048, thinking_enabled=True, mtp_enabled=False, mtp_draft_tokens=3, mtp_applied=False, gpu_pct=70.0, cpu_pct=30.0, n_gpu_layers=22, n_cpu_layers=10)
2026-06-09 01:49:46,817 - ERROR - GPU detection error: Command 'nvidia-smi' returned non-zero exit status 1.
2026-06-09 01:49:46,848 - ERROR - GPU metrics error: Command 'nvidia-smi' returned non-zero exit status 1.
2026-06-09 01:49:46,875 - ERROR - System metrics error: ram metrics unavailable
2026-06-09 01:49:46,900 - ERROR - GPU metrics error: Command 'nvidia-smi' returned non-zero exit status 1.
2026-06-09 01:49:47,595 - ERROR - GPU metrics error: Command 'nvidia-smi' returned non-zero exit status 1.
2026-06-09 01:49:47,601 - ERROR - System metrics error: ram down
2026-06-09 01:49:47,622 - ERROR - GPU metrics error: Command 'nvidia-smi' returned non-zero exit status 1.
2026-06-09 01:49:47,724 - INFO - MTP requested but model has no MTP head, skipping flags
2026-06-09 01:49:47,846 - WARNING - llama-server nao encontrado automaticamente; configure LLAMA_SERVER_BIN ou paths.json (llama_server_bin)
2026-06-09 01:49:47,879 - WARNING - Could not detect MTP for /fake/model.gguf: boom
1969-12-31 21:16:40,000 - WARNING - OOM detected! Consecutive: 1
1969-12-31 21:16:45,000 - WARNING - OOM detected! Consecutive: 2
1969-12-31 21:16:40,000 - WARNING - OOM detected! Consecutive: 1
1969-12-31 21:17:11,000 - WARNING - OOM detected! Consecutive: 1
1969-12-31 21:16:40,000 - WARNING - OOM detected! Consecutive: 1
1969-12-31 21:16:45,000 - WARNING - OOM detected! Consecutive: 3
2026-06-09 01:49:48,209 - WARNING - Could not detect model layers for /fake/model.gguf: not found
2026-06-09 01:49:48,243 - INFO - START: /usr/bin/llama-server -m /fake/model.gguf -ngl 999 --flash-attn on --host 0.0.0.0 --port 8085 --tools all --parallel 1 --ctx-size 8192 --batch-size 2048 --mlock --main-gpu 0 --split-mode layer --tensor-split 1.0 --api-key test-token --mmproj-auto --jinja --reasoning on --chat-template-kwargs {"enable_thinking":true} (CUDA_VISIBLE_DEVICES=0, ctx_per_slot=8192, server_ctx=8192, batch_size=2048, thinking_enabled=True, mtp_enabled=False, mtp_draft_tokens=3, mtp_applied=False, gpu_pct=100.0, cpu_pct=0, n_gpu_layers=999, n_cpu_layers=0)
2026-06-09 01:49:48,279 - INFO - START: /usr/bin/llama-server -m /fake/model.gguf -ngl 22 --flash-attn on --host 0.0.0.0 --port 8085 --tools all --parallel 1 --ctx-size 8192 --batch-size 2048 --mlock --main-gpu 0 --split-mode layer --tensor-split 1.0 --api-key test-token --mmproj-auto --jinja --reasoning on --chat-template-kwargs {"enable_thinking":true} (CUDA_VISIBLE_DEVICES=0, ctx_per_slot=8192, server_ctx=8192, batch_size=2048, thinking_enabled=True, mtp_enabled=False, mtp_draft_tokens=3, mtp_applied=False, gpu_pct=70.0, cpu_pct=30.0, n_gpu_layers=22, n_cpu_layers=10)
2026-06-09 01:49:48,319 - INFO - START: /usr/bin/llama-server -m /fake/model.gguf -ngl 0 --flash-attn on --host 0.0.0.0 --port 8085 --tools all --parallel 1 --ctx-size 8192 --batch-size 2048 --mlock --main-gpu 0 --split-mode layer --tensor-split 1.0 --api-key test-token --mmproj-auto --jinja --reasoning on --chat-template-kwargs {"enable_thinking":true} (CUDA_VISIBLE_DEVICES=0, ctx_per_slot=8192, server_ctx=8192, batch_size=2048, thinking_enabled=True, mtp_enabled=False, mtp_draft_tokens=3, mtp_applied=False, gpu_pct=0, cpu_pct=0, n_gpu_layers=0, n_cpu_layers=32)
2026-06-09 01:49:48,351 - INFO - START: /usr/bin/llama-server -m /fake/model.gguf -ngl 999 --flash-attn on --host 0.0.0.0 --port 8085 --tools all --parallel 1 --ctx-size 8192 --batch-size 2048 --mlock --main-gpu 0 --split-mode layer --tensor-split 1.0 --api-key test-token --mmproj-auto --jinja --reasoning on --chat-template-kwargs {"enable_thinking":true} (CUDA_VISIBLE_DEVICES=0, ctx_per_slot=8192, server_ctx=8192, batch_size=2048, thinking_enabled=True, mtp_enabled=False, mtp_draft_tokens=3, mtp_applied=False, gpu_pct=100.0, cpu_pct=0, n_gpu_layers=999, n_cpu_layers=0)
2026-06-09 01:49:48,383 - INFO - START: /usr/bin/llama-server -m /fake/model.gguf -ngl 999 --flash-attn on --host 0.0.0.0 --port 8085 --tools all --parallel 1 --ctx-size 8192 --batch-size 2048 --mlock --main-gpu 0 --split-mode layer --tensor-split 1.0 --api-key test-token --mmproj-auto --jinja --reasoning on --chat-template-kwargs {"enable_thinking":true} (CUDA_VISIBLE_DEVICES=0, ctx_per_slot=8192, server_ctx=8192, batch_size=2048, thinking_enabled=True, mtp_enabled=False, mtp_draft_tokens=3, mtp_applied=False, gpu_pct=100.0, cpu_pct=0, n_gpu_layers=999, n_cpu_layers=0)
2026-06-09 01:49:48,424 - INFO - START: /usr/bin/llama-server -m /fake/model.gguf -ngl 56 --flash-attn on --host 0.0.0.0 --port 8085 --tools all --parallel 1 --ctx-size 8192 --batch-size 2048 --mlock --main-gpu 0 --split-mode layer --tensor-split 1.0 --api-key test-token --mmproj-auto --jinja --reasoning on --chat-template-kwargs {"enable_thinking":true} (CUDA_VISIBLE_DEVICES=0, ctx_per_slot=8192, server_ctx=8192, batch_size=2048, thinking_enabled=True, mtp_enabled=False, mtp_draft_tokens=3, mtp_applied=False, gpu_pct=70.0, cpu_pct=30.0, n_gpu_layers=56, n_cpu_layers=24)
2026-06-09 01:49:48,480 - INFO - START: /usr/bin/llama-server -m /fake/model.gguf -ngl 999 --flash-attn on --host 0.0.0.0 --port 8085 --tools all --parallel 1 --ctx-size 8192 --batch-size 2048 --mlock --main-gpu 0 --split-mode layer --tensor-split 1.0 --api-key test-token --mmproj-auto --jinja --reasoning on --chat-template-kwargs {"enable_thinking":true} (CUDA_VISIBLE_DEVICES=0, ctx_per_slot=8192, server_ctx=8192, batch_size=2048, thinking_enabled=True, mtp_enabled=False, mtp_draft_tokens=3, mtp_applied=False, gpu_pct=200.0, cpu_pct=0, n_gpu_layers=999, n_cpu_layers=0)
2026-06-09 01:49:48,518 - INFO - START: /usr/bin/llama-server -m /fake/model.gguf -ngl 999 --flash-attn on --host 0.0.0.0 --port 8085 --tools all --parallel 1 --ctx-size 8192 --batch-size 2048 --mlock --main-gpu 0 --split-mode layer --tensor-split 1.0 --api-key test-token --mmproj-auto --jinja --reasoning on --chat-template-kwargs {"enable_thinking":true} (CUDA_VISIBLE_DEVICES=0, ctx_per_slot=8192, server_ctx=8192, batch_size=2048, thinking_enabled=True, mtp_enabled=False, mtp_draft_tokens=3, mtp_applied=False, gpu_pct=100.0, cpu_pct=0, n_gpu_layers=999, n_cpu_layers=0)
2026-06-09 01:49:48,555 - INFO - START: /usr/bin/llama-server -m /fake/model.gguf -ngl 0 --flash-attn on --host 0.0.0.0 --port 8085 --tools all --parallel 1 --ctx-size 8192 --batch-size 2048 --mlock --main-gpu 0 --split-mode layer --tensor-split 1.0 --api-key test-token --mmproj-auto --jinja --reasoning on --chat-template-kwargs {"enable_thinking":true} (CUDA_VISIBLE_DEVICES=0, ctx_per_slot=8192, server_ctx=8192, batch_size=2048, thinking_enabled=True, mtp_enabled=False, mtp_draft_tokens=3, mtp_applied=False, gpu_pct=0, cpu_pct=0, n_gpu_layers=0, n_cpu_layers=32)
2026-06-09 01:49:48,661 - INFO - Verificacao de versao iniciada em /tmp/automanager-test
2026-06-09 01:49:48,669 - WARNING - Diretorio nao e um repositorio git: /tmp/automanager-test
2026-06-09 01:49:48,719 - INFO - Verificacao de versao iniciada em /tmp/automanager-test
2026-06-09 01:49:48,746 - INFO - Versao atualizada (branch=main, ref=aaa1111)
2026-06-09 01:49:48,774 - INFO - Verificacao de versao iniciada em /tmp/automanager-test
2026-06-09 01:49:48,800 - INFO - Atualizacao disponivel (branch=main, ahead=2, aaa1111 -> ddd4444)
2026-06-09 01:49:48,828 - INFO - Verificacao de versao iniciada em /tmp/automanager-test
2026-06-09 01:49:48,848 - WARNING - git fetch falhou (branch=main): fatal: could not read from remote
2026-06-09 01:49:48,877 - INFO - Verificacao de versao iniciada em /tmp/automanager-test
2026-06-09 01:49:48,897 - WARNING - git fetch expirou apos 30s (branch=main)
2026-06-09 01:49:48,925 - INFO - Verificacao de versao iniciada em /tmp/automanager-test
2026-06-09 01:49:48,957 - INFO - Versao atualizada (branch=feature/foo, ref=1111111)
2026-06-09 01:49:48,991 - INFO - Verificacao de versao iniciada em /tmp/automanager-test
2026-06-09 01:49:49,032 - INFO - Atualizacao disponivel (branch=main, ahead=12, local00 -> remote0)
2026-06-09 10:50:22,290 - INFO - models_dir atualizado para C:\Users\s293\AppData\Local\Temp\pytest-of-s293\pytest-236\test_set_models_dir_updates_sc0\new-models
2026-06-09 10:50:22,433 - WARNING - llama-server nao encontrado automaticamente; configure LLAMA_SERVER_BIN ou paths.json (llama_server_bin)
2026-06-09 10:50:22,578 - WARNING - Could not detect model layers for /media/docker/models/model.gguf: Command '"llama-server.exe" --model-info "/media/docker/models/model.gguf" 2>&1' returned non-zero exit status 1.
2026-06-09 10:50:22,669 - WARNING - Could not detect model layers for /media/docker/models/model.gguf: Command '"llama-server.exe" --model-info "/media/docker/models/model.gguf" 2>&1' returned non-zero exit status 1.
2026-06-09 10:50:23,600 - INFO - estimate_model_vram_mb [DISK] model=C:\Users\s293\AppData\Local\Temp\pytest-of-s293\pytest-236\test_estimate_model_vram_uses_0\qwen-49b.gguf disk_mb=100 runtime_overhead_mb=256 weights_mb=356 kv_cache_mb=6553 total_mb=6909
2026-06-09 10:50:23,609 - INFO - estimate_model_vram_mb [DISK] model=C:\Users\s293\AppData\Local\Temp\pytest-of-s293\pytest-236\test_estimate_model_vram_uses_0\qwen-49b.gguf disk_mb=100 runtime_overhead_mb=256 weights_mb=356 kv_cache_mb=6553 total_mb=6909
2026-06-09 10:50:23,693 - INFO - === HARDWARE CAPACITY FAILURE ===
  reason=no_feasible_split
  model=huge-model.gguf path=/models/huge-model.gguf
  estimated_model_mb=?
  total_vram_mb=24576 total_vram_gb=24.00
  active_gpus=[0]
  gpu_details=[{'index': 0, 'name': 'RTX 3090', 'vram_mb': 24576}]
  context_size=32768 parallel_slots=2
  message=Não foi possível carregar "huge-model.gguf" em nenhuma divisão testada entre as GPUs selecionadas. O modelo excede a capacidade do hardware atual (~24.0 GB de VRAM em 1 GPU(s)) com contexto 32768 e 2 slot(s).
2026-06-09 10:50:23,705 - INFO - === HARDWARE CAPACITY FAILURE ===
  reason=no_feasible_split
  model=huge-model.gguf path=/models/huge-model.gguf
  estimated_model_mb=?
  total_vram_mb=24576 total_vram_gb=24.00
  active_gpus=[0]
  gpu_details=[{'index': 0, 'name': 'RTX 3090', 'vram_mb': 24576}]
  context_size=32768 parallel_slots=2
  message=Não foi possível carregar "huge-model.gguf" em nenhuma divisão testada entre as GPUs selecionadas. O modelo excede a capacidade do hardware atual (~24.0 GB de VRAM em 1 GPU(s)) com contexto 32768 e 2 slot(s).
2026-06-09 10:50:23,728 - WARNING - OOM detected! Consecutive: 1
2026-06-09 10:50:24,101 - INFO - Auto-balance probe #1: weight_map={0: 100%} -> synced={0: 100%} | cpu_weight=10 -> probe_cpu=0 | active_weights=[gpu[0]=100.0%, cpu[-1]=0.0%]
2026-06-09 10:50:24,109 - INFO - Auto-balance probe #1: result=ready (cpu_weight=0, synced_map={0: 100%})
2026-06-09 10:50:24,545 - INFO - Session expired due to inactivity
2026-06-09 10:50:24,963 - INFO - START: /usr/bin/llama-server -m /fake/model.gguf -ngl 999 --flash-attn on --host 0.0.0.0 --port 8085 --tools all --parallel 1 --ctx-size 8192 --batch-size 2048 --mlock --main-gpu 0 --split-mode layer --tensor-split 1.0000 --api-key sk-test --mmproj-auto --jinja --reasoning on --chat-template-kwargs {"enable_thinking":true} (CUDA_VISIBLE_DEVICES=0, ctx_per_slot=8192, server_ctx=8192, batch_size=2048, thinking_enabled=True, mtp_enabled=False, mtp_draft_tokens=3, mtp_applied=False, gpu_pct=100.0, cpu_pct=0, n_gpu_layers=999, n_cpu_layers=0)
2026-06-09 10:50:25,000 - INFO - START: /usr/bin/llama-server -m /fake/model.gguf -ngl 999 --flash-attn on --host 0.0.0.0 --port 8085 --tools all --parallel 1 --ctx-size 8192 --batch-size 2048 --mlock --main-gpu 0 --split-mode layer --tensor-split 0.5000,0.5000 --api-key sk-test --mmproj-auto --jinja --reasoning on --chat-template-kwargs {"enable_thinking":true} (CUDA_VISIBLE_DEVICES=0,1, ctx_per_slot=8192, server_ctx=8192, batch_size=2048, thinking_enabled=True, mtp_enabled=False, mtp_draft_tokens=3, mtp_applied=False, gpu_pct=100.0, cpu_pct=0, n_gpu_layers=999, n_cpu_layers=0)
2026-06-09 10:50:25,030 - INFO - START: /usr/bin/llama-server -m /fake/model.gguf -ngl 999 --flash-attn on --host 0.0.0.0 --port 8085 --tools all --parallel 1 --ctx-size 8192 --batch-size 2048 --mlock --main-gpu 0 --split-mode layer --tensor-split 1.0000 --api-key sk-test --mmproj-auto --jinja --reasoning on --chat-template-kwargs {"enable_thinking":true} (CUDA_VISIBLE_DEVICES=0, ctx_per_slot=8192, server_ctx=8192, batch_size=2048, thinking_enabled=True, mtp_enabled=False, mtp_draft_tokens=3, mtp_applied=False, gpu_pct=100.0, cpu_pct=0, n_gpu_layers=999, n_cpu_layers=0)
2026-06-09 10:50:25,088 - INFO - START: /usr/bin/llama-server -m /fake/model.gguf -ngl 22 --flash-attn on --host 0.0.0.0 --port 8085 --tools all --parallel 1 --ctx-size 8192 --batch-size 2048 --mlock --main-gpu 0 --split-mode layer --tensor-split 1.0000 --api-key sk-test --mmproj-auto --jinja --reasoning on --chat-template-kwargs {"enable_thinking":true} (CUDA_VISIBLE_DEVICES=0, ctx_per_slot=8192, server_ctx=8192, batch_size=2048, thinking_enabled=True, mtp_enabled=False, mtp_draft_tokens=3, mtp_applied=False, gpu_pct=70.0, cpu_pct=30.0, n_gpu_layers=22, n_cpu_layers=10)
2026-06-09 10:50:25,122 - ERROR - GPU metrics error: not enough values to unpack (expected 2, got 0)
2026-06-09 10:50:25,239 - INFO - START: /usr/bin/llama-server -m /fake/model.gguf -ngl 999 --flash-attn on --host 0.0.0.0 --port 8085 --tools all --parallel 1 --ctx-size 8192 --batch-size 2048 --mlock --main-gpu 0 --split-mode layer --tensor-split 1.0000 --api-key sk-test --mmproj-auto --jinja --reasoning on --chat-template-kwargs {"enable_thinking":true} (CUDA_VISIBLE_DEVICES=0, ctx_per_slot=8192, server_ctx=8192, batch_size=2048, thinking_enabled=True, mtp_enabled=False, mtp_draft_tokens=3, mtp_applied=False, gpu_pct=70.0, cpu_pct=0.0, n_gpu_layers=999, n_cpu_layers=0)
2026-06-09 10:50:25,260 - INFO - START: /usr/bin/llama-server -m /fake/model.gguf -ngl 22 --flash-attn on --host 0.0.0.0 --port 8085 --tools all --parallel 1 --ctx-size 8192 --batch-size 2048 --mlock --main-gpu 0 --split-mode layer --tensor-split 1.0000 --api-key sk-test --mmproj-auto --jinja --reasoning on --chat-template-kwargs {"enable_thinking":true} (CUDA_VISIBLE_DEVICES=0, ctx_per_slot=8192, server_ctx=8192, batch_size=2048, thinking_enabled=True, mtp_enabled=False, mtp_draft_tokens=3, mtp_applied=False, gpu_pct=70.0, cpu_pct=30.0, n_gpu_layers=22, n_cpu_layers=10)
2026-06-09 10:50:25,270 - ERROR - GPU metrics error: not enough values to unpack (expected 2, got 0)
2026-06-09 10:50:25,382 - INFO - START: /usr/bin/llama-server -m /fake/model.gguf -ngl 999 --flash-attn on --host 0.0.0.0 --port 8085 --tools all --parallel 1 --ctx-size 8192 --batch-size 2048 --mlock --main-gpu 0 --split-mode layer --tensor-split 1.0000 --api-key sk-test --mmproj-auto --jinja --reasoning on --chat-template-kwargs {"enable_thinking":true} (CUDA_VISIBLE_DEVICES=0, ctx_per_slot=8192, server_ctx=8192, batch_size=2048, thinking_enabled=True, mtp_enabled=False, mtp_draft_tokens=3, mtp_applied=False, gpu_pct=70.0, cpu_pct=0.0, n_gpu_layers=999, n_cpu_layers=0)
2026-06-09 10:50:25,483 - INFO - START: /usr/bin/llama-server -m /fake/model.gguf -ngl 70 --flash-attn on --host 0.0.0.0 --port 8085 --tools all --parallel 1 --ctx-size 8192 --batch-size 2048 --mlock --main-gpu 0 --split-mode layer --tensor-split 0.7143,0.2857 --api-key sk-test --mmproj-auto --jinja --reasoning on --chat-template-kwargs {"enable_thinking":true} (CUDA_VISIBLE_DEVICES=0,1, ctx_per_slot=8192, server_ctx=8192, batch_size=2048, thinking_enabled=True, mtp_enabled=False, mtp_draft_tokens=3, mtp_applied=False, gpu_pct=70.0, cpu_pct=30.0, n_gpu_layers=70, n_cpu_layers=30)
2026-06-09 10:50:25,520 - INFO - START: /usr/bin/llama-server -m /fake/model.gguf -ngl 999 --flash-attn on --host 0.0.0.0 --port 8085 --tools all --parallel 1 --ctx-size 8192 --batch-size 2048 --mlock --main-gpu 1 --split-mode layer --tensor-split 0.6000,0.4000 --api-key sk-test --mmproj-auto --jinja --reasoning on --chat-template-kwargs {"enable_thinking":true} (CUDA_VISIBLE_DEVICES=0,1, ctx_per_slot=8192, server_ctx=8192, batch_size=2048, thinking_enabled=True, mtp_enabled=False, mtp_draft_tokens=3, mtp_applied=False, gpu_pct=100.0, cpu_pct=0, n_gpu_layers=999, n_cpu_layers=0)
2026-06-09 10:50:25,540 - INFO - === Auto-balance ANALYTIC START ===
  model=test.gguf path=/models/test.gguf
  context_size=4096 parallel_slots=1
  weights_mb=20000 (19.53 GB)  kv_cache_mb=0  total_mb=20000 (19.53 GB)
  active_gpus=2 | total_vram=40000 MB (39.06 GB)
  gpu_vram={0: 24000, 1: 16000}
  gpu_names={0: GPU0, 1: GPU1}
  main_index=0
  priority_order=[0, 1]
  cpu_enabled=True
  pins_count=0
2026-06-09 10:50:25,549 - INFO - === Auto-balance ANALYTIC START ===
  model=test.gguf path=/models/test.gguf
  context_size=4096 parallel_slots=1
  weights_mb=20000 (19.53 GB)  kv_cache_mb=0  total_mb=20000 (19.53 GB)
  active_gpus=2 | total_vram=40000 MB (39.06 GB)
  gpu_vram={0: 24000, 1: 16000}
  gpu_names={0: GPU0, 1: GPU1}
  main_index=0
  priority_order=[0, 1]
  cpu_enabled=True
  pins_count=0
2026-06-09 10:50:25,555 - INFO - === Auto-balance: LoadDistributor resultado ===
  is_feasible=True
  gpu_weights={0: 100, 1: 0}
  cpu_weight=0
  total_gpu_pct=100
2026-06-09 10:50:25,584 - INFO - === Auto-balance: LoadDistributor resultado ===
  is_feasible=True
  gpu_weights={0: 100, 1: 0}
  cpu_weight=0
  total_gpu_pct=100
2026-06-09 10:50:25,594 - INFO - === Auto-balance: peso final ===
  weight_label=GPU0=100%
  weight_map={0: 100%, 1: 0%}
  cpu_weight=0
  pins_applied=0 (auto-balance limpa pins)
  budget_ok=True
2026-06-09 10:50:25,610 - INFO - === Auto-balance: peso final ===
  weight_label=GPU0=100%
  weight_map={0: 100%, 1: 0%}
  cpu_weight=0
  pins_applied=0 (auto-balance limpa pins)
  budget_ok=True
2026-06-09 10:50:25,624 - INFO - === HARDWARE SNAPSHOT BEFORE LOAD ===
  gpu_count=0
  ram_used_mb=20240 ram_total_mb=32510 ram_pct=62.3%
  cpu_pct=1.0% cpu_name=<MagicMock name='mock.get_metrics().get()' id='2077896576272'>
  gpus=[]
2026-06-09 10:50:25,645 - INFO - === HARDWARE SNAPSHOT BEFORE LOAD ===
  gpu_count=0
  ram_used_mb=20240 ram_total_mb=32510 ram_pct=62.3%
  cpu_pct=1.0% cpu_name=<MagicMock name='mock.get_metrics().get()' id='2077896576272'>
  gpus=[]
2026-06-09 10:50:28,681 - INFO - === HARDWARE SNAPSHOT AFTER LOAD ===
  gpu_count=0
  ram_used_mb=20238 ram_total_mb=32510 ram_pct=62.3%
  cpu_pct=1.0% cpu_name=<MagicMock name='mock.get_metrics().get()' id='2077896576272'>
  gpus=[]
2026-06-09 10:50:28,697 - INFO - === HARDWARE SNAPSHOT AFTER LOAD ===
  gpu_count=0
  ram_used_mb=20238 ram_total_mb=32510 ram_pct=62.3%
  cpu_pct=1.0% cpu_name=<MagicMock name='mock.get_metrics().get()' id='2077896576272'>
  gpus=[]
2026-06-09 10:50:28,709 - INFO - === HARDWARE SNAPSHOT COMPARISON (BEFORE -> AFTER) ===
  model=test.gguf total_mb=20000
  weights=GPU0=100% cpu_weight=0
  ram_delta=-2 MB (before=20240 -> after=20238)
  gpu_changes=[N/A]
2026-06-09 10:50:28,724 - INFO - === HARDWARE SNAPSHOT COMPARISON (BEFORE -> AFTER) ===
  model=test.gguf total_mb=20000
  weights=GPU0=100% cpu_weight=0
  ram_delta=-2 MB (before=20240 -> after=20238)
  gpu_changes=[N/A]
2026-06-09 10:50:28,735 - INFO - === Auto-balance SUCCESS ===
  message=Balance otimizado por cascata (GPU0=100%).
  gpu_weights_exported=3 entries
  total_layers=0
  split_mode=layer
2026-06-09 10:50:28,751 - INFO - === Auto-balance SUCCESS ===
  message=Balance otimizado por cascata (GPU0=100%).
  gpu_weights_exported=3 entries
  total_layers=0
  split_mode=layer
2026-06-09 10:50:28,771 - INFO - === Auto-balance ANALYTIC START ===
  model=test.gguf path=/models/test.gguf
  context_size=4096 parallel_slots=1
  weights_mb=20000 (19.53 GB)  kv_cache_mb=0  total_mb=20000 (19.53 GB)
  active_gpus=1 | total_vram=24000 MB (23.44 GB)
  gpu_vram={0: 24000}
  gpu_names={0: GPU0}
  main_index=0
  priority_order=[0]
  cpu_enabled=True
  pins_count=1
2026-06-09 10:50:28,786 - INFO - === Auto-balance ANALYTIC START ===
  model=test.gguf path=/models/test.gguf
  context_size=4096 parallel_slots=1
  weights_mb=20000 (19.53 GB)  kv_cache_mb=0  total_mb=20000 (19.53 GB)
  active_gpus=1 | total_vram=24000 MB (23.44 GB)
  gpu_vram={0: 24000}
  gpu_names={0: GPU0}
  main_index=0
  priority_order=[0]
  cpu_enabled=True
  pins_count=1
2026-06-09 10:50:28,797 - INFO - === Auto-balance: LoadDistributor resultado ===
  is_feasible=True
  gpu_weights={0: 100}
  cpu_weight=0
  total_gpu_pct=100
2026-06-09 10:50:28,814 - INFO - === Auto-balance: LoadDistributor resultado ===
  is_feasible=True
  gpu_weights={0: 100}
  cpu_weight=0
  total_gpu_pct=100
2026-06-09 10:50:28,824 - INFO - === Auto-balance: peso final ===
  weight_label=GPU0=100%
  weight_map={0: 100%}
  cpu_weight=0
  pins_applied=0 (auto-balance limpa pins)
  budget_ok=True
2026-06-09 10:50:28,863 - INFO - === Auto-balance: peso final ===
  weight_label=GPU0=100%
  weight_map={0: 100%}
  cpu_weight=0
  pins_applied=0 (auto-balance limpa pins)
  budget_ok=True
2026-06-09 10:50:28,885 - INFO - === HARDWARE SNAPSHOT BEFORE LOAD ===
  gpu_count=0
  ram_used_mb=20237 ram_total_mb=32510 ram_pct=62.2%
  cpu_pct=1.0% cpu_name=<MagicMock name='mock.get_metrics().get()' id='2077895955856'>
  gpus=[]
2026-06-09 10:50:28,936 - INFO - === HARDWARE SNAPSHOT BEFORE LOAD ===
  gpu_count=0
  ram_used_mb=20237 ram_total_mb=32510 ram_pct=62.2%
  cpu_pct=1.0% cpu_name=<MagicMock name='mock.get_metrics().get()' id='2077895955856'>
  gpus=[]
2026-06-09 10:50:31,969 - INFO - === HARDWARE SNAPSHOT AFTER LOAD ===
  gpu_count=0
  ram_used_mb=20227 ram_total_mb=32510 ram_pct=62.2%
  cpu_pct=1.0% cpu_name=<MagicMock name='mock.get_metrics().get()' id='2077895955856'>
  gpus=[]
2026-06-09 10:50:32,009 - INFO - === HARDWARE SNAPSHOT AFTER LOAD ===
  gpu_count=0
  ram_used_mb=20227 ram_total_mb=32510 ram_pct=62.2%
  cpu_pct=1.0% cpu_name=<MagicMock name='mock.get_metrics().get()' id='2077895955856'>
  gpus=[]
2026-06-09 10:50:32,028 - INFO - === HARDWARE SNAPSHOT COMPARISON (BEFORE -> AFTER) ===
  model=test.gguf total_mb=20000
  weights=GPU0=100% cpu_weight=0
  ram_delta=-10 MB (before=20237 -> after=20227)
  gpu_changes=[N/A]
2026-06-09 10:50:32,085 - INFO - === HARDWARE SNAPSHOT COMPARISON (BEFORE -> AFTER) ===
  model=test.gguf total_mb=20000
  weights=GPU0=100% cpu_weight=0
  ram_delta=-10 MB (before=20237 -> after=20227)
  gpu_changes=[N/A]
2026-06-09 10:50:32,106 - INFO - === Auto-balance SUCCESS ===
  message=Balance otimizado por cascata (GPU0=100%).
  gpu_weights_exported=2 entries
  total_layers=0
  split_mode=layer
2026-06-09 10:50:32,141 - INFO - === Auto-balance SUCCESS ===
  message=Balance otimizado por cascata (GPU0=100%).
  gpu_weights_exported=2 entries
  total_layers=0
  split_mode=layer
2026-06-09 10:50:32,180 - INFO - === Auto-balance ANALYTIC START ===
  model=test.gguf path=/models/test.gguf
  context_size=4096 parallel_slots=1
  weights_mb=30000 (29.30 GB)  kv_cache_mb=0  total_mb=30000 (29.30 GB)
  active_gpus=2 | total_vram=40000 MB (39.06 GB)
  gpu_vram={0: 24000, 1: 16000}
  gpu_names={0: GPU0, 1: GPU1}
  main_index=0
  priority_order=[0, 1]
  cpu_enabled=True
  pins_count=0
2026-06-09 10:50:32,226 - INFO - === Auto-balance ANALYTIC START ===
  model=test.gguf path=/models/test.gguf
  context_size=4096 parallel_slots=1
  weights_mb=30000 (29.30 GB)  kv_cache_mb=0  total_mb=30000 (29.30 GB)
  active_gpus=2 | total_vram=40000 MB (39.06 GB)
  gpu_vram={0: 24000, 1: 16000}
  gpu_names={0: GPU0, 1: GPU1}
  main_index=0
  priority_order=[0, 1]
  cpu_enabled=True
  pins_count=0
2026-06-09 10:50:32,243 - INFO - === Auto-balance: LoadDistributor resultado ===
  is_feasible=True
  gpu_weights={0: 78, 1: 22}
  cpu_weight=0
  total_gpu_pct=100
2026-06-09 10:50:32,300 - INFO - === Auto-balance: LoadDistributor resultado ===
  is_feasible=True
  gpu_weights={0: 78, 1: 22}
  cpu_weight=0
  total_gpu_pct=100
2026-06-09 10:50:32,316 - INFO - === Auto-balance: peso final ===
  weight_label=GPU0=78%, GPU1=22%
  weight_map={0: 78%, 1: 22%}
  cpu_weight=0
  pins_applied=0 (auto-balance limpa pins)
  budget_ok=True
2026-06-09 10:50:32,363 - INFO - === Auto-balance: peso final ===
  weight_label=GPU0=78%, GPU1=22%
  weight_map={0: 78%, 1: 22%}
  cpu_weight=0
  pins_applied=0 (auto-balance limpa pins)
  budget_ok=True
2026-06-09 10:50:32,385 - INFO - === HARDWARE SNAPSHOT BEFORE LOAD ===
  gpu_count=0
  ram_used_mb=20226 ram_total_mb=32510 ram_pct=62.2%
  cpu_pct=1.0% cpu_name=<MagicMock name='mock.get_metrics().get()' id='2077895560400'>
  gpus=[]
2026-06-09 10:50:32,428 - INFO - === HARDWARE SNAPSHOT BEFORE LOAD ===
  gpu_count=0
  ram_used_mb=20226 ram_total_mb=32510 ram_pct=62.2%
  cpu_pct=1.0% cpu_name=<MagicMock name='mock.get_metrics().get()' id='2077895560400'>
  gpus=[]
2026-06-09 10:50:35,449 - INFO - === HARDWARE SNAPSHOT AFTER LOAD ===
  gpu_count=0
  ram_used_mb=20205 ram_total_mb=32510 ram_pct=62.1%
  cpu_pct=1.0% cpu_name=<MagicMock name='mock.get_metrics().get()' id='2077895560400'>
  gpus=[]
2026-06-09 10:50:35,493 - INFO - === HARDWARE SNAPSHOT AFTER LOAD ===
  gpu_count=0
  ram_used_mb=20205 ram_total_mb=32510 ram_pct=62.1%
  cpu_pct=1.0% cpu_name=<MagicMock name='mock.get_metrics().get()' id='2077895560400'>
  gpus=[]
2026-06-09 10:50:35,514 - INFO - === HARDWARE SNAPSHOT COMPARISON (BEFORE -> AFTER) ===
  model=test.gguf total_mb=30000
  weights=GPU0=78%, GPU1=22% cpu_weight=0
  ram_delta=-21 MB (before=20226 -> after=20205)
  gpu_changes=[N/A]
2026-06-09 10:50:35,559 - INFO - === HARDWARE SNAPSHOT COMPARISON (BEFORE -> AFTER) ===
  model=test.gguf total_mb=30000
  weights=GPU0=78%, GPU1=22% cpu_weight=0
  ram_delta=-21 MB (before=20226 -> after=20205)
  gpu_changes=[N/A]
2026-06-09 10:50:35,581 - INFO - === Auto-balance SUCCESS ===
  message=Balance otimizado por cascata (GPU0=78%, GPU1=22%).
  gpu_weights_exported=3 entries
  total_layers=0
  split_mode=layer
2026-06-09 10:50:35,628 - INFO - === Auto-balance SUCCESS ===
  message=Balance otimizado por cascata (GPU0=78%, GPU1=22%).
  gpu_weights_exported=3 entries
  total_layers=0
  split_mode=layer
2026-06-09 10:50:35,656 - INFO - === Auto-balance ANALYTIC START ===
  model=test.gguf path=/models/test.gguf
  context_size=4096 parallel_slots=1
  weights_mb=70000 (68.36 GB)  kv_cache_mb=0  total_mb=70000 (68.36 GB)
  active_gpus=2 | total_vram=40000 MB (39.06 GB)
  gpu_vram={0: 24000, 1: 16000}
  gpu_names={0: GPU0, 1: GPU1}
  main_index=0
  priority_order=[0, 1]
  cpu_enabled=True
  pins_count=0
2026-06-09 10:50:35,706 - INFO - === Auto-balance ANALYTIC START ===
  model=test.gguf path=/models/test.gguf
  context_size=4096 parallel_slots=1
  weights_mb=70000 (68.36 GB)  kv_cache_mb=0  total_mb=70000 (68.36 GB)
  active_gpus=2 | total_vram=40000 MB (39.06 GB)
  gpu_vram={0: 24000, 1: 16000}
  gpu_names={0: GPU0, 1: GPU1}
  main_index=0
  priority_order=[0, 1]
  cpu_enabled=True
  pins_count=0
2026-06-09 10:50:35,731 - INFO - === Auto-balance: LoadDistributor resultado ===
  is_feasible=True
  gpu_weights={0: 34, 1: 22}
  cpu_weight=44
  total_gpu_pct=56
2026-06-09 10:50:35,765 - INFO - === Auto-balance: LoadDistributor resultado ===
  is_feasible=True
  gpu_weights={0: 34, 1: 22}
  cpu_weight=44
  total_gpu_pct=56
2026-06-09 10:50:35,785 - INFO - === Auto-balance: peso final ===
  weight_label=GPU0=34%, GPU1=22%, CPU=44%
  weight_map={0: 34%, 1: 22%}
  cpu_weight=44
  pins_applied=0 (auto-balance limpa pins)
  budget_ok=True
2026-06-09 10:50:35,821 - INFO - === Auto-balance: peso final ===
  weight_label=GPU0=34%, GPU1=22%, CPU=44%
  weight_map={0: 34%, 1: 22%}
  cpu_weight=44
  pins_applied=0 (auto-balance limpa pins)
  budget_ok=True
2026-06-09 10:50:35,840 - INFO - === HARDWARE SNAPSHOT BEFORE LOAD ===
  gpu_count=0
  ram_used_mb=20208 ram_total_mb=32510 ram_pct=62.2%
  cpu_pct=1.0% cpu_name=<MagicMock name='mock.get_metrics().get()' id='2077896241232'>
  gpus=[]
2026-06-09 10:50:35,874 - INFO - === HARDWARE SNAPSHOT BEFORE LOAD ===
  gpu_count=0
  ram_used_mb=20208 ram_total_mb=32510 ram_pct=62.2%
  cpu_pct=1.0% cpu_name=<MagicMock name='mock.get_metrics().get()' id='2077896241232'>
  gpus=[]
2026-06-09 10:50:38,894 - INFO - === HARDWARE SNAPSHOT AFTER LOAD ===
  gpu_count=0
  ram_used_mb=20187 ram_total_mb=32510 ram_pct=62.1%
  cpu_pct=1.0% cpu_name=<MagicMock name='mock.get_metrics().get()' id='2077896241232'>
  gpus=[]
2026-06-09 10:50:38,932 - INFO - === HARDWARE SNAPSHOT AFTER LOAD ===
  gpu_count=0
  ram_used_mb=20187 ram_total_mb=32510 ram_pct=62.1%
  cpu_pct=1.0% cpu_name=<MagicMock name='mock.get_metrics().get()' id='2077896241232'>
  gpus=[]
2026-06-09 10:50:38,952 - INFO - === HARDWARE SNAPSHOT COMPARISON (BEFORE -> AFTER) ===
  model=test.gguf total_mb=70000
  weights=GPU0=34%, GPU1=22%, CPU=44% cpu_weight=44
  ram_delta=-21 MB (before=20208 -> after=20187)
  gpu_changes=[N/A]
2026-06-09 10:50:38,988 - INFO - === HARDWARE SNAPSHOT COMPARISON (BEFORE -> AFTER) ===
  model=test.gguf total_mb=70000
  weights=GPU0=34%, GPU1=22%, CPU=44% cpu_weight=44
  ram_delta=-21 MB (before=20208 -> after=20187)
  gpu_changes=[N/A]
2026-06-09 10:50:39,011 - INFO - === Auto-balance SUCCESS ===
  message=Balance otimizado por cascata (GPU0=34%, GPU1=22%, CPU=44%).
  gpu_weights_exported=3 entries
  total_layers=0
  split_mode=layer
2026-06-09 10:50:39,051 - INFO - === Auto-balance SUCCESS ===
  message=Balance otimizado por cascata (GPU0=34%, GPU1=22%, CPU=44%).
  gpu_weights_exported=3 entries
  total_layers=0
  split_mode=layer
2026-06-09 10:50:39,080 - INFO - === Auto-balance ANALYTIC START ===
  model=test.gguf path=/models/test.gguf
  context_size=4096 parallel_slots=1
  weights_mb=70000 (68.36 GB)  kv_cache_mb=0  total_mb=70000 (68.36 GB)
  active_gpus=2 | total_vram=40000 MB (39.06 GB)
  gpu_vram={0: 24000, 1: 16000}
  gpu_names={0: GPU0, 1: GPU1}
  main_index=0
  priority_order=[0, 1]
  cpu_enabled=False
  pins_count=0
2026-06-09 10:50:39,118 - INFO - === Auto-balance ANALYTIC START ===
  model=test.gguf path=/models/test.gguf
  context_size=4096 parallel_slots=1
  weights_mb=70000 (68.36 GB)  kv_cache_mb=0  total_mb=70000 (68.36 GB)
  active_gpus=2 | total_vram=40000 MB (39.06 GB)
  gpu_vram={0: 24000, 1: 16000}
  gpu_names={0: GPU0, 1: GPU1}
  main_index=0
  priority_order=[0, 1]
  cpu_enabled=False
  pins_count=0
2026-06-09 10:50:39,139 - INFO - === Auto-balance: LoadDistributor resultado ===
  is_feasible=False
  gpu_weights={0: 60, 1: 40}
  cpu_weight=0
  total_gpu_pct=100
2026-06-09 10:50:39,185 - INFO - === Auto-balance: LoadDistributor resultado ===
  is_feasible=False
  gpu_weights={0: 60, 1: 40}
  cpu_weight=0
  total_gpu_pct=100
2026-06-09 10:50:39,209 - INFO - === HARDWARE CAPACITY FAILURE ===
  reason=no_feasible_split
  model=test.gguf path=/models/test.gguf
  estimated_model_mb=?
  total_vram_mb=40000 total_vram_gb=39.06
  active_gpus=[0, 1]
  gpu_details=[{'index': 0, 'name': 'GPU0', 'vram_mb': 24000}, {'index': 1, 'name': 'GPU1', 'vram_mb': 16000}]
  context_size=4096 parallel_slots=1
  message=Não foi possível carregar "test.gguf" em nenhuma divisão testada entre as GPUs selecionadas. O modelo excede a capacidade do hardware atual (~39.1 GB de VRAM em 2 GPU(s)) com contexto 4096 e 1 slot(s).
2026-06-09 10:50:39,256 - INFO - === HARDWARE CAPACITY FAILURE ===
  reason=no_feasible_split
  model=test.gguf path=/models/test.gguf
  estimated_model_mb=?
  total_vram_mb=40000 total_vram_gb=39.06
  active_gpus=[0, 1]
  gpu_details=[{'index': 0, 'name': 'GPU0', 'vram_mb': 24000}, {'index': 1, 'name': 'GPU1', 'vram_mb': 16000}]
  context_size=4096 parallel_slots=1
  message=Não foi possível carregar "test.gguf" em nenhuma divisão testada entre as GPUs selecionadas. O modelo excede a capacidade do hardware atual (~39.1 GB de VRAM em 2 GPU(s)) com contexto 4096 e 1 slot(s).
2026-06-09 10:50:39,276 - INFO - === Auto-balance INFEASIBLE ===
  message=Não foi possível carregar "test.gguf" em nenhuma divisão testada entre as GPUs selecionadas. O modelo excede a capacidade do hardware atual (~39.1 GB de VRAM em 2 GPU(s)) com contexto 4096 e 1 slot(s).
  failure_code=hardware_capacity_exceeded
  total_vram_mb=40000
  estimated_mb=70000
  cpu_enabled=False
2026-06-09 10:50:39,320 - INFO - === Auto-balance INFEASIBLE ===
  message=Não foi possível carregar "test.gguf" em nenhuma divisão testada entre as GPUs selecionadas. O modelo excede a capacidade do hardware atual (~39.1 GB de VRAM em 2 GPU(s)) com contexto 4096 e 1 slot(s).
  failure_code=hardware_capacity_exceeded
  total_vram_mb=40000
  estimated_mb=70000
  cpu_enabled=False
2026-06-09 10:50:39,413 - INFO - START: /usr/bin/llama-server -m /fake/model.gguf -ngl 22 --flash-attn on --host 0.0.0.0 --port 8085 --tools all --parallel 1 --ctx-size 8192 --batch-size 2048 --mlock --main-gpu 0 --split-mode layer --tensor-split 1.0 --api-key sk-test --mmproj-auto --jinja --reasoning on --chat-template-kwargs {"enable_thinking":true} (CUDA_VISIBLE_DEVICES=0, ctx_per_slot=8192, server_ctx=8192, batch_size=2048, thinking_enabled=True, mtp_enabled=False, mtp_draft_tokens=3, mtp_applied=False, gpu_pct=70.0, cpu_pct=30.0, n_gpu_layers=22, n_cpu_layers=10)
2026-06-09 10:50:39,443 - INFO - START: /usr/bin/llama-server -m /fake/model.gguf -ngl 6 --flash-attn on --host 0.0.0.0 --port 8085 --tools all --parallel 1 --ctx-size 8192 --batch-size 2048 --mlock --main-gpu 0 --split-mode layer --tensor-split 1.0 --api-key sk-test --mmproj-auto --jinja --reasoning on --chat-template-kwargs {"enable_thinking":true} (CUDA_VISIBLE_DEVICES=0, ctx_per_slot=8192, server_ctx=8192, batch_size=2048, thinking_enabled=True, mtp_enabled=False, mtp_draft_tokens=3, mtp_applied=False, gpu_pct=20.0, cpu_pct=80.0, n_gpu_layers=6, n_cpu_layers=26)
2026-06-09 10:50:39,496 - INFO - START: /usr/bin/llama-server -m /fake/model.gguf -ngl 999 --flash-attn on --host 0.0.0.0 --port 8085 --tools all --parallel 1 --ctx-size 8192 --batch-size 2048 --mlock --main-gpu 0 --split-mode layer --tensor-split 1.0 --api-key sk-test --mmproj-auto --jinja --reasoning on --chat-template-kwargs {"enable_thinking":true} (CUDA_VISIBLE_DEVICES=0, ctx_per_slot=8192, server_ctx=8192, batch_size=2048, thinking_enabled=True, mtp_enabled=False, mtp_draft_tokens=3, mtp_applied=False, gpu_pct=100.0, cpu_pct=0, n_gpu_layers=999, n_cpu_layers=0)
2026-06-09 10:50:39,575 - INFO - START: /usr/bin/llama-server -m /fake/model.gguf -ngl 22 --flash-attn on --host 0.0.0.0 --port 8085 --tools all --parallel 1 --ctx-size 8192 --batch-size 2048 --mlock --main-gpu 0 --split-mode layer --tensor-split 1.0 --api-key sk-test --mmproj-auto --jinja --reasoning on --chat-template-kwargs {"enable_thinking":true} (CUDA_VISIBLE_DEVICES=0, ctx_per_slot=8192, server_ctx=8192, batch_size=2048, thinking_enabled=True, mtp_enabled=False, mtp_draft_tokens=3, mtp_applied=False, gpu_pct=70.0, cpu_pct=30.0, n_gpu_layers=22, n_cpu_layers=10)
2026-06-09 10:50:40,160 - ERROR - GPU detection error: Command 'nvidia-smi' returned non-zero exit status 1.
2026-06-09 10:50:40,207 - ERROR - GPU metrics error: Command 'nvidia-smi' returned non-zero exit status 1.
2026-06-09 10:50:40,225 - ERROR - System metrics error: ram metrics unavailable
2026-06-09 10:50:40,253 - ERROR - GPU metrics error: Command 'nvidia-smi' returned non-zero exit status 1.
2026-06-09 10:50:41,623 - ERROR - GPU metrics error: Command 'nvidia-smi' returned non-zero exit status 1.
2026-06-09 10:50:41,644 - ERROR - System metrics error: ram down
2026-06-09 10:50:41,676 - ERROR - GPU metrics error: Command 'nvidia-smi' returned non-zero exit status 1.
2026-06-09 10:50:41,972 - INFO - MTP requested but model has no MTP head, skipping flags
2026-06-09 10:50:42,286 - WARNING - llama-server nao encontrado automaticamente; configure LLAMA_SERVER_BIN ou paths.json (llama_server_bin)
2026-06-09 10:50:42,329 - WARNING - Could not detect MTP for /fake/model.gguf: boom
1969-12-31 21:16:40,000 - WARNING - OOM detected! Consecutive: 1
1969-12-31 21:16:45,000 - WARNING - OOM detected! Consecutive: 2
1969-12-31 21:16:40,000 - WARNING - OOM detected! Consecutive: 1
1969-12-31 21:17:11,000 - WARNING - OOM detected! Consecutive: 1
1969-12-31 21:16:40,000 - WARNING - OOM detected! Consecutive: 1
1969-12-31 21:16:45,000 - WARNING - OOM detected! Consecutive: 3
2026-06-09 10:50:42,756 - WARNING - Could not detect model layers for /fake/model.gguf: not found
2026-06-09 10:50:42,816 - INFO - START: /usr/bin/llama-server -m /fake/model.gguf -ngl 999 --flash-attn on --host 0.0.0.0 --port 8085 --tools all --parallel 1 --ctx-size 8192 --batch-size 2048 --mlock --main-gpu 0 --split-mode layer --tensor-split 1.0 --api-key test-token --mmproj-auto --jinja --reasoning on --chat-template-kwargs {"enable_thinking":true} (CUDA_VISIBLE_DEVICES=0, ctx_per_slot=8192, server_ctx=8192, batch_size=2048, thinking_enabled=True, mtp_enabled=False, mtp_draft_tokens=3, mtp_applied=False, gpu_pct=100.0, cpu_pct=0, n_gpu_layers=999, n_cpu_layers=0)
2026-06-09 10:50:42,857 - INFO - START: /usr/bin/llama-server -m /fake/model.gguf -ngl 22 --flash-attn on --host 0.0.0.0 --port 8085 --tools all --parallel 1 --ctx-size 8192 --batch-size 2048 --mlock --main-gpu 0 --split-mode layer --tensor-split 1.0 --api-key test-token --mmproj-auto --jinja --reasoning on --chat-template-kwargs {"enable_thinking":true} (CUDA_VISIBLE_DEVICES=0, ctx_per_slot=8192, server_ctx=8192, batch_size=2048, thinking_enabled=True, mtp_enabled=False, mtp_draft_tokens=3, mtp_applied=False, gpu_pct=70.0, cpu_pct=30.0, n_gpu_layers=22, n_cpu_layers=10)
2026-06-09 10:50:42,896 - INFO - START: /usr/bin/llama-server -m /fake/model.gguf -ngl 0 --flash-attn on --host 0.0.0.0 --port 8085 --tools all --parallel 1 --ctx-size 8192 --batch-size 2048 --mlock --main-gpu 0 --split-mode layer --tensor-split 1.0 --api-key test-token --mmproj-auto --jinja --reasoning on --chat-template-kwargs {"enable_thinking":true} (CUDA_VISIBLE_DEVICES=0, ctx_per_slot=8192, server_ctx=8192, batch_size=2048, thinking_enabled=True, mtp_enabled=False, mtp_draft_tokens=3, mtp_applied=False, gpu_pct=0, cpu_pct=0, n_gpu_layers=0, n_cpu_layers=32)
2026-06-09 10:50:42,942 - INFO - START: /usr/bin/llama-server -m /fake/model.gguf -ngl 999 --flash-attn on --host 0.0.0.0 --port 8085 --tools all --parallel 1 --ctx-size 8192 --batch-size 2048 --mlock --main-gpu 0 --split-mode layer --tensor-split 1.0 --api-key test-token --mmproj-auto --jinja --reasoning on --chat-template-kwargs {"enable_thinking":true} (CUDA_VISIBLE_DEVICES=0, ctx_per_slot=8192, server_ctx=8192, batch_size=2048, thinking_enabled=True, mtp_enabled=False, mtp_draft_tokens=3, mtp_applied=False, gpu_pct=100.0, cpu_pct=0, n_gpu_layers=999, n_cpu_layers=0)
2026-06-09 10:50:42,981 - INFO - START: /usr/bin/llama-server -m /fake/model.gguf -ngl 999 --flash-attn on --host 0.0.0.0 --port 8085 --tools all --parallel 1 --ctx-size 8192 --batch-size 2048 --mlock --main-gpu 0 --split-mode layer --tensor-split 1.0 --api-key test-token --mmproj-auto --jinja --reasoning on --chat-template-kwargs {"enable_thinking":true} (CUDA_VISIBLE_DEVICES=0, ctx_per_slot=8192, server_ctx=8192, batch_size=2048, thinking_enabled=True, mtp_enabled=False, mtp_draft_tokens=3, mtp_applied=False, gpu_pct=100.0, cpu_pct=0, n_gpu_layers=999, n_cpu_layers=0)
2026-06-09 10:50:43,023 - INFO - START: /usr/bin/llama-server -m /fake/model.gguf -ngl 56 --flash-attn on --host 0.0.0.0 --port 8085 --tools all --parallel 1 --ctx-size 8192 --batch-size 2048 --mlock --main-gpu 0 --split-mode layer --tensor-split 1.0 --api-key test-token --mmproj-auto --jinja --reasoning on --chat-template-kwargs {"enable_thinking":true} (CUDA_VISIBLE_DEVICES=0, ctx_per_slot=8192, server_ctx=8192, batch_size=2048, thinking_enabled=True, mtp_enabled=False, mtp_draft_tokens=3, mtp_applied=False, gpu_pct=70.0, cpu_pct=30.0, n_gpu_layers=56, n_cpu_layers=24)
2026-06-09 10:50:43,062 - INFO - START: /usr/bin/llama-server -m /fake/model.gguf -ngl 999 --flash-attn on --host 0.0.0.0 --port 8085 --tools all --parallel 1 --ctx-size 8192 --batch-size 2048 --mlock --main-gpu 0 --split-mode layer --tensor-split 1.0 --api-key test-token --mmproj-auto --jinja --reasoning on --chat-template-kwargs {"enable_thinking":true} (CUDA_VISIBLE_DEVICES=0, ctx_per_slot=8192, server_ctx=8192, batch_size=2048, thinking_enabled=True, mtp_enabled=False, mtp_draft_tokens=3, mtp_applied=False, gpu_pct=200.0, cpu_pct=0, n_gpu_layers=999, n_cpu_layers=0)
2026-06-09 10:50:43,102 - INFO - START: /usr/bin/llama-server -m /fake/model.gguf -ngl 999 --flash-attn on --host 0.0.0.0 --port 8085 --tools all --parallel 1 --ctx-size 8192 --batch-size 2048 --mlock --main-gpu 0 --split-mode layer --tensor-split 1.0 --api-key test-token --mmproj-auto --jinja --reasoning on --chat-template-kwargs {"enable_thinking":true} (CUDA_VISIBLE_DEVICES=0, ctx_per_slot=8192, server_ctx=8192, batch_size=2048, thinking_enabled=True, mtp_enabled=False, mtp_draft_tokens=3, mtp_applied=False, gpu_pct=100.0, cpu_pct=0, n_gpu_layers=999, n_cpu_layers=0)
2026-06-09 10:50:43,137 - INFO - START: /usr/bin/llama-server -m /fake/model.gguf -ngl 0 --flash-attn on --host 0.0.0.0 --port 8085 --tools all --parallel 1 --ctx-size 8192 --batch-size 2048 --mlock --main-gpu 0 --split-mode layer --tensor-split 1.0 --api-key test-token --mmproj-auto --jinja --reasoning on --chat-template-kwargs {"enable_thinking":true} (CUDA_VISIBLE_DEVICES=0, ctx_per_slot=8192, server_ctx=8192, batch_size=2048, thinking_enabled=True, mtp_enabled=False, mtp_draft_tokens=3, mtp_applied=False, gpu_pct=0, cpu_pct=0, n_gpu_layers=0, n_cpu_layers=32)
2026-06-09 10:50:43,399 - INFO - Verificacao de versao iniciada em /tmp/automanager-test
2026-06-09 10:50:43,423 - WARNING - Diretorio nao e um repositorio git: /tmp/automanager-test
2026-06-09 10:50:43,457 - INFO - Verificacao de versao iniciada em /tmp/automanager-test
2026-06-09 10:50:43,489 - INFO - Versao atualizada (branch=main, ref=aaa1111)
2026-06-09 10:50:43,521 - INFO - Verificacao de versao iniciada em /tmp/automanager-test
2026-06-09 10:50:43,543 - INFO - Atualizacao disponivel (branch=main, ahead=2, aaa1111 -> ddd4444)
2026-06-09 10:50:43,574 - INFO - Verificacao de versao iniciada em /tmp/automanager-test
2026-06-09 10:50:43,593 - WARNING - git fetch falhou (branch=main): fatal: could not read from remote
2026-06-09 10:50:43,624 - INFO - Verificacao de versao iniciada em /tmp/automanager-test
2026-06-09 10:50:43,643 - WARNING - git fetch expirou apos 30s (branch=main)
2026-06-09 10:50:43,678 - INFO - Verificacao de versao iniciada em /tmp/automanager-test
2026-06-09 10:50:43,700 - INFO - Versao atualizada (branch=feature/foo, ref=1111111)
2026-06-09 10:50:43,731 - INFO - Verificacao de versao iniciada em /tmp/automanager-test
2026-06-09 10:50:43,757 - INFO - Atualizacao disponivel (branch=main, ahead=12, local00 -> remote0)
2026-06-09 11:20:18,786 - INFO - estimate_model_vram_mb [DISK] model=C:\Users\s293\AppData\Local\Temp\pytest-of-s293\pytest-238\test_estimate_model_vram_uses_0\qwen-49b.gguf disk_mb=100 runtime_overhead_mb=256 weights_mb=356 kv_cache_mb=6553 total_mb=6909
2026-06-09 11:20:18,810 - INFO - estimate_model_vram_mb [DISK] model=C:\Users\s293\AppData\Local\Temp\pytest-of-s293\pytest-238\test_estimate_model_vram_uses_0\qwen-49b.gguf disk_mb=100 runtime_overhead_mb=256 weights_mb=356 kv_cache_mb=6553 total_mb=6909
2026-06-09 11:20:18,959 - INFO - === HARDWARE CAPACITY FAILURE ===
  reason=no_feasible_split
  model=huge-model.gguf path=/models/huge-model.gguf
  estimated_model_mb=?
  total_vram_mb=24576 total_vram_gb=24.00
  active_gpus=[0]
  gpu_details=[{'index': 0, 'name': 'RTX 3090', 'vram_mb': 24576}]
  context_size=32768 parallel_slots=2
  message=Não foi possível carregar "huge-model.gguf" em nenhuma divisão testada entre as GPUs selecionadas. O modelo excede a capacidade do hardware atual (~24.0 GB de VRAM em 1 GPU(s)) com contexto 32768 e 2 slot(s).
2026-06-09 11:20:19,020 - INFO - === HARDWARE CAPACITY FAILURE ===
  reason=no_feasible_split
  model=huge-model.gguf path=/models/huge-model.gguf
  estimated_model_mb=?
  total_vram_mb=24576 total_vram_gb=24.00
  active_gpus=[0]
  gpu_details=[{'index': 0, 'name': 'RTX 3090', 'vram_mb': 24576}]
  context_size=32768 parallel_slots=2
  message=Não foi possível carregar "huge-model.gguf" em nenhuma divisão testada entre as GPUs selecionadas. O modelo excede a capacidade do hardware atual (~24.0 GB de VRAM em 1 GPU(s)) com contexto 32768 e 2 slot(s).
2026-06-09 11:20:19,154 - WARNING - OOM detected! Consecutive: 1
2026-06-09 11:20:19,749 - INFO - Auto-balance probe #1: weight_map={0: 100%} -> synced={0: 100%} | cpu_weight=10 -> probe_cpu=0 | active_weights=[gpu[0]=100.0%, cpu[-1]=0.0%]
2026-06-09 11:20:19,770 - INFO - Auto-balance probe #1: result=ready (cpu_weight=0, synced_map={0: 100%})
2026-06-09 11:20:20,447 - INFO - Session expired due to inactivity
2026-06-09 11:20:20,877 - INFO - START: /usr/bin/llama-server -m /fake/model.gguf -ngl 999 --flash-attn on --host 0.0.0.0 --port 8085 --tools all --parallel 1 --ctx-size 8192 --batch-size 2048 --mlock --main-gpu 0 --split-mode layer --tensor-split 1.0000 --api-key sk-test --mmproj-auto --jinja --reasoning on --chat-template-kwargs {"enable_thinking":true} (CUDA_VISIBLE_DEVICES=0, ctx_per_slot=8192, server_ctx=8192, batch_size=2048, thinking_enabled=True, mtp_enabled=False, mtp_draft_tokens=3, mtp_applied=False, gpu_pct=100.0, cpu_pct=0, n_gpu_layers=999, n_cpu_layers=0)
2026-06-09 11:20:20,911 - INFO - START: /usr/bin/llama-server -m /fake/model.gguf -ngl 999 --flash-attn on --host 0.0.0.0 --port 8085 --tools all --parallel 1 --ctx-size 8192 --batch-size 2048 --mlock --main-gpu 0 --split-mode layer --tensor-split 0.5000,0.5000 --api-key sk-test --mmproj-auto --jinja --reasoning on --chat-template-kwargs {"enable_thinking":true} (CUDA_VISIBLE_DEVICES=0,1, ctx_per_slot=8192, server_ctx=8192, batch_size=2048, thinking_enabled=True, mtp_enabled=False, mtp_draft_tokens=3, mtp_applied=False, gpu_pct=100.0, cpu_pct=0, n_gpu_layers=999, n_cpu_layers=0)
2026-06-09 11:20:20,949 - INFO - START: /usr/bin/llama-server -m /fake/model.gguf -ngl 999 --flash-attn on --host 0.0.0.0 --port 8085 --tools all --parallel 1 --ctx-size 8192 --batch-size 2048 --mlock --main-gpu 0 --split-mode layer --tensor-split 1.0000 --api-key sk-test --mmproj-auto --jinja --reasoning on --chat-template-kwargs {"enable_thinking":true} (CUDA_VISIBLE_DEVICES=0, ctx_per_slot=8192, server_ctx=8192, batch_size=2048, thinking_enabled=True, mtp_enabled=False, mtp_draft_tokens=3, mtp_applied=False, gpu_pct=100.0, cpu_pct=0, n_gpu_layers=999, n_cpu_layers=0)
2026-06-09 11:20:21,016 - INFO - START: /usr/bin/llama-server -m /fake/model.gguf -ngl 22 --flash-attn on --host 0.0.0.0 --port 8085 --tools all --parallel 1 --ctx-size 8192 --batch-size 2048 --mlock --main-gpu 0 --split-mode layer --tensor-split 1.0000 --api-key sk-test --mmproj-auto --jinja --reasoning on --chat-template-kwargs {"enable_thinking":true} (CUDA_VISIBLE_DEVICES=0, ctx_per_slot=8192, server_ctx=8192, batch_size=2048, thinking_enabled=True, mtp_enabled=False, mtp_draft_tokens=3, mtp_applied=False, gpu_pct=70.0, cpu_pct=30.0, n_gpu_layers=22, n_cpu_layers=10)
2026-06-09 11:20:21,069 - ERROR - GPU metrics error: not enough values to unpack (expected 2, got 0)
2026-06-09 11:20:21,216 - INFO - START: /usr/bin/llama-server -m /fake/model.gguf -ngl 999 --flash-attn on --host 0.0.0.0 --port 8085 --tools all --parallel 1 --ctx-size 8192 --batch-size 2048 --mlock --main-gpu 0 --split-mode layer --tensor-split 1.0000 --api-key sk-test --mmproj-auto --jinja --reasoning on --chat-template-kwargs {"enable_thinking":true} (CUDA_VISIBLE_DEVICES=0, ctx_per_slot=8192, server_ctx=8192, batch_size=2048, thinking_enabled=True, mtp_enabled=False, mtp_draft_tokens=3, mtp_applied=False, gpu_pct=70.0, cpu_pct=0.0, n_gpu_layers=999, n_cpu_layers=0)
2026-06-09 11:20:21,248 - INFO - START: /usr/bin/llama-server -m /fake/model.gguf -ngl 22 --flash-attn on --host 0.0.0.0 --port 8085 --tools all --parallel 1 --ctx-size 8192 --batch-size 2048 --mlock --main-gpu 0 --split-mode layer --tensor-split 1.0000 --api-key sk-test --mmproj-auto --jinja --reasoning on --chat-template-kwargs {"enable_thinking":true} (CUDA_VISIBLE_DEVICES=0, ctx_per_slot=8192, server_ctx=8192, batch_size=2048, thinking_enabled=True, mtp_enabled=False, mtp_draft_tokens=3, mtp_applied=False, gpu_pct=70.0, cpu_pct=30.0, n_gpu_layers=22, n_cpu_layers=10)
2026-06-09 11:20:21,274 - ERROR - GPU metrics error: not enough values to unpack (expected 2, got 0)
2026-06-09 11:20:21,399 - INFO - START: /usr/bin/llama-server -m /fake/model.gguf -ngl 999 --flash-attn on --host 0.0.0.0 --port 8085 --tools all --parallel 1 --ctx-size 8192 --batch-size 2048 --mlock --main-gpu 0 --split-mode layer --tensor-split 1.0000 --api-key sk-test --mmproj-auto --jinja --reasoning on --chat-template-kwargs {"enable_thinking":true} (CUDA_VISIBLE_DEVICES=0, ctx_per_slot=8192, server_ctx=8192, batch_size=2048, thinking_enabled=True, mtp_enabled=False, mtp_draft_tokens=3, mtp_applied=False, gpu_pct=70.0, cpu_pct=0.0, n_gpu_layers=999, n_cpu_layers=0)
2026-06-09 11:20:21,476 - INFO - START: /usr/bin/llama-server -m /fake/model.gguf -ngl 70 --flash-attn on --host 0.0.0.0 --port 8085 --tools all --parallel 1 --ctx-size 8192 --batch-size 2048 --mlock --main-gpu 0 --split-mode layer --tensor-split 0.7143,0.2857 --api-key sk-test --mmproj-auto --jinja --reasoning on --chat-template-kwargs {"enable_thinking":true} (CUDA_VISIBLE_DEVICES=0,1, ctx_per_slot=8192, server_ctx=8192, batch_size=2048, thinking_enabled=True, mtp_enabled=False, mtp_draft_tokens=3, mtp_applied=False, gpu_pct=70.0, cpu_pct=30.0, n_gpu_layers=70, n_cpu_layers=30)
2026-06-09 11:20:21,530 - INFO - START: /usr/bin/llama-server -m /fake/model.gguf -ngl 999 --flash-attn on --host 0.0.0.0 --port 8085 --tools all --parallel 1 --ctx-size 8192 --batch-size 2048 --mlock --main-gpu 1 --split-mode layer --tensor-split 0.6000,0.4000 --api-key sk-test --mmproj-auto --jinja --reasoning on --chat-template-kwargs {"enable_thinking":true} (CUDA_VISIBLE_DEVICES=0,1, ctx_per_slot=8192, server_ctx=8192, batch_size=2048, thinking_enabled=True, mtp_enabled=False, mtp_draft_tokens=3, mtp_applied=False, gpu_pct=100.0, cpu_pct=0, n_gpu_layers=999, n_cpu_layers=0)
2026-06-09 11:22:04,610 - INFO - estimate_model_vram_mb [DISK] model=C:\Users\s293\AppData\Local\Temp\pytest-of-s293\pytest-239\test_estimate_model_vram_uses_0\qwen-49b.gguf disk_mb=100 runtime_overhead_mb=256 weights_mb=356 kv_cache_mb=6553 total_mb=6909
2026-06-09 11:22:04,635 - INFO - estimate_model_vram_mb [DISK] model=C:\Users\s293\AppData\Local\Temp\pytest-of-s293\pytest-239\test_estimate_model_vram_uses_0\qwen-49b.gguf disk_mb=100 runtime_overhead_mb=256 weights_mb=356 kv_cache_mb=6553 total_mb=6909
2026-06-09 11:22:04,743 - INFO - === HARDWARE CAPACITY FAILURE ===
  reason=no_feasible_split
  model=huge-model.gguf path=/models/huge-model.gguf
  estimated_model_mb=?
  total_vram_mb=24576 total_vram_gb=24.00
  active_gpus=[0]
  gpu_details=[{'index': 0, 'name': 'RTX 3090', 'vram_mb': 24576}]
  context_size=32768 parallel_slots=2
  message=Não foi possível carregar "huge-model.gguf" em nenhuma divisão testada entre as GPUs selecionadas. O modelo excede a capacidade do hardware atual (~24.0 GB de VRAM em 1 GPU(s)) com contexto 32768 e 2 slot(s).
2026-06-09 11:22:04,783 - INFO - === HARDWARE CAPACITY FAILURE ===
  reason=no_feasible_split
  model=huge-model.gguf path=/models/huge-model.gguf
  estimated_model_mb=?
  total_vram_mb=24576 total_vram_gb=24.00
  active_gpus=[0]
  gpu_details=[{'index': 0, 'name': 'RTX 3090', 'vram_mb': 24576}]
  context_size=32768 parallel_slots=2
  message=Não foi possível carregar "huge-model.gguf" em nenhuma divisão testada entre as GPUs selecionadas. O modelo excede a capacidade do hardware atual (~24.0 GB de VRAM em 1 GPU(s)) com contexto 32768 e 2 slot(s).
2026-06-09 11:22:04,836 - WARNING - OOM detected! Consecutive: 1
2026-06-09 11:22:05,562 - INFO - Auto-balance probe #1: weight_map={0: 100%} -> synced={0: 100%} | cpu_weight=10 -> probe_cpu=0 | active_weights=[gpu[0]=100.0%, cpu[-1]=0.0%]
2026-06-09 11:22:05,583 - INFO - Auto-balance probe #1: result=ready (cpu_weight=0, synced_map={0: 100%})
2026-06-09 11:22:06,125 - INFO - Session expired due to inactivity
2026-06-09 11:22:06,567 - INFO - START: /usr/bin/llama-server -m /fake/model.gguf -ngl 999 --flash-attn on --host 0.0.0.0 --port 8085 --tools all --parallel 1 --ctx-size 8192 --batch-size 2048 --mlock --main-gpu 0 --split-mode layer --tensor-split 1.0000 --api-key sk-test --mmproj-auto --jinja --reasoning on --chat-template-kwargs {"enable_thinking":true} (CUDA_VISIBLE_DEVICES=0, ctx_per_slot=8192, server_ctx=8192, batch_size=2048, thinking_enabled=True, mtp_enabled=False, mtp_draft_tokens=3, mtp_applied=False, gpu_pct=100.0, cpu_pct=0, n_gpu_layers=999, n_cpu_layers=0)
2026-06-09 11:22:06,608 - INFO - START: /usr/bin/llama-server -m /fake/model.gguf -ngl 999 --flash-attn on --host 0.0.0.0 --port 8085 --tools all --parallel 1 --ctx-size 8192 --batch-size 2048 --mlock --main-gpu 0 --split-mode layer --tensor-split 0.5000,0.5000 --api-key sk-test --mmproj-auto --jinja --reasoning on --chat-template-kwargs {"enable_thinking":true} (CUDA_VISIBLE_DEVICES=0,1, ctx_per_slot=8192, server_ctx=8192, batch_size=2048, thinking_enabled=True, mtp_enabled=False, mtp_draft_tokens=3, mtp_applied=False, gpu_pct=100.0, cpu_pct=0, n_gpu_layers=999, n_cpu_layers=0)
2026-06-09 11:22:06,672 - INFO - START: /usr/bin/llama-server -m /fake/model.gguf -ngl 999 --flash-attn on --host 0.0.0.0 --port 8085 --tools all --parallel 1 --ctx-size 8192 --batch-size 2048 --mlock --main-gpu 0 --split-mode layer --tensor-split 1.0000 --api-key sk-test --mmproj-auto --jinja --reasoning on --chat-template-kwargs {"enable_thinking":true} (CUDA_VISIBLE_DEVICES=0, ctx_per_slot=8192, server_ctx=8192, batch_size=2048, thinking_enabled=True, mtp_enabled=False, mtp_draft_tokens=3, mtp_applied=False, gpu_pct=100.0, cpu_pct=0, n_gpu_layers=999, n_cpu_layers=0)
2026-06-09 11:22:06,753 - INFO - START: /usr/bin/llama-server -m /fake/model.gguf -ngl 22 --flash-attn on --host 0.0.0.0 --port 8085 --tools all --parallel 1 --ctx-size 8192 --batch-size 2048 --mlock --main-gpu 0 --split-mode layer --tensor-split 1.0000 --api-key sk-test --mmproj-auto --jinja --reasoning on --chat-template-kwargs {"enable_thinking":true} (CUDA_VISIBLE_DEVICES=0, ctx_per_slot=8192, server_ctx=8192, batch_size=2048, thinking_enabled=True, mtp_enabled=False, mtp_draft_tokens=3, mtp_applied=False, gpu_pct=70.0, cpu_pct=30.0, n_gpu_layers=22, n_cpu_layers=10)
2026-06-09 11:22:06,826 - ERROR - GPU metrics error: not enough values to unpack (expected 2, got 0)
2026-06-09 11:22:06,993 - INFO - START: /usr/bin/llama-server -m /fake/model.gguf -ngl 999 --flash-attn on --host 0.0.0.0 --port 8085 --tools all --parallel 1 --ctx-size 8192 --batch-size 2048 --mlock --main-gpu 0 --split-mode layer --tensor-split 1.0000 --api-key sk-test --mmproj-auto --jinja --reasoning on --chat-template-kwargs {"enable_thinking":true} (CUDA_VISIBLE_DEVICES=0, ctx_per_slot=8192, server_ctx=8192, batch_size=2048, thinking_enabled=True, mtp_enabled=False, mtp_draft_tokens=3, mtp_applied=False, gpu_pct=70.0, cpu_pct=0.0, n_gpu_layers=999, n_cpu_layers=0)
2026-06-09 11:22:07,027 - INFO - START: /usr/bin/llama-server -m /fake/model.gguf -ngl 22 --flash-attn on --host 0.0.0.0 --port 8085 --tools all --parallel 1 --ctx-size 8192 --batch-size 2048 --mlock --main-gpu 0 --split-mode layer --tensor-split 1.0000 --api-key sk-test --mmproj-auto --jinja --reasoning on --chat-template-kwargs {"enable_thinking":true} (CUDA_VISIBLE_DEVICES=0, ctx_per_slot=8192, server_ctx=8192, batch_size=2048, thinking_enabled=True, mtp_enabled=False, mtp_draft_tokens=3, mtp_applied=False, gpu_pct=70.0, cpu_pct=30.0, n_gpu_layers=22, n_cpu_layers=10)
2026-06-09 11:22:07,052 - ERROR - GPU metrics error: not enough values to unpack (expected 2, got 0)
2026-06-09 11:22:07,190 - INFO - START: /usr/bin/llama-server -m /fake/model.gguf -ngl 999 --flash-attn on --host 0.0.0.0 --port 8085 --tools all --parallel 1 --ctx-size 8192 --batch-size 2048 --mlock --main-gpu 0 --split-mode layer --tensor-split 1.0000 --api-key sk-test --mmproj-auto --jinja --reasoning on --chat-template-kwargs {"enable_thinking":true} (CUDA_VISIBLE_DEVICES=0, ctx_per_slot=8192, server_ctx=8192, batch_size=2048, thinking_enabled=True, mtp_enabled=False, mtp_draft_tokens=3, mtp_applied=False, gpu_pct=70.0, cpu_pct=0.0, n_gpu_layers=999, n_cpu_layers=0)
2026-06-09 11:22:07,263 - INFO - START: /usr/bin/llama-server -m /fake/model.gguf -ngl 70 --flash-attn on --host 0.0.0.0 --port 8085 --tools all --parallel 1 --ctx-size 8192 --batch-size 2048 --mlock --main-gpu 0 --split-mode layer --tensor-split 0.7143,0.2857 --api-key sk-test --mmproj-auto --jinja --reasoning on --chat-template-kwargs {"enable_thinking":true} (CUDA_VISIBLE_DEVICES=0,1, ctx_per_slot=8192, server_ctx=8192, batch_size=2048, thinking_enabled=True, mtp_enabled=False, mtp_draft_tokens=3, mtp_applied=False, gpu_pct=70.0, cpu_pct=30.0, n_gpu_layers=70, n_cpu_layers=30)
2026-06-09 11:22:07,322 - INFO - START: /usr/bin/llama-server -m /fake/model.gguf -ngl 999 --flash-attn on --host 0.0.0.0 --port 8085 --tools all --parallel 1 --ctx-size 8192 --batch-size 2048 --mlock --main-gpu 1 --split-mode layer --tensor-split 0.6000,0.4000 --api-key sk-test --mmproj-auto --jinja --reasoning on --chat-template-kwargs {"enable_thinking":true} (CUDA_VISIBLE_DEVICES=0,1, ctx_per_slot=8192, server_ctx=8192, batch_size=2048, thinking_enabled=True, mtp_enabled=False, mtp_draft_tokens=3, mtp_applied=False, gpu_pct=100.0, cpu_pct=0, n_gpu_layers=999, n_cpu_layers=0)
2026-06-09 11:22:10,137 - INFO - START: /usr/bin/llama-server -m /fake/model.gguf -ngl 22 --flash-attn on --host 0.0.0.0 --port 8085 --tools all --parallel 1 --ctx-size 8192 --batch-size 2048 --mlock --main-gpu 0 --split-mode layer --tensor-split 1.0 --api-key sk-test --mmproj-auto --jinja --reasoning on --chat-template-kwargs {"enable_thinking":true} (CUDA_VISIBLE_DEVICES=0, ctx_per_slot=8192, server_ctx=8192, batch_size=2048, thinking_enabled=True, mtp_enabled=False, mtp_draft_tokens=3, mtp_applied=False, gpu_pct=70.0, cpu_pct=30.0, n_gpu_layers=22, n_cpu_layers=10)
2026-06-09 11:22:10,165 - INFO - START: /usr/bin/llama-server -m /fake/model.gguf -ngl 6 --flash-attn on --host 0.0.0.0 --port 8085 --tools all --parallel 1 --ctx-size 8192 --batch-size 2048 --mlock --main-gpu 0 --split-mode layer --tensor-split 1.0 --api-key sk-test --mmproj-auto --jinja --reasoning on --chat-template-kwargs {"enable_thinking":true} (CUDA_VISIBLE_DEVICES=0, ctx_per_slot=8192, server_ctx=8192, batch_size=2048, thinking_enabled=True, mtp_enabled=False, mtp_draft_tokens=3, mtp_applied=False, gpu_pct=20.0, cpu_pct=80.0, n_gpu_layers=6, n_cpu_layers=26)
2026-06-09 11:22:10,231 - INFO - START: /usr/bin/llama-server -m /fake/model.gguf -ngl 999 --flash-attn on --host 0.0.0.0 --port 8085 --tools all --parallel 1 --ctx-size 8192 --batch-size 2048 --mlock --main-gpu 0 --split-mode layer --tensor-split 1.0 --api-key sk-test --mmproj-auto --jinja --reasoning on --chat-template-kwargs {"enable_thinking":true} (CUDA_VISIBLE_DEVICES=0, ctx_per_slot=8192, server_ctx=8192, batch_size=2048, thinking_enabled=True, mtp_enabled=False, mtp_draft_tokens=3, mtp_applied=False, gpu_pct=100.0, cpu_pct=0, n_gpu_layers=999, n_cpu_layers=0)
2026-06-09 11:22:10,289 - INFO - START: /usr/bin/llama-server -m /fake/model.gguf -ngl 22 --flash-attn on --host 0.0.0.0 --port 8085 --tools all --parallel 1 --ctx-size 8192 --batch-size 2048 --mlock --main-gpu 0 --split-mode layer --tensor-split 1.0 --api-key sk-test --mmproj-auto --jinja --reasoning on --chat-template-kwargs {"enable_thinking":true} (CUDA_VISIBLE_DEVICES=0, ctx_per_slot=8192, server_ctx=8192, batch_size=2048, thinking_enabled=True, mtp_enabled=False, mtp_draft_tokens=3, mtp_applied=False, gpu_pct=70.0, cpu_pct=30.0, n_gpu_layers=22, n_cpu_layers=10)
2026-06-09 11:22:10,955 - WARNING - llama-server nao encontrado automaticamente; configure LLAMA_SERVER_BIN ou paths.json (llama_server_bin)
2026-06-09 11:22:10,997 - ERROR - GPU detection error: Command 'nvidia-smi' returned non-zero exit status 1.
2026-06-09 11:22:11,067 - ERROR - GPU metrics error: Command 'nvidia-smi' returned non-zero exit status 1.
2026-06-09 11:22:11,086 - ERROR - System metrics error: ram metrics unavailable
2026-06-09 11:22:11,128 - ERROR - GPU metrics error: Command 'nvidia-smi' returned non-zero exit status 1.
2026-06-09 11:22:12,691 - ERROR - GPU metrics error: Command 'nvidia-smi' returned non-zero exit status 1.
2026-06-09 11:22:12,708 - ERROR - System metrics error: ram down
2026-06-09 11:22:12,751 - ERROR - GPU metrics error: Command 'nvidia-smi' returned non-zero exit status 1.
2026-06-09 11:22:12,934 - INFO - MTP requested but model has no MTP head, skipping flags
2026-06-09 11:22:13,200 - WARNING - llama-server nao encontrado automaticamente; configure LLAMA_SERVER_BIN ou paths.json (llama_server_bin)
2026-06-09 11:22:13,258 - WARNING - Could not detect MTP for /fake/model.gguf: boom
1969-12-31 21:16:40,000 - WARNING - OOM detected! Consecutive: 1
1969-12-31 21:16:45,000 - WARNING - OOM detected! Consecutive: 2
1969-12-31 21:16:40,000 - WARNING - OOM detected! Consecutive: 1
1969-12-31 21:17:11,000 - WARNING - OOM detected! Consecutive: 1
1969-12-31 21:16:40,000 - WARNING - OOM detected! Consecutive: 1
1969-12-31 21:16:45,000 - WARNING - OOM detected! Consecutive: 3
2026-06-09 11:22:13,995 - WARNING - Could not detect model layers for /fake/model.gguf: not found
2026-06-09 11:22:14,137 - INFO - START: /usr/bin/llama-server -m /fake/model.gguf -ngl 999 --flash-attn on --host 0.0.0.0 --port 8085 --tools all --parallel 1 --ctx-size 8192 --batch-size 2048 --mlock --main-gpu 0 --split-mode layer --tensor-split 1.0 --api-key test-token --mmproj-auto --jinja --reasoning on --chat-template-kwargs {"enable_thinking":true} (CUDA_VISIBLE_DEVICES=0, ctx_per_slot=8192, server_ctx=8192, batch_size=2048, thinking_enabled=True, mtp_enabled=False, mtp_draft_tokens=3, mtp_applied=False, gpu_pct=100.0, cpu_pct=0, n_gpu_layers=999, n_cpu_layers=0)
2026-06-09 11:22:14,181 - INFO - START: /usr/bin/llama-server -m /fake/model.gguf -ngl 22 --flash-attn on --host 0.0.0.0 --port 8085 --tools all --parallel 1 --ctx-size 8192 --batch-size 2048 --mlock --main-gpu 0 --split-mode layer --tensor-split 1.0 --api-key test-token --mmproj-auto --jinja --reasoning on --chat-template-kwargs {"enable_thinking":true} (CUDA_VISIBLE_DEVICES=0, ctx_per_slot=8192, server_ctx=8192, batch_size=2048, thinking_enabled=True, mtp_enabled=False, mtp_draft_tokens=3, mtp_applied=False, gpu_pct=70.0, cpu_pct=30.0, n_gpu_layers=22, n_cpu_layers=10)
2026-06-09 11:22:14,223 - INFO - START: /usr/bin/llama-server -m /fake/model.gguf -ngl 0 --flash-attn on --host 0.0.0.0 --port 8085 --tools all --parallel 1 --ctx-size 8192 --batch-size 2048 --mlock --main-gpu 0 --split-mode layer --tensor-split 1.0 --api-key test-token --mmproj-auto --jinja --reasoning on --chat-template-kwargs {"enable_thinking":true} (CUDA_VISIBLE_DEVICES=0, ctx_per_slot=8192, server_ctx=8192, batch_size=2048, thinking_enabled=True, mtp_enabled=False, mtp_draft_tokens=3, mtp_applied=False, gpu_pct=0, cpu_pct=0, n_gpu_layers=0, n_cpu_layers=32)
2026-06-09 11:22:14,246 - INFO - START: /usr/bin/llama-server -m /fake/model.gguf -ngl 999 --flash-attn on --host 0.0.0.0 --port 8085 --tools all --parallel 1 --ctx-size 8192 --batch-size 2048 --mlock --main-gpu 0 --split-mode layer --tensor-split 1.0 --api-key test-token --mmproj-auto --jinja --reasoning on --chat-template-kwargs {"enable_thinking":true} (CUDA_VISIBLE_DEVICES=0, ctx_per_slot=8192, server_ctx=8192, batch_size=2048, thinking_enabled=True, mtp_enabled=False, mtp_draft_tokens=3, mtp_applied=False, gpu_pct=100.0, cpu_pct=0, n_gpu_layers=999, n_cpu_layers=0)
2026-06-09 11:22:14,292 - INFO - START: /usr/bin/llama-server -m /fake/model.gguf -ngl 999 --flash-attn on --host 0.0.0.0 --port 8085 --tools all --parallel 1 --ctx-size 8192 --batch-size 2048 --mlock --main-gpu 0 --split-mode layer --tensor-split 1.0 --api-key test-token --mmproj-auto --jinja --reasoning on --chat-template-kwargs {"enable_thinking":true} (CUDA_VISIBLE_DEVICES=0, ctx_per_slot=8192, server_ctx=8192, batch_size=2048, thinking_enabled=True, mtp_enabled=False, mtp_draft_tokens=3, mtp_applied=False, gpu_pct=100.0, cpu_pct=0, n_gpu_layers=999, n_cpu_layers=0)
2026-06-09 11:22:14,330 - INFO - START: /usr/bin/llama-server -m /fake/model.gguf -ngl 56 --flash-attn on --host 0.0.0.0 --port 8085 --tools all --parallel 1 --ctx-size 8192 --batch-size 2048 --mlock --main-gpu 0 --split-mode layer --tensor-split 1.0 --api-key test-token --mmproj-auto --jinja --reasoning on --chat-template-kwargs {"enable_thinking":true} (CUDA_VISIBLE_DEVICES=0, ctx_per_slot=8192, server_ctx=8192, batch_size=2048, thinking_enabled=True, mtp_enabled=False, mtp_draft_tokens=3, mtp_applied=False, gpu_pct=70.0, cpu_pct=30.0, n_gpu_layers=56, n_cpu_layers=24)
2026-06-09 11:22:14,381 - INFO - START: /usr/bin/llama-server -m /fake/model.gguf -ngl 999 --flash-attn on --host 0.0.0.0 --port 8085 --tools all --parallel 1 --ctx-size 8192 --batch-size 2048 --mlock --main-gpu 0 --split-mode layer --tensor-split 1.0 --api-key test-token --mmproj-auto --jinja --reasoning on --chat-template-kwargs {"enable_thinking":true} (CUDA_VISIBLE_DEVICES=0, ctx_per_slot=8192, server_ctx=8192, batch_size=2048, thinking_enabled=True, mtp_enabled=False, mtp_draft_tokens=3, mtp_applied=False, gpu_pct=200.0, cpu_pct=0, n_gpu_layers=999, n_cpu_layers=0)
2026-06-09 11:22:14,416 - INFO - START: /usr/bin/llama-server -m /fake/model.gguf -ngl 999 --flash-attn on --host 0.0.0.0 --port 8085 --tools all --parallel 1 --ctx-size 8192 --batch-size 2048 --mlock --main-gpu 0 --split-mode layer --tensor-split 1.0 --api-key test-token --mmproj-auto --jinja --reasoning on --chat-template-kwargs {"enable_thinking":true} (CUDA_VISIBLE_DEVICES=0, ctx_per_slot=8192, server_ctx=8192, batch_size=2048, thinking_enabled=True, mtp_enabled=False, mtp_draft_tokens=3, mtp_applied=False, gpu_pct=100.0, cpu_pct=0, n_gpu_layers=999, n_cpu_layers=0)
2026-06-09 11:22:14,460 - INFO - START: /usr/bin/llama-server -m /fake/model.gguf -ngl 0 --flash-attn on --host 0.0.0.0 --port 8085 --tools all --parallel 1 --ctx-size 8192 --batch-size 2048 --mlock --main-gpu 0 --split-mode layer --tensor-split 1.0 --api-key test-token --mmproj-auto --jinja --reasoning on --chat-template-kwargs {"enable_thinking":true} (CUDA_VISIBLE_DEVICES=0, ctx_per_slot=8192, server_ctx=8192, batch_size=2048, thinking_enabled=True, mtp_enabled=False, mtp_draft_tokens=3, mtp_applied=False, gpu_pct=0, cpu_pct=0, n_gpu_layers=0, n_cpu_layers=32)
2026-06-09 11:22:14,772 - INFO - Verificacao de versao iniciada em /tmp/automanager-test
2026-06-09 11:22:14,778 - WARNING - Diretorio nao e um repositorio git: /tmp/automanager-test
2026-06-09 11:22:14,817 - INFO - Verificacao de versao iniciada em /tmp/automanager-test
2026-06-09 11:22:14,836 - INFO - Versao atualizada (branch=main, ref=aaa1111)
2026-06-09 11:22:14,877 - INFO - Verificacao de versao iniciada em /tmp/automanager-test
2026-06-09 11:22:14,928 - INFO - Atualizacao disponivel (branch=main, ahead=2, aaa1111 -> ddd4444)
2026-06-09 11:22:14,965 - INFO - Verificacao de versao iniciada em /tmp/automanager-test
2026-06-09 11:22:14,983 - WARNING - git fetch falhou (branch=main): fatal: could not read from remote
2026-06-09 11:22:15,018 - INFO - Verificacao de versao iniciada em /tmp/automanager-test
2026-06-09 11:22:15,035 - WARNING - git fetch expirou apos 30s (branch=main)
2026-06-09 11:22:15,080 - INFO - Verificacao de versao iniciada em /tmp/automanager-test
2026-06-09 11:22:15,108 - INFO - Versao atualizada (branch=feature/foo, ref=1111111)
2026-06-09 11:22:15,147 - INFO - Verificacao de versao iniciada em /tmp/automanager-test
2026-06-09 11:22:15,164 - INFO - Atualizacao disponivel (branch=main, ahead=12, local00 -> remote0)
2026-06-09 11:22:35,640 - INFO - estimate_model_vram_mb [DISK] model=C:\Users\s293\AppData\Local\Temp\pytest-of-s293\pytest-240\test_estimate_model_vram_uses_0\qwen-49b.gguf disk_mb=100 runtime_overhead_mb=256 weights_mb=356 kv_cache_mb=6553 total_mb=6909
2026-06-09 11:22:35,663 - INFO - estimate_model_vram_mb [DISK] model=C:\Users\s293\AppData\Local\Temp\pytest-of-s293\pytest-240\test_estimate_model_vram_uses_0\qwen-49b.gguf disk_mb=100 runtime_overhead_mb=256 weights_mb=356 kv_cache_mb=6553 total_mb=6909
2026-06-09 11:22:35,765 - INFO - === HARDWARE CAPACITY FAILURE ===
  reason=no_feasible_split
  model=huge-model.gguf path=/models/huge-model.gguf
  estimated_model_mb=?
  total_vram_mb=24576 total_vram_gb=24.00
  active_gpus=[0]
  gpu_details=[{'index': 0, 'name': 'RTX 3090', 'vram_mb': 24576}]
  context_size=32768 parallel_slots=2
  message=Não foi possível carregar "huge-model.gguf" em nenhuma divisão testada entre as GPUs selecionadas. O modelo excede a capacidade do hardware atual (~24.0 GB de VRAM em 1 GPU(s)) com contexto 32768 e 2 slot(s).
2026-06-09 11:22:35,808 - INFO - === HARDWARE CAPACITY FAILURE ===
  reason=no_feasible_split
  model=huge-model.gguf path=/models/huge-model.gguf
  estimated_model_mb=?
  total_vram_mb=24576 total_vram_gb=24.00
  active_gpus=[0]
  gpu_details=[{'index': 0, 'name': 'RTX 3090', 'vram_mb': 24576}]
  context_size=32768 parallel_slots=2
  message=Não foi possível carregar "huge-model.gguf" em nenhuma divisão testada entre as GPUs selecionadas. O modelo excede a capacidade do hardware atual (~24.0 GB de VRAM em 1 GPU(s)) com contexto 32768 e 2 slot(s).
2026-06-09 11:22:35,849 - WARNING - OOM detected! Consecutive: 1
2026-06-09 11:22:36,228 - INFO - Auto-balance probe #1: weight_map={0: 100%} -> synced={0: 100%} | cpu_weight=10 -> probe_cpu=0 | active_weights=[gpu[0]=100.0%, cpu[-1]=0.0%]
2026-06-09 11:22:36,249 - INFO - Auto-balance probe #1: result=ready (cpu_weight=0, synced_map={0: 100%})
2026-06-09 11:22:36,638 - INFO - Session expired due to inactivity
2026-06-09 11:22:37,045 - INFO - START: /usr/bin/llama-server -m /fake/model.gguf -ngl 999 --flash-attn on --host 0.0.0.0 --port 8085 --tools all --parallel 1 --ctx-size 8192 --batch-size 2048 --mlock --main-gpu 0 --split-mode layer --tensor-split 1.0000 --api-key sk-test --mmproj-auto --jinja --reasoning on --chat-template-kwargs {"enable_thinking":true} (CUDA_VISIBLE_DEVICES=0, ctx_per_slot=8192, server_ctx=8192, batch_size=2048, thinking_enabled=True, mtp_enabled=False, mtp_draft_tokens=3, mtp_applied=False, gpu_pct=100.0, cpu_pct=0, n_gpu_layers=999, n_cpu_layers=0)
2026-06-09 11:22:37,079 - INFO - START: /usr/bin/llama-server -m /fake/model.gguf -ngl 999 --flash-attn on --host 0.0.0.0 --port 8085 --tools all --parallel 1 --ctx-size 8192 --batch-size 2048 --mlock --main-gpu 0 --split-mode layer --tensor-split 0.5000,0.5000 --api-key sk-test --mmproj-auto --jinja --reasoning on --chat-template-kwargs {"enable_thinking":true} (CUDA_VISIBLE_DEVICES=0,1, ctx_per_slot=8192, server_ctx=8192, batch_size=2048, thinking_enabled=True, mtp_enabled=False, mtp_draft_tokens=3, mtp_applied=False, gpu_pct=100.0, cpu_pct=0, n_gpu_layers=999, n_cpu_layers=0)
2026-06-09 11:22:37,111 - INFO - START: /usr/bin/llama-server -m /fake/model.gguf -ngl 999 --flash-attn on --host 0.0.0.0 --port 8085 --tools all --parallel 1 --ctx-size 8192 --batch-size 2048 --mlock --main-gpu 0 --split-mode layer --tensor-split 1.0000 --api-key sk-test --mmproj-auto --jinja --reasoning on --chat-template-kwargs {"enable_thinking":true} (CUDA_VISIBLE_DEVICES=0, ctx_per_slot=8192, server_ctx=8192, batch_size=2048, thinking_enabled=True, mtp_enabled=False, mtp_draft_tokens=3, mtp_applied=False, gpu_pct=100.0, cpu_pct=0, n_gpu_layers=999, n_cpu_layers=0)
2026-06-09 11:22:37,172 - INFO - START: /usr/bin/llama-server -m /fake/model.gguf -ngl 22 --flash-attn on --host 0.0.0.0 --port 8085 --tools all --parallel 1 --ctx-size 8192 --batch-size 2048 --mlock --main-gpu 0 --split-mode layer --tensor-split 1.0000 --api-key sk-test --mmproj-auto --jinja --reasoning on --chat-template-kwargs {"enable_thinking":true} (CUDA_VISIBLE_DEVICES=0, ctx_per_slot=8192, server_ctx=8192, batch_size=2048, thinking_enabled=True, mtp_enabled=False, mtp_draft_tokens=3, mtp_applied=False, gpu_pct=70.0, cpu_pct=30.0, n_gpu_layers=22, n_cpu_layers=10)
2026-06-09 11:22:37,221 - ERROR - GPU metrics error: not enough values to unpack (expected 2, got 0)
2026-06-09 11:22:37,350 - INFO - START: /usr/bin/llama-server -m /fake/model.gguf -ngl 999 --flash-attn on --host 0.0.0.0 --port 8085 --tools all --parallel 1 --ctx-size 8192 --batch-size 2048 --mlock --main-gpu 0 --split-mode layer --tensor-split 1.0000 --api-key sk-test --mmproj-auto --jinja --reasoning on --chat-template-kwargs {"enable_thinking":true} (CUDA_VISIBLE_DEVICES=0, ctx_per_slot=8192, server_ctx=8192, batch_size=2048, thinking_enabled=True, mtp_enabled=False, mtp_draft_tokens=3, mtp_applied=False, gpu_pct=70.0, cpu_pct=0.0, n_gpu_layers=999, n_cpu_layers=0)
2026-06-09 11:22:37,387 - INFO - START: /usr/bin/llama-server -m /fake/model.gguf -ngl 22 --flash-attn on --host 0.0.0.0 --port 8085 --tools all --parallel 1 --ctx-size 8192 --batch-size 2048 --mlock --main-gpu 0 --split-mode layer --tensor-split 1.0000 --api-key sk-test --mmproj-auto --jinja --reasoning on --chat-template-kwargs {"enable_thinking":true} (CUDA_VISIBLE_DEVICES=0, ctx_per_slot=8192, server_ctx=8192, batch_size=2048, thinking_enabled=True, mtp_enabled=False, mtp_draft_tokens=3, mtp_applied=False, gpu_pct=70.0, cpu_pct=30.0, n_gpu_layers=22, n_cpu_layers=10)
2026-06-09 11:22:37,407 - ERROR - GPU metrics error: not enough values to unpack (expected 2, got 0)
2026-06-09 11:22:37,537 - INFO - START: /usr/bin/llama-server -m /fake/model.gguf -ngl 999 --flash-attn on --host 0.0.0.0 --port 8085 --tools all --parallel 1 --ctx-size 8192 --batch-size 2048 --mlock --main-gpu 0 --split-mode layer --tensor-split 1.0000 --api-key sk-test --mmproj-auto --jinja --reasoning on --chat-template-kwargs {"enable_thinking":true} (CUDA_VISIBLE_DEVICES=0, ctx_per_slot=8192, server_ctx=8192, batch_size=2048, thinking_enabled=True, mtp_enabled=False, mtp_draft_tokens=3, mtp_applied=False, gpu_pct=70.0, cpu_pct=0.0, n_gpu_layers=999, n_cpu_layers=0)
2026-06-09 11:22:37,615 - INFO - START: /usr/bin/llama-server -m /fake/model.gguf -ngl 70 --flash-attn on --host 0.0.0.0 --port 8085 --tools all --parallel 1 --ctx-size 8192 --batch-size 2048 --mlock --main-gpu 0 --split-mode layer --tensor-split 0.7143,0.2857 --api-key sk-test --mmproj-auto --jinja --reasoning on --chat-template-kwargs {"enable_thinking":true} (CUDA_VISIBLE_DEVICES=0,1, ctx_per_slot=8192, server_ctx=8192, batch_size=2048, thinking_enabled=True, mtp_enabled=False, mtp_draft_tokens=3, mtp_applied=False, gpu_pct=70.0, cpu_pct=30.0, n_gpu_layers=70, n_cpu_layers=30)
2026-06-09 11:22:37,662 - INFO - START: /usr/bin/llama-server -m /fake/model.gguf -ngl 999 --flash-attn on --host 0.0.0.0 --port 8085 --tools all --parallel 1 --ctx-size 8192 --batch-size 2048 --mlock --main-gpu 1 --split-mode layer --tensor-split 0.6000,0.4000 --api-key sk-test --mmproj-auto --jinja --reasoning on --chat-template-kwargs {"enable_thinking":true} (CUDA_VISIBLE_DEVICES=0,1, ctx_per_slot=8192, server_ctx=8192, batch_size=2048, thinking_enabled=True, mtp_enabled=False, mtp_draft_tokens=3, mtp_applied=False, gpu_pct=100.0, cpu_pct=0, n_gpu_layers=999, n_cpu_layers=0)
2026-06-09 11:22:40,927 - INFO - START: /usr/bin/llama-server -m /fake/model.gguf -ngl 22 --flash-attn on --host 0.0.0.0 --port 8085 --tools all --parallel 1 --ctx-size 8192 --batch-size 2048 --mlock --main-gpu 0 --split-mode layer --tensor-split 1.0 --api-key sk-test --mmproj-auto --jinja --reasoning on --chat-template-kwargs {"enable_thinking":true} (CUDA_VISIBLE_DEVICES=0, ctx_per_slot=8192, server_ctx=8192, batch_size=2048, thinking_enabled=True, mtp_enabled=False, mtp_draft_tokens=3, mtp_applied=False, gpu_pct=70.0, cpu_pct=30.0, n_gpu_layers=22, n_cpu_layers=10)
2026-06-09 11:22:40,962 - INFO - START: /usr/bin/llama-server -m /fake/model.gguf -ngl 6 --flash-attn on --host 0.0.0.0 --port 8085 --tools all --parallel 1 --ctx-size 8192 --batch-size 2048 --mlock --main-gpu 0 --split-mode layer --tensor-split 1.0 --api-key sk-test --mmproj-auto --jinja --reasoning on --chat-template-kwargs {"enable_thinking":true} (CUDA_VISIBLE_DEVICES=0, ctx_per_slot=8192, server_ctx=8192, batch_size=2048, thinking_enabled=True, mtp_enabled=False, mtp_draft_tokens=3, mtp_applied=False, gpu_pct=20.0, cpu_pct=80.0, n_gpu_layers=6, n_cpu_layers=26)
2026-06-09 11:22:41,036 - INFO - START: /usr/bin/llama-server -m /fake/model.gguf -ngl 999 --flash-attn on --host 0.0.0.0 --port 8085 --tools all --parallel 1 --ctx-size 8192 --batch-size 2048 --mlock --main-gpu 0 --split-mode layer --tensor-split 1.0 --api-key sk-test --mmproj-auto --jinja --reasoning on --chat-template-kwargs {"enable_thinking":true} (CUDA_VISIBLE_DEVICES=0, ctx_per_slot=8192, server_ctx=8192, batch_size=2048, thinking_enabled=True, mtp_enabled=False, mtp_draft_tokens=3, mtp_applied=False, gpu_pct=100.0, cpu_pct=0, n_gpu_layers=999, n_cpu_layers=0)
2026-06-09 11:22:41,095 - INFO - START: /usr/bin/llama-server -m /fake/model.gguf -ngl 22 --flash-attn on --host 0.0.0.0 --port 8085 --tools all --parallel 1 --ctx-size 8192 --batch-size 2048 --mlock --main-gpu 0 --split-mode layer --tensor-split 1.0 --api-key sk-test --mmproj-auto --jinja --reasoning on --chat-template-kwargs {"enable_thinking":true} (CUDA_VISIBLE_DEVICES=0, ctx_per_slot=8192, server_ctx=8192, batch_size=2048, thinking_enabled=True, mtp_enabled=False, mtp_draft_tokens=3, mtp_applied=False, gpu_pct=70.0, cpu_pct=30.0, n_gpu_layers=22, n_cpu_layers=10)
2026-06-09 11:22:41,883 - WARNING - llama-server nao encontrado automaticamente; configure LLAMA_SERVER_BIN ou paths.json (llama_server_bin)
2026-06-09 11:22:41,925 - ERROR - GPU detection error: Command 'nvidia-smi' returned non-zero exit status 1.
2026-06-09 11:22:41,995 - ERROR - GPU metrics error: Command 'nvidia-smi' returned non-zero exit status 1.
2026-06-09 11:22:42,030 - ERROR - System metrics error: ram metrics unavailable
2026-06-09 11:22:42,115 - ERROR - GPU metrics error: Command 'nvidia-smi' returned non-zero exit status 1.
2026-06-09 11:22:43,437 - ERROR - GPU metrics error: Command 'nvidia-smi' returned non-zero exit status 1.
2026-06-09 11:22:43,445 - ERROR - System metrics error: ram down
2026-06-09 11:22:43,497 - ERROR - GPU metrics error: Command 'nvidia-smi' returned non-zero exit status 1.
2026-06-09 11:22:43,685 - INFO - MTP requested but model has no MTP head, skipping flags
2026-06-09 11:22:43,880 - WARNING - llama-server nao encontrado automaticamente; configure LLAMA_SERVER_BIN ou paths.json (llama_server_bin)
2026-06-09 11:22:43,931 - WARNING - Could not detect MTP for /fake/model.gguf: boom
1969-12-31 21:16:40,000 - WARNING - OOM detected! Consecutive: 1
1969-12-31 21:16:45,000 - WARNING - OOM detected! Consecutive: 2
1969-12-31 21:16:40,000 - WARNING - OOM detected! Consecutive: 1
1969-12-31 21:17:11,000 - WARNING - OOM detected! Consecutive: 1
1969-12-31 21:16:40,000 - WARNING - OOM detected! Consecutive: 1
1969-12-31 21:16:45,000 - WARNING - OOM detected! Consecutive: 3
2026-06-09 11:22:44,355 - WARNING - Could not detect model layers for /fake/model.gguf: not found
2026-06-09 11:22:44,416 - INFO - START: /usr/bin/llama-server -m /fake/model.gguf -ngl 999 --flash-attn on --host 0.0.0.0 --port 8085 --tools all --parallel 1 --ctx-size 8192 --batch-size 2048 --mlock --main-gpu 0 --split-mode layer --tensor-split 1.0 --api-key test-token --mmproj-auto --jinja --reasoning on --chat-template-kwargs {"enable_thinking":true} (CUDA_VISIBLE_DEVICES=0, ctx_per_slot=8192, server_ctx=8192, batch_size=2048, thinking_enabled=True, mtp_enabled=False, mtp_draft_tokens=3, mtp_applied=False, gpu_pct=100.0, cpu_pct=0, n_gpu_layers=999, n_cpu_layers=0)
2026-06-09 11:22:44,454 - INFO - START: /usr/bin/llama-server -m /fake/model.gguf -ngl 22 --flash-attn on --host 0.0.0.0 --port 8085 --tools all --parallel 1 --ctx-size 8192 --batch-size 2048 --mlock --main-gpu 0 --split-mode layer --tensor-split 1.0 --api-key test-token --mmproj-auto --jinja --reasoning on --chat-template-kwargs {"enable_thinking":true} (CUDA_VISIBLE_DEVICES=0, ctx_per_slot=8192, server_ctx=8192, batch_size=2048, thinking_enabled=True, mtp_enabled=False, mtp_draft_tokens=3, mtp_applied=False, gpu_pct=70.0, cpu_pct=30.0, n_gpu_layers=22, n_cpu_layers=10)
2026-06-09 11:22:44,481 - INFO - START: /usr/bin/llama-server -m /fake/model.gguf -ngl 0 --flash-attn on --host 0.0.0.0 --port 8085 --tools all --parallel 1 --ctx-size 8192 --batch-size 2048 --mlock --main-gpu 0 --split-mode layer --tensor-split 1.0 --api-key test-token --mmproj-auto --jinja --reasoning on --chat-template-kwargs {"enable_thinking":true} (CUDA_VISIBLE_DEVICES=0, ctx_per_slot=8192, server_ctx=8192, batch_size=2048, thinking_enabled=True, mtp_enabled=False, mtp_draft_tokens=3, mtp_applied=False, gpu_pct=0, cpu_pct=0, n_gpu_layers=0, n_cpu_layers=32)
2026-06-09 11:22:44,530 - INFO - START: /usr/bin/llama-server -m /fake/model.gguf -ngl 999 --flash-attn on --host 0.0.0.0 --port 8085 --tools all --parallel 1 --ctx-size 8192 --batch-size 2048 --mlock --main-gpu 0 --split-mode layer --tensor-split 1.0 --api-key test-token --mmproj-auto --jinja --reasoning on --chat-template-kwargs {"enable_thinking":true} (CUDA_VISIBLE_DEVICES=0, ctx_per_slot=8192, server_ctx=8192, batch_size=2048, thinking_enabled=True, mtp_enabled=False, mtp_draft_tokens=3, mtp_applied=False, gpu_pct=100.0, cpu_pct=0, n_gpu_layers=999, n_cpu_layers=0)
2026-06-09 11:22:44,586 - INFO - START: /usr/bin/llama-server -m /fake/model.gguf -ngl 999 --flash-attn on --host 0.0.0.0 --port 8085 --tools all --parallel 1 --ctx-size 8192 --batch-size 2048 --mlock --main-gpu 0 --split-mode layer --tensor-split 1.0 --api-key test-token --mmproj-auto --jinja --reasoning on --chat-template-kwargs {"enable_thinking":true} (CUDA_VISIBLE_DEVICES=0, ctx_per_slot=8192, server_ctx=8192, batch_size=2048, thinking_enabled=True, mtp_enabled=False, mtp_draft_tokens=3, mtp_applied=False, gpu_pct=100.0, cpu_pct=0, n_gpu_layers=999, n_cpu_layers=0)
2026-06-09 11:22:44,623 - INFO - START: /usr/bin/llama-server -m /fake/model.gguf -ngl 56 --flash-attn on --host 0.0.0.0 --port 8085 --tools all --parallel 1 --ctx-size 8192 --batch-size 2048 --mlock --main-gpu 0 --split-mode layer --tensor-split 1.0 --api-key test-token --mmproj-auto --jinja --reasoning on --chat-template-kwargs {"enable_thinking":true} (CUDA_VISIBLE_DEVICES=0, ctx_per_slot=8192, server_ctx=8192, batch_size=2048, thinking_enabled=True, mtp_enabled=False, mtp_draft_tokens=3, mtp_applied=False, gpu_pct=70.0, cpu_pct=30.0, n_gpu_layers=56, n_cpu_layers=24)
2026-06-09 11:22:44,671 - INFO - START: /usr/bin/llama-server -m /fake/model.gguf -ngl 999 --flash-attn on --host 0.0.0.0 --port 8085 --tools all --parallel 1 --ctx-size 8192 --batch-size 2048 --mlock --main-gpu 0 --split-mode layer --tensor-split 1.0 --api-key test-token --mmproj-auto --jinja --reasoning on --chat-template-kwargs {"enable_thinking":true} (CUDA_VISIBLE_DEVICES=0, ctx_per_slot=8192, server_ctx=8192, batch_size=2048, thinking_enabled=True, mtp_enabled=False, mtp_draft_tokens=3, mtp_applied=False, gpu_pct=200.0, cpu_pct=0, n_gpu_layers=999, n_cpu_layers=0)
2026-06-09 11:22:44,741 - INFO - START: /usr/bin/llama-server -m /fake/model.gguf -ngl 999 --flash-attn on --host 0.0.0.0 --port 8085 --tools all --parallel 1 --ctx-size 8192 --batch-size 2048 --mlock --main-gpu 0 --split-mode layer --tensor-split 1.0 --api-key test-token --mmproj-auto --jinja --reasoning on --chat-template-kwargs {"enable_thinking":true} (CUDA_VISIBLE_DEVICES=0, ctx_per_slot=8192, server_ctx=8192, batch_size=2048, thinking_enabled=True, mtp_enabled=False, mtp_draft_tokens=3, mtp_applied=False, gpu_pct=100.0, cpu_pct=0, n_gpu_layers=999, n_cpu_layers=0)
2026-06-09 11:22:44,802 - INFO - START: /usr/bin/llama-server -m /fake/model.gguf -ngl 0 --flash-attn on --host 0.0.0.0 --port 8085 --tools all --parallel 1 --ctx-size 8192 --batch-size 2048 --mlock --main-gpu 0 --split-mode layer --tensor-split 1.0 --api-key test-token --mmproj-auto --jinja --reasoning on --chat-template-kwargs {"enable_thinking":true} (CUDA_VISIBLE_DEVICES=0, ctx_per_slot=8192, server_ctx=8192, batch_size=2048, thinking_enabled=True, mtp_enabled=False, mtp_draft_tokens=3, mtp_applied=False, gpu_pct=0, cpu_pct=0, n_gpu_layers=0, n_cpu_layers=32)
2026-06-09 11:22:45,044 - INFO - Verificacao de versao iniciada em /tmp/automanager-test
2026-06-09 11:22:45,051 - WARNING - Diretorio nao e um repositorio git: /tmp/automanager-test
2026-06-09 11:22:45,100 - INFO - Verificacao de versao iniciada em /tmp/automanager-test
2026-06-09 11:22:45,120 - INFO - Versao atualizada (branch=main, ref=aaa1111)
2026-06-09 11:22:45,195 - INFO - Verificacao de versao iniciada em /tmp/automanager-test
2026-06-09 11:22:45,238 - INFO - Atualizacao disponivel (branch=main, ahead=2, aaa1111 -> ddd4444)
2026-06-09 11:22:45,280 - INFO - Verificacao de versao iniciada em /tmp/automanager-test
2026-06-09 11:22:45,299 - WARNING - git fetch falhou (branch=main): fatal: could not read from remote
2026-06-09 11:22:45,335 - INFO - Verificacao de versao iniciada em /tmp/automanager-test
2026-06-09 11:22:45,354 - WARNING - git fetch expirou apos 30s (branch=main)
2026-06-09 11:22:45,387 - INFO - Verificacao de versao iniciada em /tmp/automanager-test
2026-06-09 11:22:45,407 - INFO - Versao atualizada (branch=feature/foo, ref=1111111)
2026-06-09 11:22:45,454 - INFO - Verificacao de versao iniciada em /tmp/automanager-test
2026-06-09 11:22:45,459 - INFO - Atualizacao disponivel (branch=main, ahead=12, local00 -> remote0)
2026-06-09 11:22:51,367 - INFO - estimate_model_vram_mb [DISK] model=C:\Users\s293\AppData\Local\Temp\pytest-of-s293\pytest-241\test_estimate_model_vram_uses_0\qwen-49b.gguf disk_mb=100 runtime_overhead_mb=256 weights_mb=356 kv_cache_mb=6553 total_mb=6909
2026-06-09 11:22:51,391 - INFO - estimate_model_vram_mb [DISK] model=C:\Users\s293\AppData\Local\Temp\pytest-of-s293\pytest-241\test_estimate_model_vram_uses_0\qwen-49b.gguf disk_mb=100 runtime_overhead_mb=256 weights_mb=356 kv_cache_mb=6553 total_mb=6909
2026-06-09 11:22:51,524 - INFO - === HARDWARE CAPACITY FAILURE ===
  reason=no_feasible_split
  model=huge-model.gguf path=/models/huge-model.gguf
  estimated_model_mb=?
  total_vram_mb=24576 total_vram_gb=24.00
  active_gpus=[0]
  gpu_details=[{'index': 0, 'name': 'RTX 3090', 'vram_mb': 24576}]
  context_size=32768 parallel_slots=2
  message=Não foi possível carregar "huge-model.gguf" em nenhuma divisão testada entre as GPUs selecionadas. O modelo excede a capacidade do hardware atual (~24.0 GB de VRAM em 1 GPU(s)) com contexto 32768 e 2 slot(s).
2026-06-09 11:22:51,561 - INFO - === HARDWARE CAPACITY FAILURE ===
  reason=no_feasible_split
  model=huge-model.gguf path=/models/huge-model.gguf
  estimated_model_mb=?
  total_vram_mb=24576 total_vram_gb=24.00
  active_gpus=[0]
  gpu_details=[{'index': 0, 'name': 'RTX 3090', 'vram_mb': 24576}]
  context_size=32768 parallel_slots=2
  message=Não foi possível carregar "huge-model.gguf" em nenhuma divisão testada entre as GPUs selecionadas. O modelo excede a capacidade do hardware atual (~24.0 GB de VRAM em 1 GPU(s)) com contexto 32768 e 2 slot(s).
2026-06-09 11:22:51,594 - WARNING - OOM detected! Consecutive: 1
2026-06-09 11:22:52,029 - INFO - Auto-balance probe #1: weight_map={0: 100%} -> synced={0: 100%} | cpu_weight=10 -> probe_cpu=0 | active_weights=[gpu[0]=100.0%, cpu[-1]=0.0%]
2026-06-09 11:22:52,051 - INFO - Auto-balance probe #1: result=ready (cpu_weight=0, synced_map={0: 100%})
2026-06-09 11:22:52,499 - INFO - Session expired due to inactivity
2026-06-09 11:22:52,920 - INFO - START: /usr/bin/llama-server -m /fake/model.gguf -ngl 999 --flash-attn on --host 0.0.0.0 --port 8085 --tools all --parallel 1 --ctx-size 8192 --batch-size 2048 --mlock --main-gpu 0 --split-mode layer --tensor-split 1.0000 --api-key sk-test --mmproj-auto --jinja --reasoning on --chat-template-kwargs {"enable_thinking":true} (CUDA_VISIBLE_DEVICES=0, ctx_per_slot=8192, server_ctx=8192, batch_size=2048, thinking_enabled=True, mtp_enabled=False, mtp_draft_tokens=3, mtp_applied=False, gpu_pct=100.0, cpu_pct=0, n_gpu_layers=999, n_cpu_layers=0)
2026-06-09 11:22:52,947 - INFO - START: /usr/bin/llama-server -m /fake/model.gguf -ngl 999 --flash-attn on --host 0.0.0.0 --port 8085 --tools all --parallel 1 --ctx-size 8192 --batch-size 2048 --mlock --main-gpu 0 --split-mode layer --tensor-split 0.5000,0.5000 --api-key sk-test --mmproj-auto --jinja --reasoning on --chat-template-kwargs {"enable_thinking":true} (CUDA_VISIBLE_DEVICES=0,1, ctx_per_slot=8192, server_ctx=8192, batch_size=2048, thinking_enabled=True, mtp_enabled=False, mtp_draft_tokens=3, mtp_applied=False, gpu_pct=100.0, cpu_pct=0, n_gpu_layers=999, n_cpu_layers=0)
2026-06-09 11:22:52,981 - INFO - START: /usr/bin/llama-server -m /fake/model.gguf -ngl 999 --flash-attn on --host 0.0.0.0 --port 8085 --tools all --parallel 1 --ctx-size 8192 --batch-size 2048 --mlock --main-gpu 0 --split-mode layer --tensor-split 1.0000 --api-key sk-test --mmproj-auto --jinja --reasoning on --chat-template-kwargs {"enable_thinking":true} (CUDA_VISIBLE_DEVICES=0, ctx_per_slot=8192, server_ctx=8192, batch_size=2048, thinking_enabled=True, mtp_enabled=False, mtp_draft_tokens=3, mtp_applied=False, gpu_pct=100.0, cpu_pct=0, n_gpu_layers=999, n_cpu_layers=0)
2026-06-09 11:22:53,043 - INFO - START: /usr/bin/llama-server -m /fake/model.gguf -ngl 22 --flash-attn on --host 0.0.0.0 --port 8085 --tools all --parallel 1 --ctx-size 8192 --batch-size 2048 --mlock --main-gpu 0 --split-mode layer --tensor-split 1.0000 --api-key sk-test --mmproj-auto --jinja --reasoning on --chat-template-kwargs {"enable_thinking":true} (CUDA_VISIBLE_DEVICES=0, ctx_per_slot=8192, server_ctx=8192, batch_size=2048, thinking_enabled=True, mtp_enabled=False, mtp_draft_tokens=3, mtp_applied=False, gpu_pct=70.0, cpu_pct=30.0, n_gpu_layers=22, n_cpu_layers=10)
2026-06-09 11:22:53,094 - ERROR - GPU metrics error: not enough values to unpack (expected 2, got 0)
2026-06-09 11:22:53,228 - INFO - START: /usr/bin/llama-server -m /fake/model.gguf -ngl 999 --flash-attn on --host 0.0.0.0 --port 8085 --tools all --parallel 1 --ctx-size 8192 --batch-size 2048 --mlock --main-gpu 0 --split-mode layer --tensor-split 1.0000 --api-key sk-test --mmproj-auto --jinja --reasoning on --chat-template-kwargs {"enable_thinking":true} (CUDA_VISIBLE_DEVICES=0, ctx_per_slot=8192, server_ctx=8192, batch_size=2048, thinking_enabled=True, mtp_enabled=False, mtp_draft_tokens=3, mtp_applied=False, gpu_pct=70.0, cpu_pct=0.0, n_gpu_layers=999, n_cpu_layers=0)
2026-06-09 11:22:53,266 - INFO - START: /usr/bin/llama-server -m /fake/model.gguf -ngl 22 --flash-attn on --host 0.0.0.0 --port 8085 --tools all --parallel 1 --ctx-size 8192 --batch-size 2048 --mlock --main-gpu 0 --split-mode layer --tensor-split 1.0000 --api-key sk-test --mmproj-auto --jinja --reasoning on --chat-template-kwargs {"enable_thinking":true} (CUDA_VISIBLE_DEVICES=0, ctx_per_slot=8192, server_ctx=8192, batch_size=2048, thinking_enabled=True, mtp_enabled=False, mtp_draft_tokens=3, mtp_applied=False, gpu_pct=70.0, cpu_pct=30.0, n_gpu_layers=22, n_cpu_layers=10)
2026-06-09 11:22:53,288 - ERROR - GPU metrics error: not enough values to unpack (expected 2, got 0)
2026-06-09 11:22:53,416 - INFO - START: /usr/bin/llama-server -m /fake/model.gguf -ngl 999 --flash-attn on --host 0.0.0.0 --port 8085 --tools all --parallel 1 --ctx-size 8192 --batch-size 2048 --mlock --main-gpu 0 --split-mode layer --tensor-split 1.0000 --api-key sk-test --mmproj-auto --jinja --reasoning on --chat-template-kwargs {"enable_thinking":true} (CUDA_VISIBLE_DEVICES=0, ctx_per_slot=8192, server_ctx=8192, batch_size=2048, thinking_enabled=True, mtp_enabled=False, mtp_draft_tokens=3, mtp_applied=False, gpu_pct=70.0, cpu_pct=0.0, n_gpu_layers=999, n_cpu_layers=0)
2026-06-09 11:22:53,509 - INFO - START: /usr/bin/llama-server -m /fake/model.gguf -ngl 70 --flash-attn on --host 0.0.0.0 --port 8085 --tools all --parallel 1 --ctx-size 8192 --batch-size 2048 --mlock --main-gpu 0 --split-mode layer --tensor-split 0.7143,0.2857 --api-key sk-test --mmproj-auto --jinja --reasoning on --chat-template-kwargs {"enable_thinking":true} (CUDA_VISIBLE_DEVICES=0,1, ctx_per_slot=8192, server_ctx=8192, batch_size=2048, thinking_enabled=True, mtp_enabled=False, mtp_draft_tokens=3, mtp_applied=False, gpu_pct=70.0, cpu_pct=30.0, n_gpu_layers=70, n_cpu_layers=30)
2026-06-09 11:22:53,545 - INFO - START: /usr/bin/llama-server -m /fake/model.gguf -ngl 999 --flash-attn on --host 0.0.0.0 --port 8085 --tools all --parallel 1 --ctx-size 8192 --batch-size 2048 --mlock --main-gpu 1 --split-mode layer --tensor-split 0.6000,0.4000 --api-key sk-test --mmproj-auto --jinja --reasoning on --chat-template-kwargs {"enable_thinking":true} (CUDA_VISIBLE_DEVICES=0,1, ctx_per_slot=8192, server_ctx=8192, batch_size=2048, thinking_enabled=True, mtp_enabled=False, mtp_draft_tokens=3, mtp_applied=False, gpu_pct=100.0, cpu_pct=0, n_gpu_layers=999, n_cpu_layers=0)
2026-06-09 11:22:56,448 - INFO - START: /usr/bin/llama-server -m /fake/model.gguf -ngl 22 --flash-attn on --host 0.0.0.0 --port 8085 --tools all --parallel 1 --ctx-size 8192 --batch-size 2048 --mlock --main-gpu 0 --split-mode layer --tensor-split 1.0 --api-key sk-test --mmproj-auto --jinja --reasoning on --chat-template-kwargs {"enable_thinking":true} (CUDA_VISIBLE_DEVICES=0, ctx_per_slot=8192, server_ctx=8192, batch_size=2048, thinking_enabled=True, mtp_enabled=False, mtp_draft_tokens=3, mtp_applied=False, gpu_pct=70.0, cpu_pct=30.0, n_gpu_layers=22, n_cpu_layers=10)
2026-06-09 11:22:56,484 - INFO - START: /usr/bin/llama-server -m /fake/model.gguf -ngl 6 --flash-attn on --host 0.0.0.0 --port 8085 --tools all --parallel 1 --ctx-size 8192 --batch-size 2048 --mlock --main-gpu 0 --split-mode layer --tensor-split 1.0 --api-key sk-test --mmproj-auto --jinja --reasoning on --chat-template-kwargs {"enable_thinking":true} (CUDA_VISIBLE_DEVICES=0, ctx_per_slot=8192, server_ctx=8192, batch_size=2048, thinking_enabled=True, mtp_enabled=False, mtp_draft_tokens=3, mtp_applied=False, gpu_pct=20.0, cpu_pct=80.0, n_gpu_layers=6, n_cpu_layers=26)
2026-06-09 11:22:56,553 - INFO - START: /usr/bin/llama-server -m /fake/model.gguf -ngl 999 --flash-attn on --host 0.0.0.0 --port 8085 --tools all --parallel 1 --ctx-size 8192 --batch-size 2048 --mlock --main-gpu 0 --split-mode layer --tensor-split 1.0 --api-key sk-test --mmproj-auto --jinja --reasoning on --chat-template-kwargs {"enable_thinking":true} (CUDA_VISIBLE_DEVICES=0, ctx_per_slot=8192, server_ctx=8192, batch_size=2048, thinking_enabled=True, mtp_enabled=False, mtp_draft_tokens=3, mtp_applied=False, gpu_pct=100.0, cpu_pct=0, n_gpu_layers=999, n_cpu_layers=0)
2026-06-09 11:22:56,598 - INFO - START: /usr/bin/llama-server -m /fake/model.gguf -ngl 22 --flash-attn on --host 0.0.0.0 --port 8085 --tools all --parallel 1 --ctx-size 8192 --batch-size 2048 --mlock --main-gpu 0 --split-mode layer --tensor-split 1.0 --api-key sk-test --mmproj-auto --jinja --reasoning on --chat-template-kwargs {"enable_thinking":true} (CUDA_VISIBLE_DEVICES=0, ctx_per_slot=8192, server_ctx=8192, batch_size=2048, thinking_enabled=True, mtp_enabled=False, mtp_draft_tokens=3, mtp_applied=False, gpu_pct=70.0, cpu_pct=30.0, n_gpu_layers=22, n_cpu_layers=10)
2026-06-09 11:22:57,288 - WARNING - llama-server nao encontrado automaticamente; configure LLAMA_SERVER_BIN ou paths.json (llama_server_bin)
2026-06-09 11:22:57,341 - ERROR - GPU detection error: Command 'nvidia-smi' returned non-zero exit status 1.
2026-06-09 11:22:57,398 - ERROR - GPU metrics error: Command 'nvidia-smi' returned non-zero exit status 1.
2026-06-09 11:22:57,406 - ERROR - System metrics error: ram metrics unavailable
2026-06-09 11:22:57,441 - ERROR - GPU metrics error: Command 'nvidia-smi' returned non-zero exit status 1.
2026-06-09 11:22:58,738 - ERROR - GPU metrics error: Command 'nvidia-smi' returned non-zero exit status 1.
2026-06-09 11:22:58,761 - ERROR - System metrics error: ram down
2026-06-09 11:22:58,797 - ERROR - GPU metrics error: Command 'nvidia-smi' returned non-zero exit status 1.
2026-06-09 11:22:58,974 - INFO - MTP requested but model has no MTP head, skipping flags
2026-06-09 11:22:59,140 - WARNING - llama-server nao encontrado automaticamente; configure LLAMA_SERVER_BIN ou paths.json (llama_server_bin)
2026-06-09 11:22:59,190 - WARNING - Could not detect MTP for /fake/model.gguf: boom
1969-12-31 21:16:40,000 - WARNING - OOM detected! Consecutive: 1
1969-12-31 21:16:45,000 - WARNING - OOM detected! Consecutive: 2
1969-12-31 21:16:40,000 - WARNING - OOM detected! Consecutive: 1
1969-12-31 21:17:11,000 - WARNING - OOM detected! Consecutive: 1
1969-12-31 21:16:40,000 - WARNING - OOM detected! Consecutive: 1
1969-12-31 21:16:45,000 - WARNING - OOM detected! Consecutive: 3
2026-06-09 11:22:59,585 - WARNING - Could not detect model layers for /fake/model.gguf: not found
2026-06-09 11:22:59,820 - INFO - START: /usr/bin/llama-server -m /fake/model.gguf -ngl 999 --flash-attn on --host 0.0.0.0 --port 8085 --tools all --parallel 1 --ctx-size 8192 --batch-size 2048 --mlock --main-gpu 0 --split-mode layer --tensor-split 1.0 --api-key test-token --mmproj-auto --jinja --reasoning on --chat-template-kwargs {"enable_thinking":true} (CUDA_VISIBLE_DEVICES=0, ctx_per_slot=8192, server_ctx=8192, batch_size=2048, thinking_enabled=True, mtp_enabled=False, mtp_draft_tokens=3, mtp_applied=False, gpu_pct=100.0, cpu_pct=0, n_gpu_layers=999, n_cpu_layers=0)
2026-06-09 11:22:59,892 - INFO - START: /usr/bin/llama-server -m /fake/model.gguf -ngl 22 --flash-attn on --host 0.0.0.0 --port 8085 --tools all --parallel 1 --ctx-size 8192 --batch-size 2048 --mlock --main-gpu 0 --split-mode layer --tensor-split 1.0 --api-key test-token --mmproj-auto --jinja --reasoning on --chat-template-kwargs {"enable_thinking":true} (CUDA_VISIBLE_DEVICES=0, ctx_per_slot=8192, server_ctx=8192, batch_size=2048, thinking_enabled=True, mtp_enabled=False, mtp_draft_tokens=3, mtp_applied=False, gpu_pct=70.0, cpu_pct=30.0, n_gpu_layers=22, n_cpu_layers=10)
2026-06-09 11:22:59,937 - INFO - START: /usr/bin/llama-server -m /fake/model.gguf -ngl 0 --flash-attn on --host 0.0.0.0 --port 8085 --tools all --parallel 1 --ctx-size 8192 --batch-size 2048 --mlock --main-gpu 0 --split-mode layer --tensor-split 1.0 --api-key test-token --mmproj-auto --jinja --reasoning on --chat-template-kwargs {"enable_thinking":true} (CUDA_VISIBLE_DEVICES=0, ctx_per_slot=8192, server_ctx=8192, batch_size=2048, thinking_enabled=True, mtp_enabled=False, mtp_draft_tokens=3, mtp_applied=False, gpu_pct=0, cpu_pct=0, n_gpu_layers=0, n_cpu_layers=32)
2026-06-09 11:22:59,982 - INFO - START: /usr/bin/llama-server -m /fake/model.gguf -ngl 999 --flash-attn on --host 0.0.0.0 --port 8085 --tools all --parallel 1 --ctx-size 8192 --batch-size 2048 --mlock --main-gpu 0 --split-mode layer --tensor-split 1.0 --api-key test-token --mmproj-auto --jinja --reasoning on --chat-template-kwargs {"enable_thinking":true} (CUDA_VISIBLE_DEVICES=0, ctx_per_slot=8192, server_ctx=8192, batch_size=2048, thinking_enabled=True, mtp_enabled=False, mtp_draft_tokens=3, mtp_applied=False, gpu_pct=100.0, cpu_pct=0, n_gpu_layers=999, n_cpu_layers=0)
2026-06-09 11:23:00,021 - INFO - START: /usr/bin/llama-server -m /fake/model.gguf -ngl 999 --flash-attn on --host 0.0.0.0 --port 8085 --tools all --parallel 1 --ctx-size 8192 --batch-size 2048 --mlock --main-gpu 0 --split-mode layer --tensor-split 1.0 --api-key test-token --mmproj-auto --jinja --reasoning on --chat-template-kwargs {"enable_thinking":true} (CUDA_VISIBLE_DEVICES=0, ctx_per_slot=8192, server_ctx=8192, batch_size=2048, thinking_enabled=True, mtp_enabled=False, mtp_draft_tokens=3, mtp_applied=False, gpu_pct=100.0, cpu_pct=0, n_gpu_layers=999, n_cpu_layers=0)
2026-06-09 11:23:00,066 - INFO - START: /usr/bin/llama-server -m /fake/model.gguf -ngl 56 --flash-attn on --host 0.0.0.0 --port 8085 --tools all --parallel 1 --ctx-size 8192 --batch-size 2048 --mlock --main-gpu 0 --split-mode layer --tensor-split 1.0 --api-key test-token --mmproj-auto --jinja --reasoning on --chat-template-kwargs {"enable_thinking":true} (CUDA_VISIBLE_DEVICES=0, ctx_per_slot=8192, server_ctx=8192, batch_size=2048, thinking_enabled=True, mtp_enabled=False, mtp_draft_tokens=3, mtp_applied=False, gpu_pct=70.0, cpu_pct=30.0, n_gpu_layers=56, n_cpu_layers=24)
2026-06-09 11:23:00,099 - INFO - START: /usr/bin/llama-server -m /fake/model.gguf -ngl 999 --flash-attn on --host 0.0.0.0 --port 8085 --tools all --parallel 1 --ctx-size 8192 --batch-size 2048 --mlock --main-gpu 0 --split-mode layer --tensor-split 1.0 --api-key test-token --mmproj-auto --jinja --reasoning on --chat-template-kwargs {"enable_thinking":true} (CUDA_VISIBLE_DEVICES=0, ctx_per_slot=8192, server_ctx=8192, batch_size=2048, thinking_enabled=True, mtp_enabled=False, mtp_draft_tokens=3, mtp_applied=False, gpu_pct=200.0, cpu_pct=0, n_gpu_layers=999, n_cpu_layers=0)
2026-06-09 11:23:00,135 - INFO - START: /usr/bin/llama-server -m /fake/model.gguf -ngl 999 --flash-attn on --host 0.0.0.0 --port 8085 --tools all --parallel 1 --ctx-size 8192 --batch-size 2048 --mlock --main-gpu 0 --split-mode layer --tensor-split 1.0 --api-key test-token --mmproj-auto --jinja --reasoning on --chat-template-kwargs {"enable_thinking":true} (CUDA_VISIBLE_DEVICES=0, ctx_per_slot=8192, server_ctx=8192, batch_size=2048, thinking_enabled=True, mtp_enabled=False, mtp_draft_tokens=3, mtp_applied=False, gpu_pct=100.0, cpu_pct=0, n_gpu_layers=999, n_cpu_layers=0)
2026-06-09 11:23:00,176 - INFO - START: /usr/bin/llama-server -m /fake/model.gguf -ngl 0 --flash-attn on --host 0.0.0.0 --port 8085 --tools all --parallel 1 --ctx-size 8192 --batch-size 2048 --mlock --main-gpu 0 --split-mode layer --tensor-split 1.0 --api-key test-token --mmproj-auto --jinja --reasoning on --chat-template-kwargs {"enable_thinking":true} (CUDA_VISIBLE_DEVICES=0, ctx_per_slot=8192, server_ctx=8192, batch_size=2048, thinking_enabled=True, mtp_enabled=False, mtp_draft_tokens=3, mtp_applied=False, gpu_pct=0, cpu_pct=0, n_gpu_layers=0, n_cpu_layers=32)
2026-06-09 11:23:00,416 - INFO - Verificacao de versao iniciada em /tmp/automanager-test
2026-06-09 11:23:00,425 - WARNING - Diretorio nao e um repositorio git: /tmp/automanager-test
2026-06-09 11:23:00,472 - INFO - Verificacao de versao iniciada em /tmp/automanager-test
2026-06-09 11:23:00,492 - INFO - Versao atualizada (branch=main, ref=aaa1111)
2026-06-09 11:23:00,526 - INFO - Verificacao de versao iniciada em /tmp/automanager-test
2026-06-09 11:23:00,543 - INFO - Atualizacao disponivel (branch=main, ahead=2, aaa1111 -> ddd4444)
2026-06-09 11:23:00,575 - INFO - Verificacao de versao iniciada em /tmp/automanager-test
2026-06-09 11:23:00,593 - WARNING - git fetch falhou (branch=main): fatal: could not read from remote
2026-06-09 11:23:00,625 - INFO - Verificacao de versao iniciada em /tmp/automanager-test
2026-06-09 11:23:00,644 - WARNING - git fetch expirou apos 30s (branch=main)
2026-06-09 11:23:00,680 - INFO - Verificacao de versao iniciada em /tmp/automanager-test
2026-06-09 11:23:00,706 - INFO - Versao atualizada (branch=feature/foo, ref=1111111)
2026-06-09 11:23:00,741 - INFO - Verificacao de versao iniciada em /tmp/automanager-test
2026-06-09 11:23:00,761 - INFO - Atualizacao disponivel (branch=main, ahead=12, local00 -> remote0)
2026-06-09 11:23:17,402 - INFO - estimate_model_vram_mb [DISK] model=C:\Users\s293\AppData\Local\Temp\pytest-of-s293\pytest-242\test_estimate_model_vram_uses_0\qwen-49b.gguf disk_mb=100 runtime_overhead_mb=256 weights_mb=356 kv_cache_mb=6553 total_mb=6909
2026-06-09 11:23:17,436 - INFO - estimate_model_vram_mb [DISK] model=C:\Users\s293\AppData\Local\Temp\pytest-of-s293\pytest-242\test_estimate_model_vram_uses_0\qwen-49b.gguf disk_mb=100 runtime_overhead_mb=256 weights_mb=356 kv_cache_mb=6553 total_mb=6909
2026-06-09 11:23:17,555 - INFO - === HARDWARE CAPACITY FAILURE ===
  reason=no_feasible_split
  model=huge-model.gguf path=/models/huge-model.gguf
  estimated_model_mb=?
  total_vram_mb=24576 total_vram_gb=24.00
  active_gpus=[0]
  gpu_details=[{'index': 0, 'name': 'RTX 3090', 'vram_mb': 24576}]
  context_size=32768 parallel_slots=2
  message=Não foi possível carregar "huge-model.gguf" em nenhuma divisão testada entre as GPUs selecionadas. O modelo excede a capacidade do hardware atual (~24.0 GB de VRAM em 1 GPU(s)) com contexto 32768 e 2 slot(s).
2026-06-09 11:23:17,605 - INFO - === HARDWARE CAPACITY FAILURE ===
  reason=no_feasible_split
  model=huge-model.gguf path=/models/huge-model.gguf
  estimated_model_mb=?
  total_vram_mb=24576 total_vram_gb=24.00
  active_gpus=[0]
  gpu_details=[{'index': 0, 'name': 'RTX 3090', 'vram_mb': 24576}]
  context_size=32768 parallel_slots=2
  message=Não foi possível carregar "huge-model.gguf" em nenhuma divisão testada entre as GPUs selecionadas. O modelo excede a capacidade do hardware atual (~24.0 GB de VRAM em 1 GPU(s)) com contexto 32768 e 2 slot(s).
2026-06-09 11:23:17,645 - WARNING - OOM detected! Consecutive: 1
2026-06-09 11:23:18,048 - INFO - Auto-balance probe #1: weight_map={0: 100%} -> synced={0: 100%} | cpu_weight=10 -> probe_cpu=0 | active_weights=[gpu[0]=100.0%, cpu[-1]=0.0%]
2026-06-09 11:23:18,056 - INFO - Auto-balance probe #1: result=ready (cpu_weight=0, synced_map={0: 100%})
2026-06-09 11:23:18,540 - INFO - Session expired due to inactivity
2026-06-09 11:23:19,003 - INFO - START: /usr/bin/llama-server -m /fake/model.gguf -ngl 999 --flash-attn on --host 0.0.0.0 --port 8085 --tools all --parallel 1 --ctx-size 8192 --batch-size 2048 --mlock --main-gpu 0 --split-mode layer --tensor-split 1.0000 --api-key sk-test --mmproj-auto --jinja --reasoning on --chat-template-kwargs {"enable_thinking":true} (CUDA_VISIBLE_DEVICES=0, ctx_per_slot=8192, server_ctx=8192, batch_size=2048, thinking_enabled=True, mtp_enabled=False, mtp_draft_tokens=3, mtp_applied=False, gpu_pct=100.0, cpu_pct=0, n_gpu_layers=999, n_cpu_layers=0)
2026-06-09 11:23:19,030 - INFO - START: /usr/bin/llama-server -m /fake/model.gguf -ngl 999 --flash-attn on --host 0.0.0.0 --port 8085 --tools all --parallel 1 --ctx-size 8192 --batch-size 2048 --mlock --main-gpu 0 --split-mode layer --tensor-split 0.5000,0.5000 --api-key sk-test --mmproj-auto --jinja --reasoning on --chat-template-kwargs {"enable_thinking":true} (CUDA_VISIBLE_DEVICES=0,1, ctx_per_slot=8192, server_ctx=8192, batch_size=2048, thinking_enabled=True, mtp_enabled=False, mtp_draft_tokens=3, mtp_applied=False, gpu_pct=100.0, cpu_pct=0, n_gpu_layers=999, n_cpu_layers=0)
2026-06-09 11:23:19,123 - INFO - START: /usr/bin/llama-server -m /fake/model.gguf -ngl 999 --flash-attn on --host 0.0.0.0 --port 8085 --tools all --parallel 1 --ctx-size 8192 --batch-size 2048 --mlock --main-gpu 0 --split-mode layer --tensor-split 1.0000 --api-key sk-test --mmproj-auto --jinja --reasoning on --chat-template-kwargs {"enable_thinking":true} (CUDA_VISIBLE_DEVICES=0, ctx_per_slot=8192, server_ctx=8192, batch_size=2048, thinking_enabled=True, mtp_enabled=False, mtp_draft_tokens=3, mtp_applied=False, gpu_pct=100.0, cpu_pct=0, n_gpu_layers=999, n_cpu_layers=0)
2026-06-09 11:23:19,202 - INFO - START: /usr/bin/llama-server -m /fake/model.gguf -ngl 22 --flash-attn on --host 0.0.0.0 --port 8085 --tools all --parallel 1 --ctx-size 8192 --batch-size 2048 --mlock --main-gpu 0 --split-mode layer --tensor-split 1.0000 --api-key sk-test --mmproj-auto --jinja --reasoning on --chat-template-kwargs {"enable_thinking":true} (CUDA_VISIBLE_DEVICES=0, ctx_per_slot=8192, server_ctx=8192, batch_size=2048, thinking_enabled=True, mtp_enabled=False, mtp_draft_tokens=3, mtp_applied=False, gpu_pct=70.0, cpu_pct=30.0, n_gpu_layers=22, n_cpu_layers=10)
2026-06-09 11:23:19,314 - ERROR - GPU metrics error: not enough values to unpack (expected 2, got 0)
2026-06-09 11:23:19,442 - INFO - START: /usr/bin/llama-server -m /fake/model.gguf -ngl 999 --flash-attn on --host 0.0.0.0 --port 8085 --tools all --parallel 1 --ctx-size 8192 --batch-size 2048 --mlock --main-gpu 0 --split-mode layer --tensor-split 1.0000 --api-key sk-test --mmproj-auto --jinja --reasoning on --chat-template-kwargs {"enable_thinking":true} (CUDA_VISIBLE_DEVICES=0, ctx_per_slot=8192, server_ctx=8192, batch_size=2048, thinking_enabled=True, mtp_enabled=False, mtp_draft_tokens=3, mtp_applied=False, gpu_pct=70.0, cpu_pct=0.0, n_gpu_layers=999, n_cpu_layers=0)
2026-06-09 11:23:19,474 - INFO - START: /usr/bin/llama-server -m /fake/model.gguf -ngl 22 --flash-attn on --host 0.0.0.0 --port 8085 --tools all --parallel 1 --ctx-size 8192 --batch-size 2048 --mlock --main-gpu 0 --split-mode layer --tensor-split 1.0000 --api-key sk-test --mmproj-auto --jinja --reasoning on --chat-template-kwargs {"enable_thinking":true} (CUDA_VISIBLE_DEVICES=0, ctx_per_slot=8192, server_ctx=8192, batch_size=2048, thinking_enabled=True, mtp_enabled=False, mtp_draft_tokens=3, mtp_applied=False, gpu_pct=70.0, cpu_pct=30.0, n_gpu_layers=22, n_cpu_layers=10)
2026-06-09 11:23:19,506 - ERROR - GPU metrics error: not enough values to unpack (expected 2, got 0)
2026-06-09 11:23:19,653 - INFO - START: /usr/bin/llama-server -m /fake/model.gguf -ngl 999 --flash-attn on --host 0.0.0.0 --port 8085 --tools all --parallel 1 --ctx-size 8192 --batch-size 2048 --mlock --main-gpu 0 --split-mode layer --tensor-split 1.0000 --api-key sk-test --mmproj-auto --jinja --reasoning on --chat-template-kwargs {"enable_thinking":true} (CUDA_VISIBLE_DEVICES=0, ctx_per_slot=8192, server_ctx=8192, batch_size=2048, thinking_enabled=True, mtp_enabled=False, mtp_draft_tokens=3, mtp_applied=False, gpu_pct=70.0, cpu_pct=0.0, n_gpu_layers=999, n_cpu_layers=0)
2026-06-09 11:23:19,728 - INFO - START: /usr/bin/llama-server -m /fake/model.gguf -ngl 70 --flash-attn on --host 0.0.0.0 --port 8085 --tools all --parallel 1 --ctx-size 8192 --batch-size 2048 --mlock --main-gpu 0 --split-mode layer --tensor-split 0.7143,0.2857 --api-key sk-test --mmproj-auto --jinja --reasoning on --chat-template-kwargs {"enable_thinking":true} (CUDA_VISIBLE_DEVICES=0,1, ctx_per_slot=8192, server_ctx=8192, batch_size=2048, thinking_enabled=True, mtp_enabled=False, mtp_draft_tokens=3, mtp_applied=False, gpu_pct=70.0, cpu_pct=30.0, n_gpu_layers=70, n_cpu_layers=30)
2026-06-09 11:23:19,765 - INFO - START: /usr/bin/llama-server -m /fake/model.gguf -ngl 999 --flash-attn on --host 0.0.0.0 --port 8085 --tools all --parallel 1 --ctx-size 8192 --batch-size 2048 --mlock --main-gpu 1 --split-mode layer --tensor-split 0.6000,0.4000 --api-key sk-test --mmproj-auto --jinja --reasoning on --chat-template-kwargs {"enable_thinking":true} (CUDA_VISIBLE_DEVICES=0,1, ctx_per_slot=8192, server_ctx=8192, batch_size=2048, thinking_enabled=True, mtp_enabled=False, mtp_draft_tokens=3, mtp_applied=False, gpu_pct=100.0, cpu_pct=0, n_gpu_layers=999, n_cpu_layers=0)
2026-06-09 11:23:22,724 - INFO - START: /usr/bin/llama-server -m /fake/model.gguf -ngl 22 --flash-attn on --host 0.0.0.0 --port 8085 --tools all --parallel 1 --ctx-size 8192 --batch-size 2048 --mlock --main-gpu 0 --split-mode layer --tensor-split 1.0 --api-key sk-test --mmproj-auto --jinja --reasoning on --chat-template-kwargs {"enable_thinking":true} (CUDA_VISIBLE_DEVICES=0, ctx_per_slot=8192, server_ctx=8192, batch_size=2048, thinking_enabled=True, mtp_enabled=False, mtp_draft_tokens=3, mtp_applied=False, gpu_pct=70.0, cpu_pct=30.0, n_gpu_layers=22, n_cpu_layers=10)
2026-06-09 11:23:22,744 - INFO - START: /usr/bin/llama-server -m /fake/model.gguf -ngl 6 --flash-attn on --host 0.0.0.0 --port 8085 --tools all --parallel 1 --ctx-size 8192 --batch-size 2048 --mlock --main-gpu 0 --split-mode layer --tensor-split 1.0 --api-key sk-test --mmproj-auto --jinja --reasoning on --chat-template-kwargs {"enable_thinking":true} (CUDA_VISIBLE_DEVICES=0, ctx_per_slot=8192, server_ctx=8192, batch_size=2048, thinking_enabled=True, mtp_enabled=False, mtp_draft_tokens=3, mtp_applied=False, gpu_pct=20.0, cpu_pct=80.0, n_gpu_layers=6, n_cpu_layers=26)
2026-06-09 11:23:22,804 - INFO - START: /usr/bin/llama-server -m /fake/model.gguf -ngl 999 --flash-attn on --host 0.0.0.0 --port 8085 --tools all --parallel 1 --ctx-size 8192 --batch-size 2048 --mlock --main-gpu 0 --split-mode layer --tensor-split 1.0 --api-key sk-test --mmproj-auto --jinja --reasoning on --chat-template-kwargs {"enable_thinking":true} (CUDA_VISIBLE_DEVICES=0, ctx_per_slot=8192, server_ctx=8192, batch_size=2048, thinking_enabled=True, mtp_enabled=False, mtp_draft_tokens=3, mtp_applied=False, gpu_pct=100.0, cpu_pct=0, n_gpu_layers=999, n_cpu_layers=0)
2026-06-09 11:23:22,845 - INFO - START: /usr/bin/llama-server -m /fake/model.gguf -ngl 22 --flash-attn on --host 0.0.0.0 --port 8085 --tools all --parallel 1 --ctx-size 8192 --batch-size 2048 --mlock --main-gpu 0 --split-mode layer --tensor-split 1.0 --api-key sk-test --mmproj-auto --jinja --reasoning on --chat-template-kwargs {"enable_thinking":true} (CUDA_VISIBLE_DEVICES=0, ctx_per_slot=8192, server_ctx=8192, batch_size=2048, thinking_enabled=True, mtp_enabled=False, mtp_draft_tokens=3, mtp_applied=False, gpu_pct=70.0, cpu_pct=30.0, n_gpu_layers=22, n_cpu_layers=10)
2026-06-09 11:23:23,478 - WARNING - llama-server nao encontrado automaticamente; configure LLAMA_SERVER_BIN ou paths.json (llama_server_bin)
2026-06-09 11:23:23,518 - ERROR - GPU detection error: Command 'nvidia-smi' returned non-zero exit status 1.
2026-06-09 11:23:23,570 - ERROR - GPU metrics error: Command 'nvidia-smi' returned non-zero exit status 1.
2026-06-09 11:23:23,589 - ERROR - System metrics error: ram metrics unavailable
2026-06-09 11:23:23,638 - ERROR - GPU metrics error: Command 'nvidia-smi' returned non-zero exit status 1.
2026-06-09 11:23:24,739 - ERROR - GPU metrics error: Command 'nvidia-smi' returned non-zero exit status 1.
2026-06-09 11:23:24,746 - ERROR - System metrics error: ram down
2026-06-09 11:23:24,787 - ERROR - GPU metrics error: Command 'nvidia-smi' returned non-zero exit status 1.
2026-06-09 11:23:24,970 - INFO - MTP requested but model has no MTP head, skipping flags
2026-06-09 11:23:25,163 - WARNING - llama-server nao encontrado automaticamente; configure LLAMA_SERVER_BIN ou paths.json (llama_server_bin)
2026-06-09 11:23:25,203 - WARNING - Could not detect MTP for /fake/model.gguf: boom
1969-12-31 21:16:40,000 - WARNING - OOM detected! Consecutive: 1
1969-12-31 21:16:45,000 - WARNING - OOM detected! Consecutive: 2
1969-12-31 21:16:40,000 - WARNING - OOM detected! Consecutive: 1
1969-12-31 21:17:11,000 - WARNING - OOM detected! Consecutive: 1
1969-12-31 21:16:40,000 - WARNING - OOM detected! Consecutive: 1
1969-12-31 21:16:45,000 - WARNING - OOM detected! Consecutive: 3
2026-06-09 11:23:25,628 - WARNING - Could not detect model layers for /fake/model.gguf: not found
2026-06-09 11:23:25,685 - INFO - START: /usr/bin/llama-server -m /fake/model.gguf -ngl 999 --flash-attn on --host 0.0.0.0 --port 8085 --tools all --parallel 1 --ctx-size 8192 --batch-size 2048 --mlock --main-gpu 0 --split-mode layer --tensor-split 1.0 --api-key test-token --mmproj-auto --jinja --reasoning on --chat-template-kwargs {"enable_thinking":true} (CUDA_VISIBLE_DEVICES=0, ctx_per_slot=8192, server_ctx=8192, batch_size=2048, thinking_enabled=True, mtp_enabled=False, mtp_draft_tokens=3, mtp_applied=False, gpu_pct=100.0, cpu_pct=0, n_gpu_layers=999, n_cpu_layers=0)
2026-06-09 11:23:25,730 - INFO - START: /usr/bin/llama-server -m /fake/model.gguf -ngl 22 --flash-attn on --host 0.0.0.0 --port 8085 --tools all --parallel 1 --ctx-size 8192 --batch-size 2048 --mlock --main-gpu 0 --split-mode layer --tensor-split 1.0 --api-key test-token --mmproj-auto --jinja --reasoning on --chat-template-kwargs {"enable_thinking":true} (CUDA_VISIBLE_DEVICES=0, ctx_per_slot=8192, server_ctx=8192, batch_size=2048, thinking_enabled=True, mtp_enabled=False, mtp_draft_tokens=3, mtp_applied=False, gpu_pct=70.0, cpu_pct=30.0, n_gpu_layers=22, n_cpu_layers=10)
2026-06-09 11:23:25,769 - INFO - START: /usr/bin/llama-server -m /fake/model.gguf -ngl 0 --flash-attn on --host 0.0.0.0 --port 8085 --tools all --parallel 1 --ctx-size 8192 --batch-size 2048 --mlock --main-gpu 0 --split-mode layer --tensor-split 1.0 --api-key test-token --mmproj-auto --jinja --reasoning on --chat-template-kwargs {"enable_thinking":true} (CUDA_VISIBLE_DEVICES=0, ctx_per_slot=8192, server_ctx=8192, batch_size=2048, thinking_enabled=True, mtp_enabled=False, mtp_draft_tokens=3, mtp_applied=False, gpu_pct=0, cpu_pct=0, n_gpu_layers=0, n_cpu_layers=32)
2026-06-09 11:23:25,841 - INFO - START: /usr/bin/llama-server -m /fake/model.gguf -ngl 999 --flash-attn on --host 0.0.0.0 --port 8085 --tools all --parallel 1 --ctx-size 8192 --batch-size 2048 --mlock --main-gpu 0 --split-mode layer --tensor-split 1.0 --api-key test-token --mmproj-auto --jinja --reasoning on --chat-template-kwargs {"enable_thinking":true} (CUDA_VISIBLE_DEVICES=0, ctx_per_slot=8192, server_ctx=8192, batch_size=2048, thinking_enabled=True, mtp_enabled=False, mtp_draft_tokens=3, mtp_applied=False, gpu_pct=100.0, cpu_pct=0, n_gpu_layers=999, n_cpu_layers=0)
2026-06-09 11:23:25,882 - INFO - START: /usr/bin/llama-server -m /fake/model.gguf -ngl 999 --flash-attn on --host 0.0.0.0 --port 8085 --tools all --parallel 1 --ctx-size 8192 --batch-size 2048 --mlock --main-gpu 0 --split-mode layer --tensor-split 1.0 --api-key test-token --mmproj-auto --jinja --reasoning on --chat-template-kwargs {"enable_thinking":true} (CUDA_VISIBLE_DEVICES=0, ctx_per_slot=8192, server_ctx=8192, batch_size=2048, thinking_enabled=True, mtp_enabled=False, mtp_draft_tokens=3, mtp_applied=False, gpu_pct=100.0, cpu_pct=0, n_gpu_layers=999, n_cpu_layers=0)
2026-06-09 11:23:25,917 - INFO - START: /usr/bin/llama-server -m /fake/model.gguf -ngl 56 --flash-attn on --host 0.0.0.0 --port 8085 --tools all --parallel 1 --ctx-size 8192 --batch-size 2048 --mlock --main-gpu 0 --split-mode layer --tensor-split 1.0 --api-key test-token --mmproj-auto --jinja --reasoning on --chat-template-kwargs {"enable_thinking":true} (CUDA_VISIBLE_DEVICES=0, ctx_per_slot=8192, server_ctx=8192, batch_size=2048, thinking_enabled=True, mtp_enabled=False, mtp_draft_tokens=3, mtp_applied=False, gpu_pct=70.0, cpu_pct=30.0, n_gpu_layers=56, n_cpu_layers=24)
2026-06-09 11:23:25,980 - INFO - START: /usr/bin/llama-server -m /fake/model.gguf -ngl 999 --flash-attn on --host 0.0.0.0 --port 8085 --tools all --parallel 1 --ctx-size 8192 --batch-size 2048 --mlock --main-gpu 0 --split-mode layer --tensor-split 1.0 --api-key test-token --mmproj-auto --jinja --reasoning on --chat-template-kwargs {"enable_thinking":true} (CUDA_VISIBLE_DEVICES=0, ctx_per_slot=8192, server_ctx=8192, batch_size=2048, thinking_enabled=True, mtp_enabled=False, mtp_draft_tokens=3, mtp_applied=False, gpu_pct=200.0, cpu_pct=0, n_gpu_layers=999, n_cpu_layers=0)
2026-06-09 11:23:26,024 - INFO - START: /usr/bin/llama-server -m /fake/model.gguf -ngl 999 --flash-attn on --host 0.0.0.0 --port 8085 --tools all --parallel 1 --ctx-size 8192 --batch-size 2048 --mlock --main-gpu 0 --split-mode layer --tensor-split 1.0 --api-key test-token --mmproj-auto --jinja --reasoning on --chat-template-kwargs {"enable_thinking":true} (CUDA_VISIBLE_DEVICES=0, ctx_per_slot=8192, server_ctx=8192, batch_size=2048, thinking_enabled=True, mtp_enabled=False, mtp_draft_tokens=3, mtp_applied=False, gpu_pct=100.0, cpu_pct=0, n_gpu_layers=999, n_cpu_layers=0)
2026-06-09 11:23:26,065 - INFO - START: /usr/bin/llama-server -m /fake/model.gguf -ngl 0 --flash-attn on --host 0.0.0.0 --port 8085 --tools all --parallel 1 --ctx-size 8192 --batch-size 2048 --mlock --main-gpu 0 --split-mode layer --tensor-split 1.0 --api-key test-token --mmproj-auto --jinja --reasoning on --chat-template-kwargs {"enable_thinking":true} (CUDA_VISIBLE_DEVICES=0, ctx_per_slot=8192, server_ctx=8192, batch_size=2048, thinking_enabled=True, mtp_enabled=False, mtp_draft_tokens=3, mtp_applied=False, gpu_pct=0, cpu_pct=0, n_gpu_layers=0, n_cpu_layers=32)
2026-06-09 11:23:26,291 - INFO - Verificacao de versao iniciada em /tmp/automanager-test
2026-06-09 11:23:26,304 - WARNING - Diretorio nao e um repositorio git: /tmp/automanager-test
2026-06-09 11:23:26,340 - INFO - Verificacao de versao iniciada em /tmp/automanager-test
2026-06-09 11:23:26,361 - INFO - Versao atualizada (branch=main, ref=aaa1111)
2026-06-09 11:23:26,395 - INFO - Verificacao de versao iniciada em /tmp/automanager-test
2026-06-09 11:23:26,412 - INFO - Atualizacao disponivel (branch=main, ahead=2, aaa1111 -> ddd4444)
2026-06-09 11:23:26,444 - INFO - Verificacao de versao iniciada em /tmp/automanager-test
2026-06-09 11:23:26,466 - WARNING - git fetch falhou (branch=main): fatal: could not read from remote
2026-06-09 11:23:26,528 - INFO - Verificacao de versao iniciada em /tmp/automanager-test
2026-06-09 11:23:26,546 - WARNING - git fetch expirou apos 30s (branch=main)
2026-06-09 11:23:26,581 - INFO - Verificacao de versao iniciada em /tmp/automanager-test
2026-06-09 11:23:26,601 - INFO - Versao atualizada (branch=feature/foo, ref=1111111)
2026-06-09 11:23:26,639 - INFO - Verificacao de versao iniciada em /tmp/automanager-test
2026-06-09 11:23:26,665 - INFO - Atualizacao disponivel (branch=main, ahead=12, local00 -> remote0)
2026-06-09 11:27:08,179 - INFO - estimate_model_vram_mb [DISK] model=C:\Users\s293\AppData\Local\Temp\pytest-of-s293\pytest-243\test_estimate_model_vram_uses_0\qwen-49b.gguf disk_mb=100 runtime_overhead_mb=256 weights_mb=356 kv_cache_mb=6553 total_mb=6909
2026-06-09 11:27:08,213 - INFO - estimate_model_vram_mb [DISK] model=C:\Users\s293\AppData\Local\Temp\pytest-of-s293\pytest-243\test_estimate_model_vram_uses_0\qwen-49b.gguf disk_mb=100 runtime_overhead_mb=256 weights_mb=356 kv_cache_mb=6553 total_mb=6909
2026-06-09 11:27:08,295 - INFO - === HARDWARE CAPACITY FAILURE ===
  reason=no_feasible_split
  model=huge-model.gguf path=/models/huge-model.gguf
  estimated_model_mb=?
  total_vram_mb=24576 total_vram_gb=24.00
  active_gpus=[0]
  gpu_details=[{'index': 0, 'name': 'RTX 3090', 'vram_mb': 24576}]
  context_size=32768 parallel_slots=2
  message=Não foi possível carregar "huge-model.gguf" em nenhuma divisão testada entre as GPUs selecionadas. O modelo excede a capacidade do hardware atual (~24.0 GB de VRAM em 1 GPU(s)) com contexto 32768 e 2 slot(s).
2026-06-09 11:27:08,344 - INFO - === HARDWARE CAPACITY FAILURE ===
  reason=no_feasible_split
  model=huge-model.gguf path=/models/huge-model.gguf
  estimated_model_mb=?
  total_vram_mb=24576 total_vram_gb=24.00
  active_gpus=[0]
  gpu_details=[{'index': 0, 'name': 'RTX 3090', 'vram_mb': 24576}]
  context_size=32768 parallel_slots=2
  message=Não foi possível carregar "huge-model.gguf" em nenhuma divisão testada entre as GPUs selecionadas. O modelo excede a capacidade do hardware atual (~24.0 GB de VRAM em 1 GPU(s)) com contexto 32768 e 2 slot(s).
2026-06-09 11:27:08,373 - WARNING - OOM detected! Consecutive: 1
2026-06-09 11:27:08,632 - INFO - Auto-balance probe #1: weight_map={0: 100%} -> synced={0: 100%} | cpu_weight=10 -> probe_cpu=0 | active_weights=[gpu[0]=100.0%, cpu[-1]=0.0%]
2026-06-09 11:27:08,654 - INFO - Auto-balance probe #1: result=ready (cpu_weight=0, synced_map={0: 100%})
2026-06-09 11:27:08,991 - INFO - Session expired due to inactivity
2026-06-09 11:27:09,254 - INFO - START: /usr/bin/llama-server -m /fake/model.gguf -ngl 999 --flash-attn on --host 0.0.0.0 --port 8085 --tools all --parallel 1 --ctx-size 8192 --batch-size 2048 --mlock --main-gpu 0 --split-mode layer --tensor-split 1.0000 --api-key sk-test --mmproj-auto --jinja --reasoning on --chat-template-kwargs {"enable_thinking":true} (CUDA_VISIBLE_DEVICES=0, ctx_per_slot=8192, server_ctx=8192, batch_size=2048, thinking_enabled=True, mtp_enabled=False, mtp_draft_tokens=3, mtp_applied=False, gpu_pct=100.0, cpu_pct=0, n_gpu_layers=999, n_cpu_layers=0)
2026-06-09 11:27:09,273 - INFO - START: /usr/bin/llama-server -m /fake/model.gguf -ngl 999 --flash-attn on --host 0.0.0.0 --port 8085 --tools all --parallel 1 --ctx-size 8192 --batch-size 2048 --mlock --main-gpu 0 --split-mode layer --tensor-split 0.5000,0.5000 --api-key sk-test --mmproj-auto --jinja --reasoning on --chat-template-kwargs {"enable_thinking":true} (CUDA_VISIBLE_DEVICES=0,1, ctx_per_slot=8192, server_ctx=8192, batch_size=2048, thinking_enabled=True, mtp_enabled=False, mtp_draft_tokens=3, mtp_applied=False, gpu_pct=100.0, cpu_pct=0, n_gpu_layers=999, n_cpu_layers=0)
2026-06-09 11:27:09,298 - INFO - START: /usr/bin/llama-server -m /fake/model.gguf -ngl 999 --flash-attn on --host 0.0.0.0 --port 8085 --tools all --parallel 1 --ctx-size 8192 --batch-size 2048 --mlock --main-gpu 0 --split-mode layer --tensor-split 1.0000 --api-key sk-test --mmproj-auto --jinja --reasoning on --chat-template-kwargs {"enable_thinking":true} (CUDA_VISIBLE_DEVICES=0, ctx_per_slot=8192, server_ctx=8192, batch_size=2048, thinking_enabled=True, mtp_enabled=False, mtp_draft_tokens=3, mtp_applied=False, gpu_pct=100.0, cpu_pct=0, n_gpu_layers=999, n_cpu_layers=0)
2026-06-09 11:27:09,337 - INFO - START: /usr/bin/llama-server -m /fake/model.gguf -ngl 22 --flash-attn on --host 0.0.0.0 --port 8085 --tools all --parallel 1 --ctx-size 8192 --batch-size 2048 --mlock --main-gpu 0 --split-mode layer --tensor-split 1.0000 --api-key sk-test --mmproj-auto --jinja --reasoning on --chat-template-kwargs {"enable_thinking":true} (CUDA_VISIBLE_DEVICES=0, ctx_per_slot=8192, server_ctx=8192, batch_size=2048, thinking_enabled=True, mtp_enabled=False, mtp_draft_tokens=3, mtp_applied=False, gpu_pct=70.0, cpu_pct=30.0, n_gpu_layers=22, n_cpu_layers=10)
2026-06-09 11:27:09,369 - ERROR - GPU metrics error: not enough values to unpack (expected 2, got 0)
2026-06-09 11:27:09,491 - INFO - START: /usr/bin/llama-server -m /fake/model.gguf -ngl 999 --flash-attn on --host 0.0.0.0 --port 8085 --tools all --parallel 1 --ctx-size 8192 --batch-size 2048 --mlock --main-gpu 0 --split-mode layer --tensor-split 1.0000 --api-key sk-test --mmproj-auto --jinja --reasoning on --chat-template-kwargs {"enable_thinking":true} (CUDA_VISIBLE_DEVICES=0, ctx_per_slot=8192, server_ctx=8192, batch_size=2048, thinking_enabled=True, mtp_enabled=False, mtp_draft_tokens=3, mtp_applied=False, gpu_pct=70.0, cpu_pct=0.0, n_gpu_layers=999, n_cpu_layers=0)
2026-06-09 11:27:09,517 - INFO - START: /usr/bin/llama-server -m /fake/model.gguf -ngl 22 --flash-attn on --host 0.0.0.0 --port 8085 --tools all --parallel 1 --ctx-size 8192 --batch-size 2048 --mlock --main-gpu 0 --split-mode layer --tensor-split 1.0000 --api-key sk-test --mmproj-auto --jinja --reasoning on --chat-template-kwargs {"enable_thinking":true} (CUDA_VISIBLE_DEVICES=0, ctx_per_slot=8192, server_ctx=8192, batch_size=2048, thinking_enabled=True, mtp_enabled=False, mtp_draft_tokens=3, mtp_applied=False, gpu_pct=70.0, cpu_pct=30.0, n_gpu_layers=22, n_cpu_layers=10)
2026-06-09 11:27:09,538 - ERROR - GPU metrics error: not enough values to unpack (expected 2, got 0)
2026-06-09 11:27:09,668 - INFO - START: /usr/bin/llama-server -m /fake/model.gguf -ngl 999 --flash-attn on --host 0.0.0.0 --port 8085 --tools all --parallel 1 --ctx-size 8192 --batch-size 2048 --mlock --main-gpu 0 --split-mode layer --tensor-split 1.0000 --api-key sk-test --mmproj-auto --jinja --reasoning on --chat-template-kwargs {"enable_thinking":true} (CUDA_VISIBLE_DEVICES=0, ctx_per_slot=8192, server_ctx=8192, batch_size=2048, thinking_enabled=True, mtp_enabled=False, mtp_draft_tokens=3, mtp_applied=False, gpu_pct=70.0, cpu_pct=0.0, n_gpu_layers=999, n_cpu_layers=0)
2026-06-09 11:27:09,729 - INFO - START: /usr/bin/llama-server -m /fake/model.gguf -ngl 70 --flash-attn on --host 0.0.0.0 --port 8085 --tools all --parallel 1 --ctx-size 8192 --batch-size 2048 --mlock --main-gpu 0 --split-mode layer --tensor-split 0.7143,0.2857 --api-key sk-test --mmproj-auto --jinja --reasoning on --chat-template-kwargs {"enable_thinking":true} (CUDA_VISIBLE_DEVICES=0,1, ctx_per_slot=8192, server_ctx=8192, batch_size=2048, thinking_enabled=True, mtp_enabled=False, mtp_draft_tokens=3, mtp_applied=False, gpu_pct=70.0, cpu_pct=30.0, n_gpu_layers=70, n_cpu_layers=30)
2026-06-09 11:27:09,744 - INFO - START: /usr/bin/llama-server -m /fake/model.gguf -ngl 999 --flash-attn on --host 0.0.0.0 --port 8085 --tools all --parallel 1 --ctx-size 8192 --batch-size 2048 --mlock --main-gpu 1 --split-mode layer --tensor-split 0.6000,0.4000 --api-key sk-test --mmproj-auto --jinja --reasoning on --chat-template-kwargs {"enable_thinking":true} (CUDA_VISIBLE_DEVICES=0,1, ctx_per_slot=8192, server_ctx=8192, batch_size=2048, thinking_enabled=True, mtp_enabled=False, mtp_draft_tokens=3, mtp_applied=False, gpu_pct=100.0, cpu_pct=0, n_gpu_layers=999, n_cpu_layers=0)
2026-06-09 11:27:13,773 - INFO - Auto-balance GPU 0: weight=90% vram=0.0%
2026-06-09 11:27:17,786 - INFO - Auto-balance GPU 1: weight=10% vram=0.0%
2026-06-09 11:27:17,792 - INFO - _vram_summary: weight_map={0: 90%, 1: 10%} -> summary=GPU0 VRAM 0%; GPU1 VRAM 0%
2026-06-09 11:27:17,812 - INFO - Auto-balance success: Balance otimizado (GPU0=90%, GPU1=10%). GPU0 VRAM 0%; GPU1 VRAM 0%
2026-06-09 11:28:07,187 - INFO - estimate_model_vram_mb [DISK] model=C:\Users\s293\AppData\Local\Temp\pytest-of-s293\pytest-244\test_estimate_model_vram_uses_0\qwen-49b.gguf disk_mb=100 runtime_overhead_mb=256 weights_mb=356 kv_cache_mb=6553 total_mb=6909
2026-06-09 11:28:07,197 - INFO - estimate_model_vram_mb [DISK] model=C:\Users\s293\AppData\Local\Temp\pytest-of-s293\pytest-244\test_estimate_model_vram_uses_0\qwen-49b.gguf disk_mb=100 runtime_overhead_mb=256 weights_mb=356 kv_cache_mb=6553 total_mb=6909
2026-06-09 11:28:07,283 - INFO - === HARDWARE CAPACITY FAILURE ===
  reason=no_feasible_split
  model=huge-model.gguf path=/models/huge-model.gguf
  estimated_model_mb=?
  total_vram_mb=24576 total_vram_gb=24.00
  active_gpus=[0]
  gpu_details=[{'index': 0, 'name': 'RTX 3090', 'vram_mb': 24576}]
  context_size=32768 parallel_slots=2
  message=Não foi possível carregar "huge-model.gguf" em nenhuma divisão testada entre as GPUs selecionadas. O modelo excede a capacidade do hardware atual (~24.0 GB de VRAM em 1 GPU(s)) com contexto 32768 e 2 slot(s).
2026-06-09 11:28:07,323 - INFO - === HARDWARE CAPACITY FAILURE ===
  reason=no_feasible_split
  model=huge-model.gguf path=/models/huge-model.gguf
  estimated_model_mb=?
  total_vram_mb=24576 total_vram_gb=24.00
  active_gpus=[0]
  gpu_details=[{'index': 0, 'name': 'RTX 3090', 'vram_mb': 24576}]
  context_size=32768 parallel_slots=2
  message=Não foi possível carregar "huge-model.gguf" em nenhuma divisão testada entre as GPUs selecionadas. O modelo excede a capacidade do hardware atual (~24.0 GB de VRAM em 1 GPU(s)) com contexto 32768 e 2 slot(s).
2026-06-09 11:28:07,353 - WARNING - OOM detected! Consecutive: 1
2026-06-09 11:28:07,618 - INFO - Auto-balance probe #1: weight_map={0: 100%} -> synced={0: 100%} | cpu_weight=10 -> probe_cpu=0 | active_weights=[gpu[0]=100.0%, cpu[-1]=0.0%]
2026-06-09 11:28:07,640 - INFO - Auto-balance probe #1: result=ready (cpu_weight=0, synced_map={0: 100%})
2026-06-09 11:28:07,901 - INFO - Session expired due to inactivity
2026-06-09 11:28:08,167 - INFO - START: /usr/bin/llama-server -m /fake/model.gguf -ngl 999 --flash-attn on --host 0.0.0.0 --port 8085 --tools all --parallel 1 --ctx-size 8192 --batch-size 2048 --mlock --main-gpu 0 --split-mode layer --tensor-split 1.0000 --api-key sk-test --mmproj-auto --jinja --reasoning on --chat-template-kwargs {"enable_thinking":true} (CUDA_VISIBLE_DEVICES=0, ctx_per_slot=8192, server_ctx=8192, batch_size=2048, thinking_enabled=True, mtp_enabled=False, mtp_draft_tokens=3, mtp_applied=False, gpu_pct=100.0, cpu_pct=0, n_gpu_layers=999, n_cpu_layers=0)
2026-06-09 11:28:08,195 - INFO - START: /usr/bin/llama-server -m /fake/model.gguf -ngl 999 --flash-attn on --host 0.0.0.0 --port 8085 --tools all --parallel 1 --ctx-size 8192 --batch-size 2048 --mlock --main-gpu 0 --split-mode layer --tensor-split 0.5000,0.5000 --api-key sk-test --mmproj-auto --jinja --reasoning on --chat-template-kwargs {"enable_thinking":true} (CUDA_VISIBLE_DEVICES=0,1, ctx_per_slot=8192, server_ctx=8192, batch_size=2048, thinking_enabled=True, mtp_enabled=False, mtp_draft_tokens=3, mtp_applied=False, gpu_pct=100.0, cpu_pct=0, n_gpu_layers=999, n_cpu_layers=0)
2026-06-09 11:28:08,218 - INFO - START: /usr/bin/llama-server -m /fake/model.gguf -ngl 999 --flash-attn on --host 0.0.0.0 --port 8085 --tools all --parallel 1 --ctx-size 8192 --batch-size 2048 --mlock --main-gpu 0 --split-mode layer --tensor-split 1.0000 --api-key sk-test --mmproj-auto --jinja --reasoning on --chat-template-kwargs {"enable_thinking":true} (CUDA_VISIBLE_DEVICES=0, ctx_per_slot=8192, server_ctx=8192, batch_size=2048, thinking_enabled=True, mtp_enabled=False, mtp_draft_tokens=3, mtp_applied=False, gpu_pct=100.0, cpu_pct=0, n_gpu_layers=999, n_cpu_layers=0)
2026-06-09 11:28:08,255 - INFO - START: /usr/bin/llama-server -m /fake/model.gguf -ngl 22 --flash-attn on --host 0.0.0.0 --port 8085 --tools all --parallel 1 --ctx-size 8192 --batch-size 2048 --mlock --main-gpu 0 --split-mode layer --tensor-split 1.0000 --api-key sk-test --mmproj-auto --jinja --reasoning on --chat-template-kwargs {"enable_thinking":true} (CUDA_VISIBLE_DEVICES=0, ctx_per_slot=8192, server_ctx=8192, batch_size=2048, thinking_enabled=True, mtp_enabled=False, mtp_draft_tokens=3, mtp_applied=False, gpu_pct=70.0, cpu_pct=30.0, n_gpu_layers=22, n_cpu_layers=10)
2026-06-09 11:28:08,291 - ERROR - GPU metrics error: not enough values to unpack (expected 2, got 0)
2026-06-09 11:28:08,413 - INFO - START: /usr/bin/llama-server -m /fake/model.gguf -ngl 999 --flash-attn on --host 0.0.0.0 --port 8085 --tools all --parallel 1 --ctx-size 8192 --batch-size 2048 --mlock --main-gpu 0 --split-mode layer --tensor-split 1.0000 --api-key sk-test --mmproj-auto --jinja --reasoning on --chat-template-kwargs {"enable_thinking":true} (CUDA_VISIBLE_DEVICES=0, ctx_per_slot=8192, server_ctx=8192, batch_size=2048, thinking_enabled=True, mtp_enabled=False, mtp_draft_tokens=3, mtp_applied=False, gpu_pct=70.0, cpu_pct=0.0, n_gpu_layers=999, n_cpu_layers=0)
2026-06-09 11:28:08,438 - INFO - START: /usr/bin/llama-server -m /fake/model.gguf -ngl 22 --flash-attn on --host 0.0.0.0 --port 8085 --tools all --parallel 1 --ctx-size 8192 --batch-size 2048 --mlock --main-gpu 0 --split-mode layer --tensor-split 1.0000 --api-key sk-test --mmproj-auto --jinja --reasoning on --chat-template-kwargs {"enable_thinking":true} (CUDA_VISIBLE_DEVICES=0, ctx_per_slot=8192, server_ctx=8192, batch_size=2048, thinking_enabled=True, mtp_enabled=False, mtp_draft_tokens=3, mtp_applied=False, gpu_pct=70.0, cpu_pct=30.0, n_gpu_layers=22, n_cpu_layers=10)
2026-06-09 11:28:08,458 - ERROR - GPU metrics error: not enough values to unpack (expected 2, got 0)
2026-06-09 11:28:08,580 - INFO - START: /usr/bin/llama-server -m /fake/model.gguf -ngl 999 --flash-attn on --host 0.0.0.0 --port 8085 --tools all --parallel 1 --ctx-size 8192 --batch-size 2048 --mlock --main-gpu 0 --split-mode layer --tensor-split 1.0000 --api-key sk-test --mmproj-auto --jinja --reasoning on --chat-template-kwargs {"enable_thinking":true} (CUDA_VISIBLE_DEVICES=0, ctx_per_slot=8192, server_ctx=8192, batch_size=2048, thinking_enabled=True, mtp_enabled=False, mtp_draft_tokens=3, mtp_applied=False, gpu_pct=70.0, cpu_pct=0.0, n_gpu_layers=999, n_cpu_layers=0)
2026-06-09 11:28:08,639 - INFO - START: /usr/bin/llama-server -m /fake/model.gguf -ngl 70 --flash-attn on --host 0.0.0.0 --port 8085 --tools all --parallel 1 --ctx-size 8192 --batch-size 2048 --mlock --main-gpu 0 --split-mode layer --tensor-split 0.7143,0.2857 --api-key sk-test --mmproj-auto --jinja --reasoning on --chat-template-kwargs {"enable_thinking":true} (CUDA_VISIBLE_DEVICES=0,1, ctx_per_slot=8192, server_ctx=8192, batch_size=2048, thinking_enabled=True, mtp_enabled=False, mtp_draft_tokens=3, mtp_applied=False, gpu_pct=70.0, cpu_pct=30.0, n_gpu_layers=70, n_cpu_layers=30)
2026-06-09 11:28:08,666 - INFO - START: /usr/bin/llama-server -m /fake/model.gguf -ngl 999 --flash-attn on --host 0.0.0.0 --port 8085 --tools all --parallel 1 --ctx-size 8192 --batch-size 2048 --mlock --main-gpu 1 --split-mode layer --tensor-split 0.6000,0.4000 --api-key sk-test --mmproj-auto --jinja --reasoning on --chat-template-kwargs {"enable_thinking":true} (CUDA_VISIBLE_DEVICES=0,1, ctx_per_slot=8192, server_ctx=8192, batch_size=2048, thinking_enabled=True, mtp_enabled=False, mtp_draft_tokens=3, mtp_applied=False, gpu_pct=100.0, cpu_pct=0, n_gpu_layers=999, n_cpu_layers=0)
2026-06-09 11:28:12,699 - INFO - Auto-balance GPU 0: weight=90% vram=0.0%
2026-06-09 11:28:16,706 - INFO - Auto-balance GPU 1: weight=10% vram=0.0%
2026-06-09 11:28:16,713 - INFO - _vram_summary: weight_map={0: 90%, 1: 10%} -> summary=GPU0 VRAM 0%; GPU1 VRAM 0%
2026-06-09 11:28:16,730 - INFO - Auto-balance success: Balance otimizado (GPU0=90%, GPU1=10%). GPU0 VRAM 0%; GPU1 VRAM 0%
2026-06-09 11:28:21,728 - INFO - Auto-balance GPU 0: weight=100% vram=0.0%
2026-06-09 11:28:21,738 - INFO - _vram_summary: weight_map={0: 100%} -> summary=GPU0 VRAM 0%
2026-06-09 11:28:21,755 - INFO - Auto-balance success: Balance otimizado (GPU0=100%). GPU0 VRAM 0%
2026-06-09 11:28:25,913 - INFO - Auto-balance GPU 0: weight=90% vram=0.0%
2026-06-09 11:28:29,918 - INFO - Auto-balance GPU 1: weight=10% vram=0.0%
2026-06-09 11:28:29,924 - INFO - _vram_summary: weight_map={0: 90%, 1: 10%} -> summary=GPU0 VRAM 0%; GPU1 VRAM 0%
2026-06-09 11:28:29,944 - INFO - Auto-balance success: Balance otimizado (GPU0=90%, GPU1=10%). GPU0 VRAM 0%; GPU1 VRAM 0%
2026-06-09 11:28:30,063 - INFO - Auto-balance probe #1: weight_map={0: 100%} -> synced={0: 90%, 1: 10%} | cpu_weight=0 -> probe_cpu=0 | active_weights=[gpu[0]=90.0%, gpu[1]=10.0%, cpu[-1]=0.0%]
2026-06-09 11:28:30,079 - INFO - _wait_for_outcome: CRASHED after 0.0s (log=<MagicMock name='mock.get_server_log_path()' id='2359916855376'>)
2026-06-09 11:28:30,098 - INFO - Auto-balance probe #1: result=crashed (cpu_weight=0, synced_map={0: 90%, 1: 10%})
2026-06-09 11:28:30,114 - INFO - Auto-balance probe #2: weight_map={0: 90%, 1: 10%} -> synced={0: 90%, 1: 10%} | cpu_weight=0 -> probe_cpu=0 | active_weights=[gpu[0]=90.0%, gpu[1]=10.0%, cpu[-1]=0.0%]
2026-06-09 11:28:30,133 - INFO - _wait_for_outcome: CRASHED after 0.0s (log=<MagicMock name='mock.get_server_log_path()' id='2359916855376'>)
2026-06-09 11:28:30,154 - INFO - Auto-balance probe #2: result=crashed (cpu_weight=0, synced_map={0: 90%, 1: 10%})
2026-06-09 11:28:30,173 - INFO - Auto-balance probe #4: weight_map={0: 90%, 1: 10%} -> synced={0: 90%, 1: 10%} | cpu_weight=0 -> probe_cpu=0 | active_weights=[gpu[0]=90.0%, gpu[1]=10.0%]
2026-06-09 11:28:30,193 - INFO - _wait_for_outcome: CRASHED after 0.0s (log=<MagicMock name='mock.get_server_log_path()' id='2359916855376'>)
2026-06-09 11:28:30,213 - INFO - Auto-balance probe #4: result=crashed (cpu_weight=0, synced_map={0: 90%, 1: 10%})
2026-06-09 11:28:30,229 - INFO - Auto-balance GPU 0: weight=90% vram=0.0%
2026-06-09 11:28:30,249 - INFO - Auto-balance probe #6: weight_map={0: 90%, 1: 10%} -> synced={0: 90%, 1: 10%} | cpu_weight=0 -> probe_cpu=0 | active_weights=[gpu[0]=90.0%, gpu[1]=10.0%]
2026-06-09 11:28:30,267 - INFO - _wait_for_outcome: CRASHED after 0.0s (log=<MagicMock name='mock.get_server_log_path()' id='2359916855376'>)
2026-06-09 11:28:30,283 - INFO - Auto-balance probe #6: result=crashed (cpu_weight=0, synced_map={0: 90%, 1: 10%})
2026-06-09 11:28:30,301 - INFO - Auto-balance GPU 1: weight=10% vram=0.0%
2026-06-09 11:28:30,322 - INFO - Auto-balance probe #8: weight_map={0: 90%, 1: 10%} -> synced={0: 90%, 1: 10%} | cpu_weight=0 -> probe_cpu=0 | active_weights=[gpu[0]=90.0%, gpu[1]=10.0%]
2026-06-09 11:28:30,341 - INFO - _wait_for_outcome: CRASHED after 0.0s (log=<MagicMock name='mock.get_server_log_path()' id='2359916855376'>)
2026-06-09 11:28:30,359 - INFO - Auto-balance probe #8: result=crashed (cpu_weight=0, synced_map={0: 90%, 1: 10%})
2026-06-09 11:28:30,378 - INFO - Auto-balance probe #9: weight_map={0: 90%, 1: 10%} -> synced={0: 90%, 1: 10%} | cpu_weight=0 -> probe_cpu=0 | active_weights=[gpu[0]=90.0%, gpu[1]=10.0%, cpu[-1]=0.0%]
2026-06-09 11:28:30,396 - INFO - _wait_for_outcome: CRASHED after 0.0s (log=<MagicMock name='mock.get_server_log_path()' id='2359916855376'>)
2026-06-09 11:28:30,416 - INFO - Auto-balance probe #9: result=crashed (cpu_weight=0, synced_map={0: 90%, 1: 10%})
2026-06-09 11:28:30,432 - INFO - Auto-balance probe #10: weight_map={0: 80%, 1: 10%} -> synced={0: 80%, 1: 10%} | cpu_weight=10 -> probe_cpu=10 | active_weights=[gpu[0]=80.0%, gpu[1]=10.0%, cpu[-1]=10.0%]
2026-06-09 11:28:30,451 - INFO - _wait_for_outcome: CRASHED after 0.0s (log=<MagicMock name='mock.get_server_log_path()' id='2359916855376'>)
2026-06-09 11:28:30,467 - INFO - Auto-balance probe #10: result=crashed (cpu_weight=10, synced_map={0: 80%, 1: 10%})
2026-06-09 11:28:30,489 - INFO - Auto-balance probe #11: weight_map={0: 70%, 1: 10%} -> synced={0: 70%, 1: 10%} | cpu_weight=20 -> probe_cpu=20 | active_weights=[gpu[0]=70.0%, gpu[1]=10.0%, cpu[-1]=20.0%]
2026-06-09 11:28:30,510 - INFO - _wait_for_outcome: CRASHED after 0.0s (log=<MagicMock name='mock.get_server_log_path()' id='2359916855376'>)
2026-06-09 11:28:30,528 - INFO - Auto-balance probe #11: result=crashed (cpu_weight=20, synced_map={0: 70%, 1: 10%})
2026-06-09 11:28:30,545 - INFO - Auto-balance probe #12: weight_map={0: 60%, 1: 10%} -> synced={0: 60%, 1: 10%} | cpu_weight=30 -> probe_cpu=30 | active_weights=[gpu[0]=60.0%, gpu[1]=10.0%, cpu[-1]=30.0%]
2026-06-09 11:28:30,563 - INFO - _wait_for_outcome: CRASHED after 0.0s (log=<MagicMock name='mock.get_server_log_path()' id='2359916855376'>)
2026-06-09 11:28:30,582 - INFO - Auto-balance probe #12: result=crashed (cpu_weight=30, synced_map={0: 60%, 1: 10%})
2026-06-09 11:28:30,601 - INFO - Auto-balance probe #13: weight_map={0: 50%, 1: 10%} -> synced={0: 50%, 1: 10%} | cpu_weight=40 -> probe_cpu=40 | active_weights=[gpu[0]=50.0%, gpu[1]=10.0%, cpu[-1]=40.0%]
2026-06-09 11:28:30,617 - INFO - _wait_for_outcome: CRASHED after 0.0s (log=<MagicMock name='mock.get_server_log_path()' id='2359916855376'>)
2026-06-09 11:28:30,636 - INFO - Auto-balance probe #13: result=crashed (cpu_weight=40, synced_map={0: 50%, 1: 10%})
2026-06-09 11:28:30,656 - INFO - Auto-balance probe #14: weight_map={0: 40%, 1: 10%} -> synced={0: 40%, 1: 10%} | cpu_weight=50 -> probe_cpu=50 | active_weights=[gpu[0]=40.0%, gpu[1]=10.0%, cpu[-1]=50.0%]
2026-06-09 11:28:30,675 - INFO - _wait_for_outcome: CRASHED after 0.0s (log=<MagicMock name='mock.get_server_log_path()' id='2359916855376'>)
2026-06-09 11:28:30,693 - INFO - Auto-balance probe #14: result=crashed (cpu_weight=50, synced_map={0: 40%, 1: 10%})
2026-06-09 11:28:30,711 - INFO - Auto-balance probe #15: weight_map={0: 30%, 1: 10%} -> synced={0: 30%, 1: 10%} | cpu_weight=60 -> probe_cpu=60 | active_weights=[gpu[0]=30.0%, gpu[1]=10.0%, cpu[-1]=60.0%]
2026-06-09 11:28:30,728 - INFO - _wait_for_outcome: CRASHED after 0.0s (log=<MagicMock name='mock.get_server_log_path()' id='2359916855376'>)
2026-06-09 11:28:30,746 - INFO - Auto-balance probe #15: result=crashed (cpu_weight=60, synced_map={0: 30%, 1: 10%})
2026-06-09 11:28:30,765 - INFO - Auto-balance probe #16: weight_map={0: 20%, 1: 10%} -> synced={0: 20%, 1: 10%} | cpu_weight=70 -> probe_cpu=70 | active_weights=[gpu[0]=20.0%, gpu[1]=10.0%, cpu[-1]=70.0%]
2026-06-09 11:28:30,782 - INFO - _wait_for_outcome: CRASHED after 0.0s (log=<MagicMock name='mock.get_server_log_path()' id='2359916855376'>)
2026-06-09 11:28:30,802 - INFO - Auto-balance probe #16: result=crashed (cpu_weight=70, synced_map={0: 20%, 1: 10%})
2026-06-09 11:28:30,821 - INFO - Auto-balance probe #17: weight_map={0: 10%, 1: 10%} -> synced={0: 10%, 1: 10%} | cpu_weight=80 -> probe_cpu=80 | active_weights=[gpu[0]=10.0%, gpu[1]=10.0%, cpu[-1]=80.0%]
2026-06-09 11:28:30,838 - INFO - _wait_for_outcome: CRASHED after 0.0s (log=<MagicMock name='mock.get_server_log_path()' id='2359916855376'>)
2026-06-09 11:28:30,856 - INFO - Auto-balance probe #17: result=crashed (cpu_weight=80, synced_map={0: 10%, 1: 10%})
2026-06-09 11:28:30,878 - INFO - === HARDWARE CAPACITY FAILURE ===
  reason=no_feasible_split
  model=test.gguf path=/models/test.gguf
  estimated_model_mb=?
  total_vram_mb=40000 total_vram_gb=39.06
  active_gpus=[0, 1]
  gpu_details=[{'index': 0, 'name': 'GPU0', 'vram_mb': 24000}, {'index': 1, 'name': 'GPU1', 'vram_mb': 16000}]
  context_size=4096 parallel_slots=1
  message=Não foi possível carregar "test.gguf" em nenhuma divisão testada entre as GPUs selecionadas. O modelo excede a capacidade do hardware atual (~39.1 GB de VRAM em 2 GPU(s)) com contexto 4096 e 1 slot(s).
2026-06-09 11:28:30,912 - INFO - === HARDWARE CAPACITY FAILURE ===
  reason=no_feasible_split
  model=test.gguf path=/models/test.gguf
  estimated_model_mb=?
  total_vram_mb=40000 total_vram_gb=39.06
  active_gpus=[0, 1]
  gpu_details=[{'index': 0, 'name': 'GPU0', 'vram_mb': 24000}, {'index': 1, 'name': 'GPU1', 'vram_mb': 16000}]
  context_size=4096 parallel_slots=1
  message=Não foi possível carregar "test.gguf" em nenhuma divisão testada entre as GPUs selecionadas. O modelo excede a capacidade do hardware atual (~39.1 GB de VRAM em 2 GPU(s)) com contexto 4096 e 1 slot(s).
2026-06-09 11:28:30,992 - INFO - Auto-balance probe #1: weight_map={0: 100%} -> synced={0: 90%, 1: 10%} | cpu_weight=0 -> probe_cpu=0 | active_weights=[gpu[0]=90.0%, gpu[1]=10.0%]
2026-06-09 11:28:30,999 - INFO - _wait_for_outcome: CRASHED after 0.0s (log=<MagicMock name='mock.get_server_log_path()' id='2359916601936'>)
2026-06-09 11:28:31,020 - INFO - Auto-balance probe #1: result=crashed (cpu_weight=0, synced_map={0: 90%, 1: 10%})
2026-06-09 11:28:31,038 - INFO - Auto-balance probe #2: weight_map={0: 90%, 1: 10%} -> synced={0: 90%, 1: 10%} | cpu_weight=0 -> probe_cpu=0 | active_weights=[gpu[0]=90.0%, gpu[1]=10.0%]
2026-06-09 11:28:31,058 - INFO - _wait_for_outcome: CRASHED after 0.0s (log=<MagicMock name='mock.get_server_log_path()' id='2359916601936'>)
2026-06-09 11:28:31,079 - INFO - Auto-balance probe #2: result=crashed (cpu_weight=0, synced_map={0: 90%, 1: 10%})
2026-06-09 11:28:31,102 - INFO - Auto-balance probe #4: weight_map={0: 90%, 1: 10%} -> synced={0: 90%, 1: 10%} | cpu_weight=0 -> probe_cpu=0 | active_weights=[gpu[0]=90.0%, gpu[1]=10.0%]
2026-06-09 11:28:31,124 - INFO - _wait_for_outcome: CRASHED after 0.0s (log=<MagicMock name='mock.get_server_log_path()' id='2359916601936'>)
2026-06-09 11:28:31,143 - INFO - Auto-balance probe #4: result=crashed (cpu_weight=0, synced_map={0: 90%, 1: 10%})
2026-06-09 11:28:31,161 - INFO - Auto-balance GPU 0: weight=90% vram=0.0%
2026-06-09 11:28:31,179 - INFO - Auto-balance probe #6: weight_map={0: 90%, 1: 10%} -> synced={0: 90%, 1: 10%} | cpu_weight=0 -> probe_cpu=0 | active_weights=[gpu[0]=90.0%, gpu[1]=10.0%]
2026-06-09 11:28:31,203 - INFO - _wait_for_outcome: CRASHED after 0.0s (log=<MagicMock name='mock.get_server_log_path()' id='2359916601936'>)
2026-06-09 11:28:31,240 - INFO - Auto-balance probe #6: result=crashed (cpu_weight=0, synced_map={0: 90%, 1: 10%})
2026-06-09 11:28:31,257 - INFO - Auto-balance GPU 1: weight=10% vram=0.0%
2026-06-09 11:28:31,277 - INFO - Auto-balance probe #8: weight_map={0: 90%, 1: 10%} -> synced={0: 90%, 1: 10%} | cpu_weight=0 -> probe_cpu=0 | active_weights=[gpu[0]=90.0%, gpu[1]=10.0%]
2026-06-09 11:28:31,295 - INFO - _wait_for_outcome: CRASHED after 0.0s (log=<MagicMock name='mock.get_server_log_path()' id='2359916601936'>)
2026-06-09 11:28:31,314 - INFO - Auto-balance probe #8: result=crashed (cpu_weight=0, synced_map={0: 90%, 1: 10%})
2026-06-09 11:28:31,333 - INFO - === HARDWARE CAPACITY FAILURE ===
  reason=no_feasible_split
  model=test.gguf path=/models/test.gguf
  estimated_model_mb=?
  total_vram_mb=40000 total_vram_gb=39.06
  active_gpus=[0, 1]
  gpu_details=[{'index': 0, 'name': 'GPU0', 'vram_mb': 24000}, {'index': 1, 'name': 'GPU1', 'vram_mb': 16000}]
  context_size=4096 parallel_slots=1
  message=Não foi possível carregar "test.gguf" em nenhuma divisão testada entre as GPUs selecionadas. O modelo excede a capacidade do hardware atual (~39.1 GB de VRAM em 2 GPU(s)) com contexto 4096 e 1 slot(s).
2026-06-09 11:28:31,368 - INFO - === HARDWARE CAPACITY FAILURE ===
  reason=no_feasible_split
  model=test.gguf path=/models/test.gguf
  estimated_model_mb=?
  total_vram_mb=40000 total_vram_gb=39.06
  active_gpus=[0, 1]
  gpu_details=[{'index': 0, 'name': 'GPU0', 'vram_mb': 24000}, {'index': 1, 'name': 'GPU1', 'vram_mb': 16000}]
  context_size=4096 parallel_slots=1
  message=Não foi possível carregar "test.gguf" em nenhuma divisão testada entre as GPUs selecionadas. O modelo excede a capacidade do hardware atual (~39.1 GB de VRAM em 2 GPU(s)) com contexto 4096 e 1 slot(s).
2026-06-09 11:28:31,578 - INFO - START: /usr/bin/llama-server -m /fake/model.gguf -ngl 22 --flash-attn on --host 0.0.0.0 --port 8085 --tools all --parallel 1 --ctx-size 8192 --batch-size 2048 --mlock --main-gpu 0 --split-mode layer --tensor-split 1.0 --api-key sk-test --mmproj-auto --jinja --reasoning on --chat-template-kwargs {"enable_thinking":true} (CUDA_VISIBLE_DEVICES=0, ctx_per_slot=8192, server_ctx=8192, batch_size=2048, thinking_enabled=True, mtp_enabled=False, mtp_draft_tokens=3, mtp_applied=False, gpu_pct=70.0, cpu_pct=30.0, n_gpu_layers=22, n_cpu_layers=10)
2026-06-09 11:28:31,593 - INFO - START: /usr/bin/llama-server -m /fake/model.gguf -ngl 6 --flash-attn on --host 0.0.0.0 --port 8085 --tools all --parallel 1 --ctx-size 8192 --batch-size 2048 --mlock --main-gpu 0 --split-mode layer --tensor-split 1.0 --api-key sk-test --mmproj-auto --jinja --reasoning on --chat-template-kwargs {"enable_thinking":true} (CUDA_VISIBLE_DEVICES=0, ctx_per_slot=8192, server_ctx=8192, batch_size=2048, thinking_enabled=True, mtp_enabled=False, mtp_draft_tokens=3, mtp_applied=False, gpu_pct=20.0, cpu_pct=80.0, n_gpu_layers=6, n_cpu_layers=26)
2026-06-09 11:28:31,637 - INFO - START: /usr/bin/llama-server -m /fake/model.gguf -ngl 999 --flash-attn on --host 0.0.0.0 --port 8085 --tools all --parallel 1 --ctx-size 8192 --batch-size 2048 --mlock --main-gpu 0 --split-mode layer --tensor-split 1.0 --api-key sk-test --mmproj-auto --jinja --reasoning on --chat-template-kwargs {"enable_thinking":true} (CUDA_VISIBLE_DEVICES=0, ctx_per_slot=8192, server_ctx=8192, batch_size=2048, thinking_enabled=True, mtp_enabled=False, mtp_draft_tokens=3, mtp_applied=False, gpu_pct=100.0, cpu_pct=0, n_gpu_layers=999, n_cpu_layers=0)
2026-06-09 11:28:31,669 - INFO - START: /usr/bin/llama-server -m /fake/model.gguf -ngl 22 --flash-attn on --host 0.0.0.0 --port 8085 --tools all --parallel 1 --ctx-size 8192 --batch-size 2048 --mlock --main-gpu 0 --split-mode layer --tensor-split 1.0 --api-key sk-test --mmproj-auto --jinja --reasoning on --chat-template-kwargs {"enable_thinking":true} (CUDA_VISIBLE_DEVICES=0, ctx_per_slot=8192, server_ctx=8192, batch_size=2048, thinking_enabled=True, mtp_enabled=False, mtp_draft_tokens=3, mtp_applied=False, gpu_pct=70.0, cpu_pct=30.0, n_gpu_layers=22, n_cpu_layers=10)
2026-06-09 11:28:32,156 - WARNING - llama-server nao encontrado automaticamente; configure LLAMA_SERVER_BIN ou paths.json (llama_server_bin)
2026-06-09 11:28:32,182 - ERROR - GPU detection error: Command 'nvidia-smi' returned non-zero exit status 1.
2026-06-09 11:28:32,227 - ERROR - GPU metrics error: Command 'nvidia-smi' returned non-zero exit status 1.
2026-06-09 11:28:32,247 - ERROR - System metrics error: ram metrics unavailable
2026-06-09 11:28:32,273 - ERROR - GPU metrics error: Command 'nvidia-smi' returned non-zero exit status 1.
2026-06-09 11:28:33,122 - ERROR - GPU metrics error: Command 'nvidia-smi' returned non-zero exit status 1.
2026-06-09 11:28:33,127 - ERROR - System metrics error: ram down
2026-06-09 11:28:33,162 - ERROR - GPU metrics error: Command 'nvidia-smi' returned non-zero exit status 1.
2026-06-09 11:28:33,282 - INFO - MTP requested but model has no MTP head, skipping flags
2026-06-09 11:28:33,404 - WARNING - llama-server nao encontrado automaticamente; configure LLAMA_SERVER_BIN ou paths.json (llama_server_bin)
2026-06-09 11:28:33,441 - WARNING - Could not detect MTP for /fake/model.gguf: boom
1969-12-31 21:16:40,000 - WARNING - OOM detected! Consecutive: 1
1969-12-31 21:16:45,000 - WARNING - OOM detected! Consecutive: 2
1969-12-31 21:16:40,000 - WARNING - OOM detected! Consecutive: 1
1969-12-31 21:17:11,000 - WARNING - OOM detected! Consecutive: 1
1969-12-31 21:16:40,000 - WARNING - OOM detected! Consecutive: 1
1969-12-31 21:16:45,000 - WARNING - OOM detected! Consecutive: 3
2026-06-09 11:28:33,718 - WARNING - Could not detect model layers for /fake/model.gguf: not found
2026-06-09 11:28:33,762 - INFO - START: /usr/bin/llama-server -m /fake/model.gguf -ngl 999 --flash-attn on --host 0.0.0.0 --port 8085 --tools all --parallel 1 --ctx-size 8192 --batch-size 2048 --mlock --main-gpu 0 --split-mode layer --tensor-split 1.0 --api-key test-token --mmproj-auto --jinja --reasoning on --chat-template-kwargs {"enable_thinking":true} (CUDA_VISIBLE_DEVICES=0, ctx_per_slot=8192, server_ctx=8192, batch_size=2048, thinking_enabled=True, mtp_enabled=False, mtp_draft_tokens=3, mtp_applied=False, gpu_pct=100.0, cpu_pct=0, n_gpu_layers=999, n_cpu_layers=0)
2026-06-09 11:28:33,788 - INFO - START: /usr/bin/llama-server -m /fake/model.gguf -ngl 22 --flash-attn on --host 0.0.0.0 --port 8085 --tools all --parallel 1 --ctx-size 8192 --batch-size 2048 --mlock --main-gpu 0 --split-mode layer --tensor-split 1.0 --api-key test-token --mmproj-auto --jinja --reasoning on --chat-template-kwargs {"enable_thinking":true} (CUDA_VISIBLE_DEVICES=0, ctx_per_slot=8192, server_ctx=8192, batch_size=2048, thinking_enabled=True, mtp_enabled=False, mtp_draft_tokens=3, mtp_applied=False, gpu_pct=70.0, cpu_pct=30.0, n_gpu_layers=22, n_cpu_layers=10)
2026-06-09 11:28:33,816 - INFO - START: /usr/bin/llama-server -m /fake/model.gguf -ngl 0 --flash-attn on --host 0.0.0.0 --port 8085 --tools all --parallel 1 --ctx-size 8192 --batch-size 2048 --mlock --main-gpu 0 --split-mode layer --tensor-split 1.0 --api-key test-token --mmproj-auto --jinja --reasoning on --chat-template-kwargs {"enable_thinking":true} (CUDA_VISIBLE_DEVICES=0, ctx_per_slot=8192, server_ctx=8192, batch_size=2048, thinking_enabled=True, mtp_enabled=False, mtp_draft_tokens=3, mtp_applied=False, gpu_pct=0, cpu_pct=0, n_gpu_layers=0, n_cpu_layers=32)
2026-06-09 11:28:33,843 - INFO - START: /usr/bin/llama-server -m /fake/model.gguf -ngl 999 --flash-attn on --host 0.0.0.0 --port 8085 --tools all --parallel 1 --ctx-size 8192 --batch-size 2048 --mlock --main-gpu 0 --split-mode layer --tensor-split 1.0 --api-key test-token --mmproj-auto --jinja --reasoning on --chat-template-kwargs {"enable_thinking":true} (CUDA_VISIBLE_DEVICES=0, ctx_per_slot=8192, server_ctx=8192, batch_size=2048, thinking_enabled=True, mtp_enabled=False, mtp_draft_tokens=3, mtp_applied=False, gpu_pct=100.0, cpu_pct=0, n_gpu_layers=999, n_cpu_layers=0)
2026-06-09 11:28:33,872 - INFO - START: /usr/bin/llama-server -m /fake/model.gguf -ngl 999 --flash-attn on --host 0.0.0.0 --port 8085 --tools all --parallel 1 --ctx-size 8192 --batch-size 2048 --mlock --main-gpu 0 --split-mode layer --tensor-split 1.0 --api-key test-token --mmproj-auto --jinja --reasoning on --chat-template-kwargs {"enable_thinking":true} (CUDA_VISIBLE_DEVICES=0, ctx_per_slot=8192, server_ctx=8192, batch_size=2048, thinking_enabled=True, mtp_enabled=False, mtp_draft_tokens=3, mtp_applied=False, gpu_pct=100.0, cpu_pct=0, n_gpu_layers=999, n_cpu_layers=0)
2026-06-09 11:28:33,902 - INFO - START: /usr/bin/llama-server -m /fake/model.gguf -ngl 56 --flash-attn on --host 0.0.0.0 --port 8085 --tools all --parallel 1 --ctx-size 8192 --batch-size 2048 --mlock --main-gpu 0 --split-mode layer --tensor-split 1.0 --api-key test-token --mmproj-auto --jinja --reasoning on --chat-template-kwargs {"enable_thinking":true} (CUDA_VISIBLE_DEVICES=0, ctx_per_slot=8192, server_ctx=8192, batch_size=2048, thinking_enabled=True, mtp_enabled=False, mtp_draft_tokens=3, mtp_applied=False, gpu_pct=70.0, cpu_pct=30.0, n_gpu_layers=56, n_cpu_layers=24)
2026-06-09 11:28:33,933 - INFO - START: /usr/bin/llama-server -m /fake/model.gguf -ngl 999 --flash-attn on --host 0.0.0.0 --port 8085 --tools all --parallel 1 --ctx-size 8192 --batch-size 2048 --mlock --main-gpu 0 --split-mode layer --tensor-split 1.0 --api-key test-token --mmproj-auto --jinja --reasoning on --chat-template-kwargs {"enable_thinking":true} (CUDA_VISIBLE_DEVICES=0, ctx_per_slot=8192, server_ctx=8192, batch_size=2048, thinking_enabled=True, mtp_enabled=False, mtp_draft_tokens=3, mtp_applied=False, gpu_pct=200.0, cpu_pct=0, n_gpu_layers=999, n_cpu_layers=0)
2026-06-09 11:28:33,961 - INFO - START: /usr/bin/llama-server -m /fake/model.gguf -ngl 999 --flash-attn on --host 0.0.0.0 --port 8085 --tools all --parallel 1 --ctx-size 8192 --batch-size 2048 --mlock --main-gpu 0 --split-mode layer --tensor-split 1.0 --api-key test-token --mmproj-auto --jinja --reasoning on --chat-template-kwargs {"enable_thinking":true} (CUDA_VISIBLE_DEVICES=0, ctx_per_slot=8192, server_ctx=8192, batch_size=2048, thinking_enabled=True, mtp_enabled=False, mtp_draft_tokens=3, mtp_applied=False, gpu_pct=100.0, cpu_pct=0, n_gpu_layers=999, n_cpu_layers=0)
2026-06-09 11:28:33,990 - INFO - START: /usr/bin/llama-server -m /fake/model.gguf -ngl 0 --flash-attn on --host 0.0.0.0 --port 8085 --tools all --parallel 1 --ctx-size 8192 --batch-size 2048 --mlock --main-gpu 0 --split-mode layer --tensor-split 1.0 --api-key test-token --mmproj-auto --jinja --reasoning on --chat-template-kwargs {"enable_thinking":true} (CUDA_VISIBLE_DEVICES=0, ctx_per_slot=8192, server_ctx=8192, batch_size=2048, thinking_enabled=True, mtp_enabled=False, mtp_draft_tokens=3, mtp_applied=False, gpu_pct=0, cpu_pct=0, n_gpu_layers=0, n_cpu_layers=32)
2026-06-09 11:28:34,177 - INFO - Verificacao de versao iniciada em /tmp/automanager-test
2026-06-09 11:28:34,183 - WARNING - Diretorio nao e um repositorio git: /tmp/automanager-test
2026-06-09 11:28:34,211 - INFO - Verificacao de versao iniciada em /tmp/automanager-test
2026-06-09 11:28:34,228 - INFO - Versao atualizada (branch=main, ref=aaa1111)
2026-06-09 11:28:34,258 - INFO - Verificacao de versao iniciada em /tmp/automanager-test
2026-06-09 11:28:34,274 - INFO - Atualizacao disponivel (branch=main, ahead=2, aaa1111 -> ddd4444)
2026-06-09 11:28:34,298 - INFO - Verificacao de versao iniciada em /tmp/automanager-test
2026-06-09 11:28:34,312 - WARNING - git fetch falhou (branch=main): fatal: could not read from remote
2026-06-09 11:28:34,345 - INFO - Verificacao de versao iniciada em /tmp/automanager-test
2026-06-09 11:28:34,364 - WARNING - git fetch expirou apos 30s (branch=main)
2026-06-09 11:28:34,389 - INFO - Verificacao de versao iniciada em /tmp/automanager-test
2026-06-09 11:28:34,408 - INFO - Versao atualizada (branch=feature/foo, ref=1111111)
2026-06-09 11:28:34,433 - INFO - Verificacao de versao iniciada em /tmp/automanager-test
2026-06-09 11:28:34,449 - INFO - Atualizacao disponivel (branch=main, ahead=12, local00 -> remote0)
2026-06-09 11:33:01,428 - INFO - estimate_model_vram_mb [DISK] model=C:\Users\s293\AppData\Local\Temp\pytest-of-s293\pytest-245\test_estimate_model_vram_uses_0\qwen-49b.gguf disk_mb=100 runtime_overhead_mb=256 weights_mb=356 kv_cache_mb=6553 total_mb=6909
2026-06-09 11:33:01,445 - INFO - estimate_model_vram_mb [DISK] model=C:\Users\s293\AppData\Local\Temp\pytest-of-s293\pytest-245\test_estimate_model_vram_uses_0\qwen-49b.gguf disk_mb=100 runtime_overhead_mb=256 weights_mb=356 kv_cache_mb=6553 total_mb=6909
2026-06-09 11:33:01,528 - INFO - === HARDWARE CAPACITY FAILURE ===
  reason=no_feasible_split
  model=huge-model.gguf path=/models/huge-model.gguf
  estimated_model_mb=?
  total_vram_mb=24576 total_vram_gb=24.00
  active_gpus=[0]
  gpu_details=[{'index': 0, 'name': 'RTX 3090', 'vram_mb': 24576}]
  context_size=32768 parallel_slots=2
  message=Não foi possível carregar "huge-model.gguf" em nenhuma divisão testada entre as GPUs selecionadas. O modelo excede a capacidade do hardware atual (~24.0 GB de VRAM em 1 GPU(s)) com contexto 32768 e 2 slot(s).
2026-06-09 11:33:01,572 - INFO - === HARDWARE CAPACITY FAILURE ===
  reason=no_feasible_split
  model=huge-model.gguf path=/models/huge-model.gguf
  estimated_model_mb=?
  total_vram_mb=24576 total_vram_gb=24.00
  active_gpus=[0]
  gpu_details=[{'index': 0, 'name': 'RTX 3090', 'vram_mb': 24576}]
  context_size=32768 parallel_slots=2
  message=Não foi possível carregar "huge-model.gguf" em nenhuma divisão testada entre as GPUs selecionadas. O modelo excede a capacidade do hardware atual (~24.0 GB de VRAM em 1 GPU(s)) com contexto 32768 e 2 slot(s).
2026-06-09 11:33:01,606 - WARNING - OOM detected! Consecutive: 1
2026-06-09 11:33:01,874 - INFO - Auto-balance probe #1: weight_map={0: 100%} -> synced={0: 100%} | cpu_weight=10 -> probe_cpu=0 | active_weights=[gpu[0]=100.0%, cpu[-1]=0.0%]
2026-06-09 11:33:01,889 - INFO - Auto-balance probe #1: result=ready (cpu_weight=0, synced_map={0: 100%})
2026-06-09 11:33:02,153 - INFO - Session expired due to inactivity
2026-06-09 11:33:02,412 - INFO - START: /usr/bin/llama-server -m /fake/model.gguf -ngl 999 --flash-attn on --host 0.0.0.0 --port 8085 --tools all --parallel 1 --ctx-size 8192 --batch-size 2048 --mlock --main-gpu 0 --split-mode layer --tensor-split 1.0000 --api-key sk-test --mmproj-auto --jinja --reasoning on --chat-template-kwargs {"enable_thinking":true} (CUDA_VISIBLE_DEVICES=0, ctx_per_slot=8192, server_ctx=8192, batch_size=2048, thinking_enabled=True, mtp_enabled=False, mtp_draft_tokens=3, mtp_applied=False, gpu_pct=100.0, cpu_pct=0, n_gpu_layers=999, n_cpu_layers=0)
2026-06-09 11:33:02,437 - INFO - START: /usr/bin/llama-server -m /fake/model.gguf -ngl 999 --flash-attn on --host 0.0.0.0 --port 8085 --tools all --parallel 1 --ctx-size 8192 --batch-size 2048 --mlock --main-gpu 0 --split-mode layer --tensor-split 0.5000,0.5000 --api-key sk-test --mmproj-auto --jinja --reasoning on --chat-template-kwargs {"enable_thinking":true} (CUDA_VISIBLE_DEVICES=0,1, ctx_per_slot=8192, server_ctx=8192, batch_size=2048, thinking_enabled=True, mtp_enabled=False, mtp_draft_tokens=3, mtp_applied=False, gpu_pct=100.0, cpu_pct=0, n_gpu_layers=999, n_cpu_layers=0)
2026-06-09 11:33:02,457 - INFO - START: /usr/bin/llama-server -m /fake/model.gguf -ngl 999 --flash-attn on --host 0.0.0.0 --port 8085 --tools all --parallel 1 --ctx-size 8192 --batch-size 2048 --mlock --main-gpu 0 --split-mode layer --tensor-split 1.0000 --api-key sk-test --mmproj-auto --jinja --reasoning on --chat-template-kwargs {"enable_thinking":true} (CUDA_VISIBLE_DEVICES=0, ctx_per_slot=8192, server_ctx=8192, batch_size=2048, thinking_enabled=True, mtp_enabled=False, mtp_draft_tokens=3, mtp_applied=False, gpu_pct=100.0, cpu_pct=0, n_gpu_layers=999, n_cpu_layers=0)
2026-06-09 11:33:02,501 - INFO - START: /usr/bin/llama-server -m /fake/model.gguf -ngl 22 --flash-attn on --host 0.0.0.0 --port 8085 --tools all --parallel 1 --ctx-size 8192 --batch-size 2048 --mlock --main-gpu 0 --split-mode layer --tensor-split 1.0000 --api-key sk-test --mmproj-auto --jinja --reasoning on --chat-template-kwargs {"enable_thinking":true} (CUDA_VISIBLE_DEVICES=0, ctx_per_slot=8192, server_ctx=8192, batch_size=2048, thinking_enabled=True, mtp_enabled=False, mtp_draft_tokens=3, mtp_applied=False, gpu_pct=70.0, cpu_pct=30.0, n_gpu_layers=22, n_cpu_layers=10)
2026-06-09 11:33:02,535 - ERROR - GPU metrics error: not enough values to unpack (expected 2, got 0)
2026-06-09 11:33:02,660 - INFO - START: /usr/bin/llama-server -m /fake/model.gguf -ngl 999 --flash-attn on --host 0.0.0.0 --port 8085 --tools all --parallel 1 --ctx-size 8192 --batch-size 2048 --mlock --main-gpu 0 --split-mode layer --tensor-split 1.0000 --api-key sk-test --mmproj-auto --jinja --reasoning on --chat-template-kwargs {"enable_thinking":true} (CUDA_VISIBLE_DEVICES=0, ctx_per_slot=8192, server_ctx=8192, batch_size=2048, thinking_enabled=True, mtp_enabled=False, mtp_draft_tokens=3, mtp_applied=False, gpu_pct=70.0, cpu_pct=0.0, n_gpu_layers=999, n_cpu_layers=0)
2026-06-09 11:33:02,687 - INFO - START: /usr/bin/llama-server -m /fake/model.gguf -ngl 22 --flash-attn on --host 0.0.0.0 --port 8085 --tools all --parallel 1 --ctx-size 8192 --batch-size 2048 --mlock --main-gpu 0 --split-mode layer --tensor-split 1.0000 --api-key sk-test --mmproj-auto --jinja --reasoning on --chat-template-kwargs {"enable_thinking":true} (CUDA_VISIBLE_DEVICES=0, ctx_per_slot=8192, server_ctx=8192, batch_size=2048, thinking_enabled=True, mtp_enabled=False, mtp_draft_tokens=3, mtp_applied=False, gpu_pct=70.0, cpu_pct=30.0, n_gpu_layers=22, n_cpu_layers=10)
2026-06-09 11:33:02,704 - ERROR - GPU metrics error: not enough values to unpack (expected 2, got 0)
2026-06-09 11:33:02,825 - INFO - START: /usr/bin/llama-server -m /fake/model.gguf -ngl 999 --flash-attn on --host 0.0.0.0 --port 8085 --tools all --parallel 1 --ctx-size 8192 --batch-size 2048 --mlock --main-gpu 0 --split-mode layer --tensor-split 1.0000 --api-key sk-test --mmproj-auto --jinja --reasoning on --chat-template-kwargs {"enable_thinking":true} (CUDA_VISIBLE_DEVICES=0, ctx_per_slot=8192, server_ctx=8192, batch_size=2048, thinking_enabled=True, mtp_enabled=False, mtp_draft_tokens=3, mtp_applied=False, gpu_pct=70.0, cpu_pct=0.0, n_gpu_layers=999, n_cpu_layers=0)
2026-06-09 11:33:02,895 - INFO - START: /usr/bin/llama-server -m /fake/model.gguf -ngl 70 --flash-attn on --host 0.0.0.0 --port 8085 --tools all --parallel 1 --ctx-size 8192 --batch-size 2048 --mlock --main-gpu 0 --split-mode layer --tensor-split 0.7143,0.2857 --api-key sk-test --mmproj-auto --jinja --reasoning on --chat-template-kwargs {"enable_thinking":true} (CUDA_VISIBLE_DEVICES=0,1, ctx_per_slot=8192, server_ctx=8192, batch_size=2048, thinking_enabled=True, mtp_enabled=False, mtp_draft_tokens=3, mtp_applied=False, gpu_pct=70.0, cpu_pct=30.0, n_gpu_layers=70, n_cpu_layers=30)
2026-06-09 11:33:02,918 - INFO - START: /usr/bin/llama-server -m /fake/model.gguf -ngl 999 --flash-attn on --host 0.0.0.0 --port 8085 --tools all --parallel 1 --ctx-size 8192 --batch-size 2048 --mlock --main-gpu 1 --split-mode layer --tensor-split 0.6000,0.4000 --api-key sk-test --mmproj-auto --jinja --reasoning on --chat-template-kwargs {"enable_thinking":true} (CUDA_VISIBLE_DEVICES=0,1, ctx_per_slot=8192, server_ctx=8192, batch_size=2048, thinking_enabled=True, mtp_enabled=False, mtp_draft_tokens=3, mtp_applied=False, gpu_pct=100.0, cpu_pct=0, n_gpu_layers=999, n_cpu_layers=0)
2026-06-09 11:33:06,946 - INFO - Auto-balance GPU 0: weight=90% vram=0.0%
2026-06-09 11:33:10,962 - INFO - Auto-balance GPU 1: weight=10% vram=0.0%
2026-06-09 11:33:10,969 - INFO - _vram_summary: weight_map={0: 90%, 1: 10%} -> summary=GPU0 VRAM 0%; GPU1 VRAM 0%
2026-06-09 11:33:10,986 - INFO - Auto-balance success: Balance otimizado (GPU0=90%, GPU1=10%). GPU0 VRAM 0%; GPU1 VRAM 0%
2026-06-09 11:33:15,884 - INFO - Auto-balance GPU 0: weight=100% vram=0.0%
2026-06-09 11:33:15,893 - INFO - _vram_summary: weight_map={0: 100%} -> summary=GPU0 VRAM 0%
2026-06-09 11:33:15,914 - INFO - Auto-balance success: Balance otimizado (GPU0=100%). GPU0 VRAM 0%
2026-06-09 11:33:20,079 - INFO - Auto-balance GPU 0: weight=90% vram=0.0%
2026-06-09 11:33:24,093 - INFO - Auto-balance GPU 1: weight=10% vram=0.0%
2026-06-09 11:33:24,108 - INFO - _vram_summary: weight_map={0: 90%, 1: 10%} -> summary=GPU0 VRAM 0%; GPU1 VRAM 0%
2026-06-09 11:33:24,124 - INFO - Auto-balance success: Balance otimizado (GPU0=90%, GPU1=10%). GPU0 VRAM 0%; GPU1 VRAM 0%
2026-06-09 11:33:24,235 - INFO - Auto-balance probe #1: weight_map={0: 100%} -> synced={0: 90%, 1: 10%} | cpu_weight=0 -> probe_cpu=0 | active_weights=[gpu[0]=90.0%, gpu[1]=10.0%, cpu[-1]=0.0%]
2026-06-09 11:33:24,249 - INFO - _wait_for_outcome: CRASHED after 0.0s (log=<MagicMock name='mock.get_server_log_path()' id='1588732443216'>)
2026-06-09 11:33:24,267 - INFO - Auto-balance probe #1: result=crashed (cpu_weight=0, synced_map={0: 90%, 1: 10%})
2026-06-09 11:33:24,285 - INFO - Auto-balance probe #2: weight_map={0: 90%, 1: 10%} -> synced={0: 90%, 1: 10%} | cpu_weight=0 -> probe_cpu=0 | active_weights=[gpu[0]=90.0%, gpu[1]=10.0%, cpu[-1]=0.0%]
2026-06-09 11:33:24,301 - INFO - _wait_for_outcome: CRASHED after 0.0s (log=<MagicMock name='mock.get_server_log_path()' id='1588732443216'>)
2026-06-09 11:33:24,320 - INFO - Auto-balance probe #2: result=crashed (cpu_weight=0, synced_map={0: 90%, 1: 10%})
2026-06-09 11:33:24,339 - INFO - Auto-balance probe #4: weight_map={0: 90%, 1: 10%} -> synced={0: 90%, 1: 10%} | cpu_weight=0 -> probe_cpu=0 | active_weights=[gpu[0]=90.0%, gpu[1]=10.0%]
2026-06-09 11:33:24,355 - INFO - _wait_for_outcome: CRASHED after 0.0s (log=<MagicMock name='mock.get_server_log_path()' id='1588732443216'>)
2026-06-09 11:33:24,375 - INFO - Auto-balance probe #4: result=crashed (cpu_weight=0, synced_map={0: 90%, 1: 10%})
2026-06-09 11:33:24,397 - INFO - Auto-balance GPU 0: weight=90% vram=0.0%
2026-06-09 11:33:24,414 - INFO - Auto-balance probe #6: weight_map={0: 90%, 1: 10%} -> synced={0: 90%, 1: 10%} | cpu_weight=0 -> probe_cpu=0 | active_weights=[gpu[0]=90.0%, gpu[1]=10.0%]
2026-06-09 11:33:24,432 - INFO - _wait_for_outcome: CRASHED after 0.0s (log=<MagicMock name='mock.get_server_log_path()' id='1588732443216'>)
2026-06-09 11:33:24,449 - INFO - Auto-balance probe #6: result=crashed (cpu_weight=0, synced_map={0: 90%, 1: 10%})
2026-06-09 11:33:24,468 - INFO - Auto-balance GPU 1: weight=10% vram=0.0%
2026-06-09 11:33:24,487 - INFO - Auto-balance probe #8: weight_map={0: 90%, 1: 10%} -> synced={0: 90%, 1: 10%} | cpu_weight=0 -> probe_cpu=0 | active_weights=[gpu[0]=90.0%, gpu[1]=10.0%]
2026-06-09 11:33:24,507 - INFO - _wait_for_outcome: CRASHED after 0.0s (log=<MagicMock name='mock.get_server_log_path()' id='1588732443216'>)
2026-06-09 11:33:24,525 - INFO - Auto-balance probe #8: result=crashed (cpu_weight=0, synced_map={0: 90%, 1: 10%})
2026-06-09 11:33:24,544 - INFO - Auto-balance probe #9: weight_map={0: 90%, 1: 10%} -> synced={0: 90%, 1: 10%} | cpu_weight=0 -> probe_cpu=0 | active_weights=[gpu[0]=90.0%, gpu[1]=10.0%, cpu[-1]=0.0%]
2026-06-09 11:33:24,563 - INFO - _wait_for_outcome: CRASHED after 0.0s (log=<MagicMock name='mock.get_server_log_path()' id='1588732443216'>)
2026-06-09 11:33:24,582 - INFO - Auto-balance probe #9: result=crashed (cpu_weight=0, synced_map={0: 90%, 1: 10%})
2026-06-09 11:33:24,602 - INFO - Auto-balance probe #10: weight_map={0: 80%, 1: 10%} -> synced={0: 80%, 1: 10%} | cpu_weight=10 -> probe_cpu=10 | active_weights=[gpu[0]=80.0%, gpu[1]=10.0%, cpu[-1]=10.0%]
2026-06-09 11:33:24,617 - INFO - _wait_for_outcome: CRASHED after 0.0s (log=<MagicMock name='mock.get_server_log_path()' id='1588732443216'>)
2026-06-09 11:33:24,639 - INFO - Auto-balance probe #10: result=crashed (cpu_weight=10, synced_map={0: 80%, 1: 10%})
2026-06-09 11:33:24,656 - INFO - Auto-balance probe #11: weight_map={0: 70%, 1: 10%} -> synced={0: 70%, 1: 10%} | cpu_weight=20 -> probe_cpu=20 | active_weights=[gpu[0]=70.0%, gpu[1]=10.0%, cpu[-1]=20.0%]
2026-06-09 11:33:24,678 - INFO - _wait_for_outcome: CRASHED after 0.0s (log=<MagicMock name='mock.get_server_log_path()' id='1588732443216'>)
2026-06-09 11:33:24,698 - INFO - Auto-balance probe #11: result=crashed (cpu_weight=20, synced_map={0: 70%, 1: 10%})
2026-06-09 11:33:24,715 - INFO - Auto-balance probe #12: weight_map={0: 60%, 1: 10%} -> synced={0: 60%, 1: 10%} | cpu_weight=30 -> probe_cpu=30 | active_weights=[gpu[0]=60.0%, gpu[1]=10.0%, cpu[-1]=30.0%]
2026-06-09 11:33:24,732 - INFO - _wait_for_outcome: CRASHED after 0.0s (log=<MagicMock name='mock.get_server_log_path()' id='1588732443216'>)
2026-06-09 11:33:24,750 - INFO - Auto-balance probe #12: result=crashed (cpu_weight=30, synced_map={0: 60%, 1: 10%})
2026-06-09 11:33:24,769 - INFO - Auto-balance probe #13: weight_map={0: 50%, 1: 10%} -> synced={0: 50%, 1: 10%} | cpu_weight=40 -> probe_cpu=40 | active_weights=[gpu[0]=50.0%, gpu[1]=10.0%, cpu[-1]=40.0%]
2026-06-09 11:33:24,787 - INFO - _wait_for_outcome: CRASHED after 0.0s (log=<MagicMock name='mock.get_server_log_path()' id='1588732443216'>)
2026-06-09 11:33:24,803 - INFO - Auto-balance probe #13: result=crashed (cpu_weight=40, synced_map={0: 50%, 1: 10%})
2026-06-09 11:33:24,821 - INFO - Auto-balance probe #14: weight_map={0: 40%, 1: 10%} -> synced={0: 40%, 1: 10%} | cpu_weight=50 -> probe_cpu=50 | active_weights=[gpu[0]=40.0%, gpu[1]=10.0%, cpu[-1]=50.0%]
2026-06-09 11:33:24,839 - INFO - _wait_for_outcome: CRASHED after 0.0s (log=<MagicMock name='mock.get_server_log_path()' id='1588732443216'>)
2026-06-09 11:33:24,855 - INFO - Auto-balance probe #14: result=crashed (cpu_weight=50, synced_map={0: 40%, 1: 10%})
2026-06-09 11:33:24,873 - INFO - Auto-balance probe #15: weight_map={0: 30%, 1: 10%} -> synced={0: 30%, 1: 10%} | cpu_weight=60 -> probe_cpu=60 | active_weights=[gpu[0]=30.0%, gpu[1]=10.0%, cpu[-1]=60.0%]
2026-06-09 11:33:24,892 - INFO - _wait_for_outcome: CRASHED after 0.0s (log=<MagicMock name='mock.get_server_log_path()' id='1588732443216'>)
2026-06-09 11:33:24,909 - INFO - Auto-balance probe #15: result=crashed (cpu_weight=60, synced_map={0: 30%, 1: 10%})
2026-06-09 11:33:24,939 - INFO - Auto-balance probe #16: weight_map={0: 20%, 1: 10%} -> synced={0: 20%, 1: 10%} | cpu_weight=70 -> probe_cpu=70 | active_weights=[gpu[0]=20.0%, gpu[1]=10.0%, cpu[-1]=70.0%]
2026-06-09 11:33:24,957 - INFO - _wait_for_outcome: CRASHED after 0.0s (log=<MagicMock name='mock.get_server_log_path()' id='1588732443216'>)
2026-06-09 11:33:24,976 - INFO - Auto-balance probe #16: result=crashed (cpu_weight=70, synced_map={0: 20%, 1: 10%})
2026-06-09 11:33:24,991 - INFO - Auto-balance probe #17: weight_map={0: 10%, 1: 10%} -> synced={0: 10%, 1: 10%} | cpu_weight=80 -> probe_cpu=80 | active_weights=[gpu[0]=10.0%, gpu[1]=10.0%, cpu[-1]=80.0%]
2026-06-09 11:33:25,008 - INFO - _wait_for_outcome: CRASHED after 0.0s (log=<MagicMock name='mock.get_server_log_path()' id='1588732443216'>)
2026-06-09 11:33:25,025 - INFO - Auto-balance probe #17: result=crashed (cpu_weight=80, synced_map={0: 10%, 1: 10%})
2026-06-09 11:33:25,041 - INFO - === HARDWARE CAPACITY FAILURE ===
  reason=no_feasible_split
  model=test.gguf path=/models/test.gguf
  estimated_model_mb=?
  total_vram_mb=40000 total_vram_gb=39.06
  active_gpus=[0, 1]
  gpu_details=[{'index': 0, 'name': 'GPU0', 'vram_mb': 24000}, {'index': 1, 'name': 'GPU1', 'vram_mb': 16000}]
  context_size=4096 parallel_slots=1
  message=Não foi possível carregar "test.gguf" em nenhuma divisão testada entre as GPUs selecionadas. O modelo excede a capacidade do hardware atual (~39.1 GB de VRAM em 2 GPU(s)) com contexto 4096 e 1 slot(s).
2026-06-09 11:33:25,068 - INFO - === HARDWARE CAPACITY FAILURE ===
  reason=no_feasible_split
  model=test.gguf path=/models/test.gguf
  estimated_model_mb=?
  total_vram_mb=40000 total_vram_gb=39.06
  active_gpus=[0, 1]
  gpu_details=[{'index': 0, 'name': 'GPU0', 'vram_mb': 24000}, {'index': 1, 'name': 'GPU1', 'vram_mb': 16000}]
  context_size=4096 parallel_slots=1
  message=Não foi possível carregar "test.gguf" em nenhuma divisão testada entre as GPUs selecionadas. O modelo excede a capacidade do hardware atual (~39.1 GB de VRAM em 2 GPU(s)) com contexto 4096 e 1 slot(s).
2026-06-09 11:33:25,142 - INFO - Auto-balance probe #1: weight_map={0: 100%} -> synced={0: 90%, 1: 10%} | cpu_weight=0 -> probe_cpu=0 | active_weights=[gpu[0]=90.0%, gpu[1]=10.0%]
2026-06-09 11:33:25,149 - INFO - _wait_for_outcome: CRASHED after 0.0s (log=<MagicMock name='mock.get_server_log_path()' id='1588731542352'>)
2026-06-09 11:33:25,167 - INFO - Auto-balance probe #1: result=crashed (cpu_weight=0, synced_map={0: 90%, 1: 10%})
2026-06-09 11:33:25,186 - INFO - Auto-balance probe #2: weight_map={0: 90%, 1: 10%} -> synced={0: 90%, 1: 10%} | cpu_weight=0 -> probe_cpu=0 | active_weights=[gpu[0]=90.0%, gpu[1]=10.0%]
2026-06-09 11:33:25,205 - INFO - _wait_for_outcome: CRASHED after 0.0s (log=<MagicMock name='mock.get_server_log_path()' id='1588731542352'>)
2026-06-09 11:33:25,223 - INFO - Auto-balance probe #2: result=crashed (cpu_weight=0, synced_map={0: 90%, 1: 10%})
2026-06-09 11:33:25,242 - INFO - Auto-balance probe #4: weight_map={0: 90%, 1: 10%} -> synced={0: 90%, 1: 10%} | cpu_weight=0 -> probe_cpu=0 | active_weights=[gpu[0]=90.0%, gpu[1]=10.0%]
2026-06-09 11:33:25,259 - INFO - _wait_for_outcome: CRASHED after 0.0s (log=<MagicMock name='mock.get_server_log_path()' id='1588731542352'>)
2026-06-09 11:33:25,277 - INFO - Auto-balance probe #4: result=crashed (cpu_weight=0, synced_map={0: 90%, 1: 10%})
2026-06-09 11:33:25,295 - INFO - Auto-balance GPU 0: weight=90% vram=0.0%
2026-06-09 11:33:25,312 - INFO - Auto-balance probe #6: weight_map={0: 90%, 1: 10%} -> synced={0: 90%, 1: 10%} | cpu_weight=0 -> probe_cpu=0 | active_weights=[gpu[0]=90.0%, gpu[1]=10.0%]
2026-06-09 11:33:25,329 - INFO - _wait_for_outcome: CRASHED after 0.0s (log=<MagicMock name='mock.get_server_log_path()' id='1588731542352'>)
2026-06-09 11:33:25,346 - INFO - Auto-balance probe #6: result=crashed (cpu_weight=0, synced_map={0: 90%, 1: 10%})
2026-06-09 11:33:25,365 - INFO - Auto-balance GPU 1: weight=10% vram=0.0%
2026-06-09 11:33:25,384 - INFO - Auto-balance probe #8: weight_map={0: 90%, 1: 10%} -> synced={0: 90%, 1: 10%} | cpu_weight=0 -> probe_cpu=0 | active_weights=[gpu[0]=90.0%, gpu[1]=10.0%]
2026-06-09 11:33:25,404 - INFO - _wait_for_outcome: CRASHED after 0.0s (log=<MagicMock name='mock.get_server_log_path()' id='1588731542352'>)
2026-06-09 11:33:25,422 - INFO - Auto-balance probe #8: result=crashed (cpu_weight=0, synced_map={0: 90%, 1: 10%})
2026-06-09 11:33:25,439 - INFO - === HARDWARE CAPACITY FAILURE ===
  reason=no_feasible_split
  model=test.gguf path=/models/test.gguf
  estimated_model_mb=?
  total_vram_mb=40000 total_vram_gb=39.06
  active_gpus=[0, 1]
  gpu_details=[{'index': 0, 'name': 'GPU0', 'vram_mb': 24000}, {'index': 1, 'name': 'GPU1', 'vram_mb': 16000}]
  context_size=4096 parallel_slots=1
  message=Não foi possível carregar "test.gguf" em nenhuma divisão testada entre as GPUs selecionadas. O modelo excede a capacidade do hardware atual (~39.1 GB de VRAM em 2 GPU(s)) com contexto 4096 e 1 slot(s).
2026-06-09 11:33:25,472 - INFO - === HARDWARE CAPACITY FAILURE ===
  reason=no_feasible_split
  model=test.gguf path=/models/test.gguf
  estimated_model_mb=?
  total_vram_mb=40000 total_vram_gb=39.06
  active_gpus=[0, 1]
  gpu_details=[{'index': 0, 'name': 'GPU0', 'vram_mb': 24000}, {'index': 1, 'name': 'GPU1', 'vram_mb': 16000}]
  context_size=4096 parallel_slots=1
  message=Não foi possível carregar "test.gguf" em nenhuma divisão testada entre as GPUs selecionadas. O modelo excede a capacidade do hardware atual (~39.1 GB de VRAM em 2 GPU(s)) com contexto 4096 e 1 slot(s).
2026-06-09 11:33:25,617 - INFO - START: /usr/bin/llama-server -m /fake/model.gguf -ngl 22 --flash-attn on --host 0.0.0.0 --port 8085 --tools all --parallel 1 --ctx-size 8192 --batch-size 2048 --mlock --main-gpu 0 --split-mode layer --tensor-split 1.0 --api-key sk-test --mmproj-auto --jinja --reasoning on --chat-template-kwargs {"enable_thinking":true} (CUDA_VISIBLE_DEVICES=0, ctx_per_slot=8192, server_ctx=8192, batch_size=2048, thinking_enabled=True, mtp_enabled=False, mtp_draft_tokens=3, mtp_applied=False, gpu_pct=70.0, cpu_pct=30.0, n_gpu_layers=22, n_cpu_layers=10)
2026-06-09 11:33:25,637 - INFO - START: /usr/bin/llama-server -m /fake/model.gguf -ngl 6 --flash-attn on --host 0.0.0.0 --port 8085 --tools all --parallel 1 --ctx-size 8192 --batch-size 2048 --mlock --main-gpu 0 --split-mode layer --tensor-split 1.0 --api-key sk-test --mmproj-auto --jinja --reasoning on --chat-template-kwargs {"enable_thinking":true} (CUDA_VISIBLE_DEVICES=0, ctx_per_slot=8192, server_ctx=8192, batch_size=2048, thinking_enabled=True, mtp_enabled=False, mtp_draft_tokens=3, mtp_applied=False, gpu_pct=20.0, cpu_pct=80.0, n_gpu_layers=6, n_cpu_layers=26)
2026-06-09 11:33:25,681 - INFO - START: /usr/bin/llama-server -m /fake/model.gguf -ngl 999 --flash-attn on --host 0.0.0.0 --port 8085 --tools all --parallel 1 --ctx-size 8192 --batch-size 2048 --mlock --main-gpu 0 --split-mode layer --tensor-split 1.0 --api-key sk-test --mmproj-auto --jinja --reasoning on --chat-template-kwargs {"enable_thinking":true} (CUDA_VISIBLE_DEVICES=0, ctx_per_slot=8192, server_ctx=8192, batch_size=2048, thinking_enabled=True, mtp_enabled=False, mtp_draft_tokens=3, mtp_applied=False, gpu_pct=100.0, cpu_pct=0, n_gpu_layers=999, n_cpu_layers=0)
2026-06-09 11:33:25,708 - INFO - START: /usr/bin/llama-server -m /fake/model.gguf -ngl 22 --flash-attn on --host 0.0.0.0 --port 8085 --tools all --parallel 1 --ctx-size 8192 --batch-size 2048 --mlock --main-gpu 0 --split-mode layer --tensor-split 1.0 --api-key sk-test --mmproj-auto --jinja --reasoning on --chat-template-kwargs {"enable_thinking":true} (CUDA_VISIBLE_DEVICES=0, ctx_per_slot=8192, server_ctx=8192, batch_size=2048, thinking_enabled=True, mtp_enabled=False, mtp_draft_tokens=3, mtp_applied=False, gpu_pct=70.0, cpu_pct=30.0, n_gpu_layers=22, n_cpu_layers=10)
2026-06-09 11:33:26,165 - WARNING - llama-server nao encontrado automaticamente; configure LLAMA_SERVER_BIN ou paths.json (llama_server_bin)
2026-06-09 11:33:26,185 - ERROR - GPU detection error: Command 'nvidia-smi' returned non-zero exit status 1.
2026-06-09 11:33:26,217 - ERROR - GPU metrics error: Command 'nvidia-smi' returned non-zero exit status 1.
2026-06-09 11:33:26,232 - ERROR - System metrics error: ram metrics unavailable
2026-06-09 11:33:26,261 - ERROR - GPU metrics error: Command 'nvidia-smi' returned non-zero exit status 1.
2026-06-09 11:33:27,069 - ERROR - GPU metrics error: Command 'nvidia-smi' returned non-zero exit status 1.
2026-06-09 11:33:27,074 - ERROR - System metrics error: ram down
2026-06-09 11:33:27,100 - ERROR - GPU metrics error: Command 'nvidia-smi' returned non-zero exit status 1.
2026-06-09 11:33:27,203 - INFO - MTP requested but model has no MTP head, skipping flags
2026-06-09 11:33:27,317 - WARNING - llama-server nao encontrado automaticamente; configure LLAMA_SERVER_BIN ou paths.json (llama_server_bin)
2026-06-09 11:33:27,350 - WARNING - Could not detect MTP for /fake/model.gguf: boom
1969-12-31 21:16:40,000 - WARNING - OOM detected! Consecutive: 1
1969-12-31 21:16:45,000 - WARNING - OOM detected! Consecutive: 2
1969-12-31 21:16:40,000 - WARNING - OOM detected! Consecutive: 1
1969-12-31 21:17:11,000 - WARNING - OOM detected! Consecutive: 1
1969-12-31 21:16:40,000 - WARNING - OOM detected! Consecutive: 1
1969-12-31 21:16:45,000 - WARNING - OOM detected! Consecutive: 3
2026-06-09 11:33:27,618 - WARNING - Could not detect model layers for /fake/model.gguf: not found
2026-06-09 11:33:27,643 - INFO - START: /usr/bin/llama-server -m /fake/model.gguf -ngl 999 --flash-attn on --host 0.0.0.0 --port 8085 --tools all --parallel 1 --ctx-size 8192 --batch-size 2048 --mlock --main-gpu 0 --split-mode layer --tensor-split 1.0 --api-key test-token --mmproj-auto --jinja --reasoning on --chat-template-kwargs {"enable_thinking":true} (CUDA_VISIBLE_DEVICES=0, ctx_per_slot=8192, server_ctx=8192, batch_size=2048, thinking_enabled=True, mtp_enabled=False, mtp_draft_tokens=3, mtp_applied=False, gpu_pct=100.0, cpu_pct=0, n_gpu_layers=999, n_cpu_layers=0)
2026-06-09 11:33:27,674 - INFO - START: /usr/bin/llama-server -m /fake/model.gguf -ngl 22 --flash-attn on --host 0.0.0.0 --port 8085 --tools all --parallel 1 --ctx-size 8192 --batch-size 2048 --mlock --main-gpu 0 --split-mode layer --tensor-split 1.0 --api-key test-token --mmproj-auto --jinja --reasoning on --chat-template-kwargs {"enable_thinking":true} (CUDA_VISIBLE_DEVICES=0, ctx_per_slot=8192, server_ctx=8192, batch_size=2048, thinking_enabled=True, mtp_enabled=False, mtp_draft_tokens=3, mtp_applied=False, gpu_pct=70.0, cpu_pct=30.0, n_gpu_layers=22, n_cpu_layers=10)
2026-06-09 11:33:27,703 - INFO - START: /usr/bin/llama-server -m /fake/model.gguf -ngl 0 --flash-attn on --host 0.0.0.0 --port 8085 --tools all --parallel 1 --ctx-size 8192 --batch-size 2048 --mlock --main-gpu 0 --split-mode layer --tensor-split 1.0 --api-key test-token --mmproj-auto --jinja --reasoning on --chat-template-kwargs {"enable_thinking":true} (CUDA_VISIBLE_DEVICES=0, ctx_per_slot=8192, server_ctx=8192, batch_size=2048, thinking_enabled=True, mtp_enabled=False, mtp_draft_tokens=3, mtp_applied=False, gpu_pct=0, cpu_pct=0, n_gpu_layers=0, n_cpu_layers=32)
2026-06-09 11:33:27,730 - INFO - START: /usr/bin/llama-server -m /fake/model.gguf -ngl 999 --flash-attn on --host 0.0.0.0 --port 8085 --tools all --parallel 1 --ctx-size 8192 --batch-size 2048 --mlock --main-gpu 0 --split-mode layer --tensor-split 1.0 --api-key test-token --mmproj-auto --jinja --reasoning on --chat-template-kwargs {"enable_thinking":true} (CUDA_VISIBLE_DEVICES=0, ctx_per_slot=8192, server_ctx=8192, batch_size=2048, thinking_enabled=True, mtp_enabled=False, mtp_draft_tokens=3, mtp_applied=False, gpu_pct=100.0, cpu_pct=0, n_gpu_layers=999, n_cpu_layers=0)
2026-06-09 11:33:27,760 - INFO - START: /usr/bin/llama-server -m /fake/model.gguf -ngl 999 --flash-attn on --host 0.0.0.0 --port 8085 --tools all --parallel 1 --ctx-size 8192 --batch-size 2048 --mlock --main-gpu 0 --split-mode layer --tensor-split 1.0 --api-key test-token --mmproj-auto --jinja --reasoning on --chat-template-kwargs {"enable_thinking":true} (CUDA_VISIBLE_DEVICES=0, ctx_per_slot=8192, server_ctx=8192, batch_size=2048, thinking_enabled=True, mtp_enabled=False, mtp_draft_tokens=3, mtp_applied=False, gpu_pct=100.0, cpu_pct=0, n_gpu_layers=999, n_cpu_layers=0)
2026-06-09 11:33:27,790 - INFO - START: /usr/bin/llama-server -m /fake/model.gguf -ngl 56 --flash-attn on --host 0.0.0.0 --port 8085 --tools all --parallel 1 --ctx-size 8192 --batch-size 2048 --mlock --main-gpu 0 --split-mode layer --tensor-split 1.0 --api-key test-token --mmproj-auto --jinja --reasoning on --chat-template-kwargs {"enable_thinking":true} (CUDA_VISIBLE_DEVICES=0, ctx_per_slot=8192, server_ctx=8192, batch_size=2048, thinking_enabled=True, mtp_enabled=False, mtp_draft_tokens=3, mtp_applied=False, gpu_pct=70.0, cpu_pct=30.0, n_gpu_layers=56, n_cpu_layers=24)
2026-06-09 11:33:27,820 - INFO - START: /usr/bin/llama-server -m /fake/model.gguf -ngl 999 --flash-attn on --host 0.0.0.0 --port 8085 --tools all --parallel 1 --ctx-size 8192 --batch-size 2048 --mlock --main-gpu 0 --split-mode layer --tensor-split 1.0 --api-key test-token --mmproj-auto --jinja --reasoning on --chat-template-kwargs {"enable_thinking":true} (CUDA_VISIBLE_DEVICES=0, ctx_per_slot=8192, server_ctx=8192, batch_size=2048, thinking_enabled=True, mtp_enabled=False, mtp_draft_tokens=3, mtp_applied=False, gpu_pct=200.0, cpu_pct=0, n_gpu_layers=999, n_cpu_layers=0)
2026-06-09 11:33:27,845 - INFO - START: /usr/bin/llama-server -m /fake/model.gguf -ngl 999 --flash-attn on --host 0.0.0.0 --port 8085 --tools all --parallel 1 --ctx-size 8192 --batch-size 2048 --mlock --main-gpu 0 --split-mode layer --tensor-split 1.0 --api-key test-token --mmproj-auto --jinja --reasoning on --chat-template-kwargs {"enable_thinking":true} (CUDA_VISIBLE_DEVICES=0, ctx_per_slot=8192, server_ctx=8192, batch_size=2048, thinking_enabled=True, mtp_enabled=False, mtp_draft_tokens=3, mtp_applied=False, gpu_pct=100.0, cpu_pct=0, n_gpu_layers=999, n_cpu_layers=0)
2026-06-09 11:33:27,872 - INFO - START: /usr/bin/llama-server -m /fake/model.gguf -ngl 0 --flash-attn on --host 0.0.0.0 --port 8085 --tools all --parallel 1 --ctx-size 8192 --batch-size 2048 --mlock --main-gpu 0 --split-mode layer --tensor-split 1.0 --api-key test-token --mmproj-auto --jinja --reasoning on --chat-template-kwargs {"enable_thinking":true} (CUDA_VISIBLE_DEVICES=0, ctx_per_slot=8192, server_ctx=8192, batch_size=2048, thinking_enabled=True, mtp_enabled=False, mtp_draft_tokens=3, mtp_applied=False, gpu_pct=0, cpu_pct=0, n_gpu_layers=0, n_cpu_layers=32)
2026-06-09 11:33:28,038 - INFO - Verificacao de versao iniciada em /tmp/automanager-test
2026-06-09 11:33:28,059 - WARNING - Diretorio nao e um repositorio git: /tmp/automanager-test
2026-06-09 11:33:28,086 - INFO - Verificacao de versao iniciada em /tmp/automanager-test
2026-06-09 11:33:28,103 - INFO - Versao atualizada (branch=main, ref=aaa1111)
2026-06-09 11:33:28,131 - INFO - Verificacao de versao iniciada em /tmp/automanager-test
2026-06-09 11:33:28,151 - INFO - Atualizacao disponivel (branch=main, ahead=2, aaa1111 -> ddd4444)
2026-06-09 11:33:28,176 - INFO - Verificacao de versao iniciada em /tmp/automanager-test
2026-06-09 11:33:28,194 - WARNING - git fetch falhou (branch=main): fatal: could not read from remote
2026-06-09 11:33:28,220 - INFO - Verificacao de versao iniciada em /tmp/automanager-test
2026-06-09 11:33:28,234 - WARNING - git fetch expirou apos 30s (branch=main)
2026-06-09 11:33:28,265 - INFO - Verificacao de versao iniciada em /tmp/automanager-test
2026-06-09 11:33:28,284 - INFO - Versao atualizada (branch=feature/foo, ref=1111111)
2026-06-09 11:33:28,307 - INFO - Verificacao de versao iniciada em /tmp/automanager-test
2026-06-09 11:33:28,322 - INFO - Atualizacao disponivel (branch=main, ahead=12, local00 -> remote0)
2026-06-09 12:07:23,639 - INFO - estimate_model_vram_mb [DISK] model=C:\Users\s293\AppData\Local\Temp\pytest-of-s293\pytest-246\test_estimate_model_vram_uses_0\qwen-49b.gguf disk_mb=100 runtime_overhead_mb=256 weights_mb=356 kv_cache_mb=6553 total_mb=6909
2026-06-09 12:07:23,668 - INFO - estimate_model_vram_mb [DISK] model=C:\Users\s293\AppData\Local\Temp\pytest-of-s293\pytest-246\test_estimate_model_vram_uses_0\qwen-49b.gguf disk_mb=100 runtime_overhead_mb=256 weights_mb=356 kv_cache_mb=6553 total_mb=6909
2026-06-09 12:07:23,790 - INFO - === HARDWARE CAPACITY FAILURE ===
  reason=no_feasible_split
  model=huge-model.gguf path=/models/huge-model.gguf
  estimated_model_mb=?
  total_vram_mb=24576 total_vram_gb=24.00
  active_gpus=[0]
  gpu_details=[{'index': 0, 'name': 'RTX 3090', 'vram_mb': 24576}]
  context_size=32768 parallel_slots=2
  message=Não foi possível carregar "huge-model.gguf" em nenhuma divisão testada entre as GPUs selecionadas. O modelo excede a capacidade do hardware atual (~24.0 GB de VRAM em 1 GPU(s)) com contexto 32768 e 2 slot(s).
2026-06-09 12:07:23,823 - INFO - === HARDWARE CAPACITY FAILURE ===
  reason=no_feasible_split
  model=huge-model.gguf path=/models/huge-model.gguf
  estimated_model_mb=?
  total_vram_mb=24576 total_vram_gb=24.00
  active_gpus=[0]
  gpu_details=[{'index': 0, 'name': 'RTX 3090', 'vram_mb': 24576}]
  context_size=32768 parallel_slots=2
  message=Não foi possível carregar "huge-model.gguf" em nenhuma divisão testada entre as GPUs selecionadas. O modelo excede a capacidade do hardware atual (~24.0 GB de VRAM em 1 GPU(s)) com contexto 32768 e 2 slot(s).
2026-06-09 12:07:23,859 - WARNING - OOM detected! Consecutive: 1
2026-06-09 12:07:24,336 - INFO - Auto-balance probe #1: weight_map={0: 100%} -> synced={0: 100%} | cpu_weight=10 -> probe_cpu=0 | active_weights=[gpu[0]=100.0%, cpu[-1]=0.0%]
2026-06-09 12:07:24,357 - INFO - Auto-balance probe #1: result=ready (cpu_weight=0, synced_map={0: 100%})
2026-06-09 12:07:25,123 - INFO - Session expired due to inactivity
2026-06-09 12:07:25,557 - INFO - START: /usr/bin/llama-server -m /fake/model.gguf -ngl 999 --flash-attn on --host 0.0.0.0 --port 8085 --tools all --parallel 1 --ctx-size 8192 --batch-size 2048 --mlock --main-gpu 0 --split-mode layer --tensor-split 1.0000 --api-key sk-test --mmproj-auto --jinja --reasoning on --chat-template-kwargs {"enable_thinking":true} (CUDA_VISIBLE_DEVICES=0, ctx_per_slot=8192, server_ctx=8192, batch_size=2048, thinking_enabled=True, mtp_enabled=False, mtp_draft_tokens=3, mtp_applied=False, gpu_pct=100.0, cpu_pct=0, n_gpu_layers=999, n_cpu_layers=0)
2026-06-09 12:07:25,579 - INFO - START: /usr/bin/llama-server -m /fake/model.gguf -ngl 999 --flash-attn on --host 0.0.0.0 --port 8085 --tools all --parallel 1 --ctx-size 8192 --batch-size 2048 --mlock --main-gpu 0 --split-mode layer --tensor-split 0.5000,0.5000 --api-key sk-test --mmproj-auto --jinja --reasoning on --chat-template-kwargs {"enable_thinking":true} (CUDA_VISIBLE_DEVICES=0,1, ctx_per_slot=8192, server_ctx=8192, batch_size=2048, thinking_enabled=True, mtp_enabled=False, mtp_draft_tokens=3, mtp_applied=False, gpu_pct=100.0, cpu_pct=0, n_gpu_layers=999, n_cpu_layers=0)
2026-06-09 12:07:25,611 - INFO - START: /usr/bin/llama-server -m /fake/model.gguf -ngl 999 --flash-attn on --host 0.0.0.0 --port 8085 --tools all --parallel 1 --ctx-size 8192 --batch-size 2048 --mlock --main-gpu 0 --split-mode layer --tensor-split 1.0000 --api-key sk-test --mmproj-auto --jinja --reasoning on --chat-template-kwargs {"enable_thinking":true} (CUDA_VISIBLE_DEVICES=0, ctx_per_slot=8192, server_ctx=8192, batch_size=2048, thinking_enabled=True, mtp_enabled=False, mtp_draft_tokens=3, mtp_applied=False, gpu_pct=100.0, cpu_pct=0, n_gpu_layers=999, n_cpu_layers=0)
2026-06-09 12:07:25,670 - INFO - START: /usr/bin/llama-server -m /fake/model.gguf -ngl 22 --flash-attn on --host 0.0.0.0 --port 8085 --tools all --parallel 1 --ctx-size 8192 --batch-size 2048 --mlock --main-gpu 0 --split-mode layer --tensor-split 1.0000 --api-key sk-test --mmproj-auto --jinja --reasoning on --chat-template-kwargs {"enable_thinking":true} (CUDA_VISIBLE_DEVICES=0, ctx_per_slot=8192, server_ctx=8192, batch_size=2048, thinking_enabled=True, mtp_enabled=False, mtp_draft_tokens=3, mtp_applied=False, gpu_pct=70.0, cpu_pct=30.0, n_gpu_layers=22, n_cpu_layers=10)
2026-06-09 12:07:25,717 - ERROR - GPU metrics error: not enough values to unpack (expected 2, got 0)
2026-06-09 12:07:25,868 - INFO - START: /usr/bin/llama-server -m /fake/model.gguf -ngl 999 --flash-attn on --host 0.0.0.0 --port 8085 --tools all --parallel 1 --ctx-size 8192 --batch-size 2048 --mlock --main-gpu 0 --split-mode layer --tensor-split 1.0000 --api-key sk-test --mmproj-auto --jinja --reasoning on --chat-template-kwargs {"enable_thinking":true} (CUDA_VISIBLE_DEVICES=0, ctx_per_slot=8192, server_ctx=8192, batch_size=2048, thinking_enabled=True, mtp_enabled=False, mtp_draft_tokens=3, mtp_applied=False, gpu_pct=70.0, cpu_pct=0.0, n_gpu_layers=999, n_cpu_layers=0)
2026-06-09 12:07:25,913 - INFO - START: /usr/bin/llama-server -m /fake/model.gguf -ngl 22 --flash-attn on --host 0.0.0.0 --port 8085 --tools all --parallel 1 --ctx-size 8192 --batch-size 2048 --mlock --main-gpu 0 --split-mode layer --tensor-split 1.0000 --api-key sk-test --mmproj-auto --jinja --reasoning on --chat-template-kwargs {"enable_thinking":true} (CUDA_VISIBLE_DEVICES=0, ctx_per_slot=8192, server_ctx=8192, batch_size=2048, thinking_enabled=True, mtp_enabled=False, mtp_draft_tokens=3, mtp_applied=False, gpu_pct=70.0, cpu_pct=30.0, n_gpu_layers=22, n_cpu_layers=10)
2026-06-09 12:07:25,944 - ERROR - GPU metrics error: not enough values to unpack (expected 2, got 0)
2026-06-09 12:07:26,072 - INFO - START: /usr/bin/llama-server -m /fake/model.gguf -ngl 999 --flash-attn on --host 0.0.0.0 --port 8085 --tools all --parallel 1 --ctx-size 8192 --batch-size 2048 --mlock --main-gpu 0 --split-mode layer --tensor-split 1.0000 --api-key sk-test --mmproj-auto --jinja --reasoning on --chat-template-kwargs {"enable_thinking":true} (CUDA_VISIBLE_DEVICES=0, ctx_per_slot=8192, server_ctx=8192, batch_size=2048, thinking_enabled=True, mtp_enabled=False, mtp_draft_tokens=3, mtp_applied=False, gpu_pct=70.0, cpu_pct=0.0, n_gpu_layers=999, n_cpu_layers=0)
2026-06-09 12:07:26,149 - INFO - START: /usr/bin/llama-server -m /fake/model.gguf -ngl 70 --flash-attn on --host 0.0.0.0 --port 8085 --tools all --parallel 1 --ctx-size 8192 --batch-size 2048 --mlock --main-gpu 0 --split-mode layer --tensor-split 0.7143,0.2857 --api-key sk-test --mmproj-auto --jinja --reasoning on --chat-template-kwargs {"enable_thinking":true} (CUDA_VISIBLE_DEVICES=0,1, ctx_per_slot=8192, server_ctx=8192, batch_size=2048, thinking_enabled=True, mtp_enabled=False, mtp_draft_tokens=3, mtp_applied=False, gpu_pct=70.0, cpu_pct=30.0, n_gpu_layers=70, n_cpu_layers=30)
2026-06-09 12:07:26,175 - INFO - START: /usr/bin/llama-server -m /fake/model.gguf -ngl 999 --flash-attn on --host 0.0.0.0 --port 8085 --tools all --parallel 1 --ctx-size 8192 --batch-size 2048 --mlock --main-gpu 1 --split-mode layer --tensor-split 0.6000,0.4000 --api-key sk-test --mmproj-auto --jinja --reasoning on --chat-template-kwargs {"enable_thinking":true} (CUDA_VISIBLE_DEVICES=0,1, ctx_per_slot=8192, server_ctx=8192, batch_size=2048, thinking_enabled=True, mtp_enabled=False, mtp_draft_tokens=3, mtp_applied=False, gpu_pct=100.0, cpu_pct=0, n_gpu_layers=999, n_cpu_layers=0)
2026-06-09 12:07:26,246 - INFO - _vram_summary: weight_map={0: 90%, 1: 10%} -> summary=GPU0 VRAM 0%; GPU1 VRAM 0%
2026-06-09 12:07:26,264 - INFO - Auto-balance success: Balance otimizado (GPU0=90%, GPU1=10%). GPU0 VRAM 0%; GPU1 VRAM 0%
2026-06-09 12:07:27,730 - INFO - _vram_summary: weight_map={0: 100%} -> summary=GPU0 VRAM 0%
2026-06-09 12:07:27,736 - INFO - Auto-balance success: Balance otimizado (GPU0=100%). GPU0 VRAM 0%
2026-06-09 12:07:27,986 - INFO - _vram_summary: weight_map={0: 100%} -> summary=GPU0 VRAM 0%
2026-06-09 12:07:28,005 - INFO - Auto-balance success: Balance otimizado (GPU0=100%). GPU0 VRAM 0%
2026-06-09 12:07:28,178 - INFO - _vram_summary: weight_map={0: 50%, 1: 20%} -> summary=GPU0 VRAM 0%; GPU1 VRAM 0%
2026-06-09 12:07:28,196 - INFO - Auto-balance success: Balance otimizado (GPU0=50%, GPU1=20%, CPU=30%). GPU0 VRAM 0%; GPU1 VRAM 0%
2026-06-09 12:07:28,365 - INFO - Auto-balance GPU 0: weight=90% vram=0.0%
2026-06-09 12:07:28,384 - INFO - Auto-balance GPU 1: weight=10% vram=0.0%
2026-06-09 12:07:28,405 - INFO - === HARDWARE CAPACITY FAILURE ===
  reason=no_feasible_split
  model=test.gguf path=/models/test.gguf
  estimated_model_mb=?
  total_vram_mb=40000 total_vram_gb=39.06
  active_gpus=[0, 1]
  gpu_details=[{'index': 0, 'name': 'GPU0', 'vram_mb': 24000}, {'index': 1, 'name': 'GPU1', 'vram_mb': 16000}]
  context_size=4096 parallel_slots=1
  message=Não foi possível carregar "test.gguf" em nenhuma divisão testada entre as GPUs selecionadas. O modelo excede a capacidade do hardware atual (~39.1 GB de VRAM em 2 GPU(s)) com contexto 4096 e 1 slot(s).
2026-06-09 12:07:28,445 - INFO - === HARDWARE CAPACITY FAILURE ===
  reason=no_feasible_split
  model=test.gguf path=/models/test.gguf
  estimated_model_mb=?
  total_vram_mb=40000 total_vram_gb=39.06
  active_gpus=[0, 1]
  gpu_details=[{'index': 0, 'name': 'GPU0', 'vram_mb': 24000}, {'index': 1, 'name': 'GPU1', 'vram_mb': 16000}]
  context_size=4096 parallel_slots=1
  message=Não foi possível carregar "test.gguf" em nenhuma divisão testada entre as GPUs selecionadas. O modelo excede a capacidade do hardware atual (~39.1 GB de VRAM em 2 GPU(s)) com contexto 4096 e 1 slot(s).
2026-06-09 12:07:28,543 - INFO - START: /usr/bin/llama-server -m /fake/model.gguf -ngl 22 --flash-attn on --host 0.0.0.0 --port 8085 --tools all --parallel 1 --ctx-size 8192 --batch-size 2048 --mlock --main-gpu 0 --split-mode layer --tensor-split 1.0 --api-key sk-test --mmproj-auto --jinja --reasoning on --chat-template-kwargs {"enable_thinking":true} (CUDA_VISIBLE_DEVICES=0, ctx_per_slot=8192, server_ctx=8192, batch_size=2048, thinking_enabled=True, mtp_enabled=False, mtp_draft_tokens=3, mtp_applied=False, gpu_pct=70.0, cpu_pct=30.0, n_gpu_layers=22, n_cpu_layers=10)
2026-06-09 12:07:28,582 - INFO - START: /usr/bin/llama-server -m /fake/model.gguf -ngl 6 --flash-attn on --host 0.0.0.0 --port 8085 --tools all --parallel 1 --ctx-size 8192 --batch-size 2048 --mlock --main-gpu 0 --split-mode layer --tensor-split 1.0 --api-key sk-test --mmproj-auto --jinja --reasoning on --chat-template-kwargs {"enable_thinking":true} (CUDA_VISIBLE_DEVICES=0, ctx_per_slot=8192, server_ctx=8192, batch_size=2048, thinking_enabled=True, mtp_enabled=False, mtp_draft_tokens=3, mtp_applied=False, gpu_pct=20.0, cpu_pct=80.0, n_gpu_layers=6, n_cpu_layers=26)
2026-06-09 12:07:28,649 - INFO - START: /usr/bin/llama-server -m /fake/model.gguf -ngl 999 --flash-attn on --host 0.0.0.0 --port 8085 --tools all --parallel 1 --ctx-size 8192 --batch-size 2048 --mlock --main-gpu 0 --split-mode layer --tensor-split 1.0 --api-key sk-test --mmproj-auto --jinja --reasoning on --chat-template-kwargs {"enable_thinking":true} (CUDA_VISIBLE_DEVICES=0, ctx_per_slot=8192, server_ctx=8192, batch_size=2048, thinking_enabled=True, mtp_enabled=False, mtp_draft_tokens=3, mtp_applied=False, gpu_pct=100.0, cpu_pct=0, n_gpu_layers=999, n_cpu_layers=0)
2026-06-09 12:07:28,690 - INFO - START: /usr/bin/llama-server -m /fake/model.gguf -ngl 22 --flash-attn on --host 0.0.0.0 --port 8085 --tools all --parallel 1 --ctx-size 8192 --batch-size 2048 --mlock --main-gpu 0 --split-mode layer --tensor-split 1.0 --api-key sk-test --mmproj-auto --jinja --reasoning on --chat-template-kwargs {"enable_thinking":true} (CUDA_VISIBLE_DEVICES=0, ctx_per_slot=8192, server_ctx=8192, batch_size=2048, thinking_enabled=True, mtp_enabled=False, mtp_draft_tokens=3, mtp_applied=False, gpu_pct=70.0, cpu_pct=30.0, n_gpu_layers=22, n_cpu_layers=10)
2026-06-09 12:07:29,350 - WARNING - llama-server nao encontrado automaticamente; configure LLAMA_SERVER_BIN ou paths.json (llama_server_bin)
2026-06-09 12:07:29,376 - ERROR - GPU detection error: Command 'nvidia-smi' returned non-zero exit status 1.
2026-06-09 12:07:29,418 - ERROR - GPU metrics error: Command 'nvidia-smi' returned non-zero exit status 1.
2026-06-09 12:07:29,436 - ERROR - System metrics error: ram metrics unavailable
2026-06-09 12:07:29,471 - ERROR - GPU metrics error: Command 'nvidia-smi' returned non-zero exit status 1.
2026-06-09 12:07:30,960 - ERROR - GPU metrics error: Command 'nvidia-smi' returned non-zero exit status 1.
2026-06-09 12:07:30,966 - ERROR - System metrics error: ram down
2026-06-09 12:07:31,004 - ERROR - GPU metrics error: Command 'nvidia-smi' returned non-zero exit status 1.
2026-06-09 12:07:31,180 - INFO - MTP requested but model has no MTP head, skipping flags
2026-06-09 12:07:31,352 - WARNING - llama-server nao encontrado automaticamente; configure LLAMA_SERVER_BIN ou paths.json (llama_server_bin)
2026-06-09 12:07:31,391 - WARNING - Could not detect MTP for /fake/model.gguf: boom
1969-12-31 21:16:40,000 - WARNING - OOM detected! Consecutive: 1
1969-12-31 21:16:45,000 - WARNING - OOM detected! Consecutive: 2
1969-12-31 21:16:40,000 - WARNING - OOM detected! Consecutive: 1
1969-12-31 21:17:11,000 - WARNING - OOM detected! Consecutive: 1
1969-12-31 21:16:40,000 - WARNING - OOM detected! Consecutive: 1
1969-12-31 21:16:45,000 - WARNING - OOM detected! Consecutive: 3
2026-06-09 12:07:31,789 - WARNING - Could not detect model layers for /fake/model.gguf: not found
2026-06-09 12:07:32,032 - INFO - START: /usr/bin/llama-server -m /fake/model.gguf -ngl 999 --flash-attn on --host 0.0.0.0 --port 8085 --tools all --parallel 1 --ctx-size 8192 --batch-size 2048 --mlock --main-gpu 0 --split-mode layer --tensor-split 1.0 --api-key test-token --mmproj-auto --jinja --reasoning on --chat-template-kwargs {"enable_thinking":true} (CUDA_VISIBLE_DEVICES=0, ctx_per_slot=8192, server_ctx=8192, batch_size=2048, thinking_enabled=True, mtp_enabled=False, mtp_draft_tokens=3, mtp_applied=False, gpu_pct=100.0, cpu_pct=0, n_gpu_layers=999, n_cpu_layers=0)
2026-06-09 12:07:32,106 - INFO - START: /usr/bin/llama-server -m /fake/model.gguf -ngl 22 --flash-attn on --host 0.0.0.0 --port 8085 --tools all --parallel 1 --ctx-size 8192 --batch-size 2048 --mlock --main-gpu 0 --split-mode layer --tensor-split 1.0 --api-key test-token --mmproj-auto --jinja --reasoning on --chat-template-kwargs {"enable_thinking":true} (CUDA_VISIBLE_DEVICES=0, ctx_per_slot=8192, server_ctx=8192, batch_size=2048, thinking_enabled=True, mtp_enabled=False, mtp_draft_tokens=3, mtp_applied=False, gpu_pct=70.0, cpu_pct=30.0, n_gpu_layers=22, n_cpu_layers=10)
2026-06-09 12:07:32,145 - INFO - START: /usr/bin/llama-server -m /fake/model.gguf -ngl 0 --flash-attn on --host 0.0.0.0 --port 8085 --tools all --parallel 1 --ctx-size 8192 --batch-size 2048 --mlock --main-gpu 0 --split-mode layer --tensor-split 1.0 --api-key test-token --mmproj-auto --jinja --reasoning on --chat-template-kwargs {"enable_thinking":true} (CUDA_VISIBLE_DEVICES=0, ctx_per_slot=8192, server_ctx=8192, batch_size=2048, thinking_enabled=True, mtp_enabled=False, mtp_draft_tokens=3, mtp_applied=False, gpu_pct=0, cpu_pct=0, n_gpu_layers=0, n_cpu_layers=32)
2026-06-09 12:07:32,194 - INFO - START: /usr/bin/llama-server -m /fake/model.gguf -ngl 999 --flash-attn on --host 0.0.0.0 --port 8085 --tools all --parallel 1 --ctx-size 8192 --batch-size 2048 --mlock --main-gpu 0 --split-mode layer --tensor-split 1.0 --api-key test-token --mmproj-auto --jinja --reasoning on --chat-template-kwargs {"enable_thinking":true} (CUDA_VISIBLE_DEVICES=0, ctx_per_slot=8192, server_ctx=8192, batch_size=2048, thinking_enabled=True, mtp_enabled=False, mtp_draft_tokens=3, mtp_applied=False, gpu_pct=100.0, cpu_pct=0, n_gpu_layers=999, n_cpu_layers=0)
2026-06-09 12:07:32,229 - INFO - START: /usr/bin/llama-server -m /fake/model.gguf -ngl 999 --flash-attn on --host 0.0.0.0 --port 8085 --tools all --parallel 1 --ctx-size 8192 --batch-size 2048 --mlock --main-gpu 0 --split-mode layer --tensor-split 1.0 --api-key test-token --mmproj-auto --jinja --reasoning on --chat-template-kwargs {"enable_thinking":true} (CUDA_VISIBLE_DEVICES=0, ctx_per_slot=8192, server_ctx=8192, batch_size=2048, thinking_enabled=True, mtp_enabled=False, mtp_draft_tokens=3, mtp_applied=False, gpu_pct=100.0, cpu_pct=0, n_gpu_layers=999, n_cpu_layers=0)
2026-06-09 12:07:32,269 - INFO - START: /usr/bin/llama-server -m /fake/model.gguf -ngl 56 --flash-attn on --host 0.0.0.0 --port 8085 --tools all --parallel 1 --ctx-size 8192 --batch-size 2048 --mlock --main-gpu 0 --split-mode layer --tensor-split 1.0 --api-key test-token --mmproj-auto --jinja --reasoning on --chat-template-kwargs {"enable_thinking":true} (CUDA_VISIBLE_DEVICES=0, ctx_per_slot=8192, server_ctx=8192, batch_size=2048, thinking_enabled=True, mtp_enabled=False, mtp_draft_tokens=3, mtp_applied=False, gpu_pct=70.0, cpu_pct=30.0, n_gpu_layers=56, n_cpu_layers=24)
2026-06-09 12:07:32,307 - INFO - START: /usr/bin/llama-server -m /fake/model.gguf -ngl 999 --flash-attn on --host 0.0.0.0 --port 8085 --tools all --parallel 1 --ctx-size 8192 --batch-size 2048 --mlock --main-gpu 0 --split-mode layer --tensor-split 1.0 --api-key test-token --mmproj-auto --jinja --reasoning on --chat-template-kwargs {"enable_thinking":true} (CUDA_VISIBLE_DEVICES=0, ctx_per_slot=8192, server_ctx=8192, batch_size=2048, thinking_enabled=True, mtp_enabled=False, mtp_draft_tokens=3, mtp_applied=False, gpu_pct=200.0, cpu_pct=0, n_gpu_layers=999, n_cpu_layers=0)
2026-06-09 12:07:32,341 - INFO - START: /usr/bin/llama-server -m /fake/model.gguf -ngl 999 --flash-attn on --host 0.0.0.0 --port 8085 --tools all --parallel 1 --ctx-size 8192 --batch-size 2048 --mlock --main-gpu 0 --split-mode layer --tensor-split 1.0 --api-key test-token --mmproj-auto --jinja --reasoning on --chat-template-kwargs {"enable_thinking":true} (CUDA_VISIBLE_DEVICES=0, ctx_per_slot=8192, server_ctx=8192, batch_size=2048, thinking_enabled=True, mtp_enabled=False, mtp_draft_tokens=3, mtp_applied=False, gpu_pct=100.0, cpu_pct=0, n_gpu_layers=999, n_cpu_layers=0)
2026-06-09 12:07:32,393 - INFO - START: /usr/bin/llama-server -m /fake/model.gguf -ngl 0 --flash-attn on --host 0.0.0.0 --port 8085 --tools all --parallel 1 --ctx-size 8192 --batch-size 2048 --mlock --main-gpu 0 --split-mode layer --tensor-split 1.0 --api-key test-token --mmproj-auto --jinja --reasoning on --chat-template-kwargs {"enable_thinking":true} (CUDA_VISIBLE_DEVICES=0, ctx_per_slot=8192, server_ctx=8192, batch_size=2048, thinking_enabled=True, mtp_enabled=False, mtp_draft_tokens=3, mtp_applied=False, gpu_pct=0, cpu_pct=0, n_gpu_layers=0, n_cpu_layers=32)
2026-06-09 12:07:32,619 - INFO - Verificacao de versao iniciada em /tmp/automanager-test
2026-06-09 12:07:32,625 - WARNING - Diretorio nao e um repositorio git: /tmp/automanager-test
2026-06-09 12:07:32,682 - INFO - Verificacao de versao iniciada em /tmp/automanager-test
2026-06-09 12:07:32,704 - INFO - Versao atualizada (branch=main, ref=aaa1111)
2026-06-09 12:07:32,740 - INFO - Verificacao de versao iniciada em /tmp/automanager-test
2026-06-09 12:07:32,761 - INFO - Atualizacao disponivel (branch=main, ahead=2, aaa1111 -> ddd4444)
2026-06-09 12:07:32,826 - INFO - Verificacao de versao iniciada em /tmp/automanager-test
2026-06-09 12:07:32,843 - WARNING - git fetch falhou (branch=main): fatal: could not read from remote
2026-06-09 12:07:32,879 - INFO - Verificacao de versao iniciada em /tmp/automanager-test
2026-06-09 12:07:32,897 - WARNING - git fetch expirou apos 30s (branch=main)
2026-06-09 12:07:32,933 - INFO - Verificacao de versao iniciada em /tmp/automanager-test
2026-06-09 12:07:32,950 - INFO - Versao atualizada (branch=feature/foo, ref=1111111)
2026-06-09 12:07:32,999 - INFO - Verificacao de versao iniciada em /tmp/automanager-test
2026-06-09 12:07:33,020 - INFO - Atualizacao disponivel (branch=main, ahead=12, local00 -> remote0)
2026-06-09 12:07:33,601 - INFO - models_dir atualizado para C:\Users\s293\AppData\Local\Temp\pytest-of-s293\pytest-246\test_set_models_dir_updates_sc0\new-models
2026-06-09 12:07:33,703 - WARNING - Could not detect model layers for /media/docker/models/model.gguf: Command '"llama-server.exe" --model-info "/media/docker/models/model.gguf" 2>&1' returned non-zero exit status 1.
2026-06-09 12:07:33,796 - WARNING - Could not detect model layers for /media/docker/models/model.gguf: Command '"llama-server.exe" --model-info "/media/docker/models/model.gguf" 2>&1' returned non-zero exit status 1.
2026-06-09 17:12:28,414 - INFO - models_dir atualizado para C:\Users\s293\AppData\Local\Temp\pytest-of-s293\pytest-253\test_set_models_dir_updates_sc0\new-models
2026-06-09 17:12:28,482 - WARNING - llama-server nao encontrado automaticamente; configure LLAMA_SERVER_BIN ou paths.json (llama_server_bin)
2026-06-09 17:12:28,520 - WARNING - Could not detect model layers for /media/docker/models/model.gguf: Command '"llama-server.exe" --model-info "/media/docker/models/model.gguf" 2>&1' returned non-zero exit status 1.
2026-06-09 17:12:28,554 - WARNING - Could not detect model layers for /media/docker/models/model.gguf: Command '"llama-server.exe" --model-info "/media/docker/models/model.gguf" 2>&1' returned non-zero exit status 1.
2026-06-09 17:43:40,245 - INFO - estimate_model_vram_mb [DISK] model=C:\Users\s293\AppData\Local\Temp\pytest-of-s293\pytest-255\test_estimate_model_vram_uses_0\qwen-49b.gguf disk_mb=100 runtime_overhead_mb=256 weights_mb=356 kv_cache_mb=6553 total_mb=6909
2026-06-09 17:43:40,252 - INFO - estimate_model_vram_mb [DISK] model=C:\Users\s293\AppData\Local\Temp\pytest-of-s293\pytest-255\test_estimate_model_vram_uses_0\qwen-49b.gguf disk_mb=100 runtime_overhead_mb=256 weights_mb=356 kv_cache_mb=6553 total_mb=6909
2026-06-09 17:43:40,264 - INFO - === HARDWARE CAPACITY FAILURE ===
  reason=no_feasible_split
  model=huge-model.gguf path=/models/huge-model.gguf
  estimated_model_mb=?
  total_vram_mb=24576 total_vram_gb=24.00
  active_gpus=[0]
  gpu_details=[{'index': 0, 'name': 'RTX 3090', 'vram_mb': 24576}]
  context_size=32768 parallel_slots=2
  message=Não foi possível carregar "huge-model.gguf" em nenhuma divisão testada entre as GPUs selecionadas. O modelo excede a capacidade do hardware atual (~24.0 GB de VRAM em 1 GPU(s)) com contexto 32768 e 2 slot(s).
2026-06-09 17:43:40,271 - INFO - === HARDWARE CAPACITY FAILURE ===
  reason=no_feasible_split
  model=huge-model.gguf path=/models/huge-model.gguf
  estimated_model_mb=?
  total_vram_mb=24576 total_vram_gb=24.00
  active_gpus=[0]
  gpu_details=[{'index': 0, 'name': 'RTX 3090', 'vram_mb': 24576}]
  context_size=32768 parallel_slots=2
  message=Não foi possível carregar "huge-model.gguf" em nenhuma divisão testada entre as GPUs selecionadas. O modelo excede a capacidade do hardware atual (~24.0 GB de VRAM em 1 GPU(s)) com contexto 32768 e 2 slot(s).
2026-06-09 17:43:40,277 - WARNING - OOM detected! Consecutive: 1
2026-06-09 17:43:40,323 - INFO - === Fase 1 INICIO (GPUs primeiro, CPU permitido neste passo) ===
2026-06-09 17:43:40,330 - INFO - === Fase 1 INICIO (GPUs primeiro, CPU permitido neste passo) ===
2026-06-09 17:43:40,334 - INFO - Fase 1 — Tentativa 1: Main GPU2 100%
2026-06-09 17:43:40,340 - INFO - Fase 1 — Tentativa 1: Main GPU2 100%
2026-06-09 17:43:40,398 - INFO - Fase 1 — Tentativa 2: Main + 1ª GPU (cascata: GPU2=90%, GPU0=10%)
2026-06-09 17:43:40,403 - INFO - Fase 1 — Tentativa 2: Main + 1ª GPU (cascata: GPU2=90%, GPU0=10%)
2026-06-09 17:43:40,419 - INFO - Fase 1 — Tentativa 3: Main + 2ª GPU (cascata: GPU2=80%, GPU0=10%, GPU1=10%)
2026-06-09 17:43:40,425 - INFO - Fase 1 — Tentativa 3: Main + 2ª GPU (cascata: GPU2=80%, GPU0=10%, GPU1=10%)
2026-06-09 17:43:40,441 - INFO - Fase 1 — Tentativa 3: Main + 2ª GPU (cascata: GPU2=70%, GPU0=10%, GPU1=10%)
2026-06-09 17:43:40,448 - INFO - Fase 1 — Tentativa 3: Main + 2ª GPU (cascata: GPU2=70%, GPU0=10%, GPU1=10%)
2026-06-09 17:43:40,464 - INFO - Fase 1 — Tentativa 3: Main + 2ª GPU (cascata: GPU2=60%, GPU0=10%, GPU1=10%)
2026-06-09 17:43:40,470 - INFO - Fase 1 — Tentativa 3: Main + 2ª GPU (cascata: GPU2=60%, GPU0=10%, GPU1=10%)
2026-06-09 17:43:40,486 - INFO - Fase 1 — Tentativa 3: Main + 2ª GPU (cascata: GPU2=50%, GPU0=10%, GPU1=10%)
2026-06-09 17:43:40,492 - INFO - Fase 1 — Tentativa 3: Main + 2ª GPU (cascata: GPU2=50%, GPU0=10%, GPU1=10%)
2026-06-09 17:43:40,507 - INFO - Fase 1 — Tentativa 3: Main + 2ª GPU (cascata: GPU2=40%, GPU0=10%, GPU1=10%)
2026-06-09 17:43:40,515 - INFO - Fase 1 — Tentativa 3: Main + 2ª GPU (cascata: GPU2=40%, GPU0=10%, GPU1=10%)
2026-06-09 17:43:40,532 - INFO - Fase 1 — Tentativa 3: Main + 2ª GPU (cascata: GPU2=30%, GPU0=10%, GPU1=10%)
2026-06-09 17:43:40,540 - INFO - Fase 1 — Tentativa 3: Main + 2ª GPU (cascata: GPU2=30%, GPU0=10%, GPU1=10%)
2026-06-09 17:43:40,556 - INFO - Fase 1 — Tentativa 3: Main + 2ª GPU (cascata: GPU2=20%, GPU0=10%, GPU1=10%)
2026-06-09 17:43:40,562 - INFO - Fase 1 — Tentativa 3: Main + 2ª GPU (cascata: GPU2=20%, GPU0=10%, GPU1=10%)
2026-06-09 17:43:40,579 - INFO - Fase 1 — Tentativa 3: Main + 2ª GPU (cascata: GPU2=10%, GPU0=10%, GPU1=10%)
2026-06-09 17:43:40,590 - INFO - Fase 1 — Tentativa 3: Main + 2ª GPU (cascata: GPU2=10%, GPU0=10%, GPU1=10%)
2026-06-09 17:43:40,609 - INFO - === Fase 1 INICIO (GPUs primeiro, CPU permitido neste passo) ===
2026-06-09 17:43:40,616 - INFO - === Fase 1 INICIO (GPUs primeiro, CPU permitido neste passo) ===
2026-06-09 17:43:40,623 - INFO - Fase 1 — Tentativa 1: Main GPU2 100%
2026-06-09 17:43:40,630 - INFO - Fase 1 — Tentativa 1: Main GPU2 100%
2026-06-09 17:43:40,649 - INFO - PROBE #1 START (gpus=1): weight_map={0: 100%} synced={0: 100%} cpu=10->0 [gpu[0]=100.0%, cpu[-1]=0.0%]
2026-06-09 17:43:40,655 - INFO - PROBE #1 START (gpus=1): weight_map={0: 100%} synced={0: 100%} cpu=10->0 [gpu[0]=100.0%, cpu[-1]=0.0%]
2026-06-09 17:43:40,660 - INFO - PROBE #1 RESULT: ready | synced={0: 100%} cpu=0
2026-06-09 17:43:40,666 - INFO - PROBE #1 RESULT: ready | synced={0: 100%} cpu=0
2026-06-09 17:43:40,683 - INFO - Fase 2: input weight_map={2: 80%, 0: 10%, 1: 10%} main_index=2
2026-06-09 17:43:40,689 - INFO - Fase 2: input weight_map={2: 80%, 0: 10%, 1: 10%} main_index=2
2026-06-09 17:43:40,695 - INFO - Auto-balance GPU 2: weight=80% vram=0.0%
2026-06-09 17:43:40,701 - INFO - Auto-balance GPU 0: weight=10% vram=0.0%
2026-06-09 17:43:40,706 - INFO - Auto-balance GPU 1: weight=10% vram=0.0%
2026-06-09 17:43:40,713 - INFO - TRIM: GPU1 removida — 10% redistribuido para GPU2 | GPU2=90%, GPU0=10%
2026-06-09 17:43:40,719 - INFO - TRIM: GPU1 removida — 10% redistribuido para GPU2 | GPU2=90%, GPU0=10%
2026-06-09 17:43:40,723 - WARNING - TRIM: GPU0 mantida (10%) — probe=oom
2026-06-09 17:43:40,730 - WARNING - TRIM: GPU0 mantida (10%) — probe=oom
2026-06-09 17:43:40,735 - WARNING - TRIM: GPU1 mantida (10%) — probe=oom
2026-06-09 17:43:40,743 - WARNING - TRIM: GPU1 mantida (10%) — probe=oom
2026-06-09 17:43:40,747 - WARNING - TRIM: GPU0 mantida (10%) — probe=oom
2026-06-09 17:43:40,765 - WARNING - TRIM: GPU0 mantida (10%) — probe=oom
2026-06-09 17:43:40,780 - INFO - estimate_model_vram_mb [DISK] model=/models/test.gguf disk_mb=21109 runtime_overhead_mb=1055 weights_mb=22164 kv_cache_mb=409 total_mb=22573
2026-06-09 17:43:40,794 - INFO - estimate_model_vram_mb [DISK] model=/models/test.gguf disk_mb=21109 runtime_overhead_mb=1055 weights_mb=22164 kv_cache_mb=409 total_mb=22573
2026-06-09 17:43:40,802 - INFO - estimate_model_vram_mb [DISK] model=/models/test.gguf disk_mb=21109 runtime_overhead_mb=1055 weights_mb=22164 kv_cache_mb=409 total_mb=22573
2026-06-09 17:43:40,837 - INFO - estimate_model_vram_mb [DISK] model=/models/test.gguf disk_mb=21109 runtime_overhead_mb=1055 weights_mb=22164 kv_cache_mb=409 total_mb=22573
2026-06-09 17:43:40,843 - INFO - === Auto-balance EMPIRICAL START ===
  model=test.gguf path=/models/test.gguf
  context_size=4096 parallel_slots=1
  weights_mb=22164 (21.64 GB)  kv_cache_mb=409  total_mb=22573 (22.04 GB)
  active_gpus=3 | total_vram=57344 MB (56.00 GB)
  gpu_vram={0: 16384, 1: 16384, 2: 24576}
  gpu_names={0: Tesla P100-PCIE-16GB, 1: Tesla P100-PCIE-16GB, 2: NVIDIA GeForce RTX 3090}
  main_index=2
  spill_order=[2, 0, 1]
  cpu_enabled=True
  pins_count=0
2026-06-09 17:43:40,853 - INFO - === Auto-balance EMPIRICAL START ===
  model=test.gguf path=/models/test.gguf
  context_size=4096 parallel_slots=1
  weights_mb=22164 (21.64 GB)  kv_cache_mb=409  total_mb=22573 (22.04 GB)
  active_gpus=3 | total_vram=57344 MB (56.00 GB)
  gpu_vram={0: 16384, 1: 16384, 2: 24576}
  gpu_names={0: Tesla P100-PCIE-16GB, 1: Tesla P100-PCIE-16GB, 2: NVIDIA GeForce RTX 3090}
  main_index=2
  spill_order=[2, 0, 1]
  cpu_enabled=True
  pins_count=0
2026-06-09 17:43:40,858 - INFO - === Fase 1 INICIO (GPUs primeiro) ===
2026-06-09 17:43:40,864 - INFO - === Fase 1 INICIO (GPUs primeiro) ===
2026-06-09 17:43:40,868 - INFO - Fase 1 — Tentativa 1: Main GPU2 100%
2026-06-09 17:43:40,875 - INFO - Fase 1 — Tentativa 1: Main GPU2 100%
2026-06-09 17:43:40,893 - INFO - Fase 1 — Tentativa 2: Main + 1ª GPU (cascata: GPU2=90%, GPU0=10%)
2026-06-09 17:43:40,899 - INFO - Fase 1 — Tentativa 2: Main + 1ª GPU (cascata: GPU2=90%, GPU0=10%)
2026-06-09 17:43:40,917 - INFO - === Auto-balance: Fase 1 viavel ===
  weight_label=GPU2=90%, GPU0=10%
  weight_map={2: 90%, 0: 10%}
  cpu_weight=0
2026-06-09 17:43:40,923 - INFO - === Auto-balance: Fase 1 viavel ===
  weight_label=GPU2=90%, GPU0=10%
  weight_map={2: 90%, 0: 10%}
  cpu_weight=0
2026-06-09 17:43:40,927 - WARNING - TRIM: GPU0 mantida (10%) — probe=oom
2026-06-09 17:43:40,934 - WARNING - TRIM: GPU0 mantida (10%) — probe=oom
2026-06-09 17:43:40,938 - INFO - === Fase 2 PREPARANDO ===
  trimmed={2: 90%, 0: 10%} main_index=2 cpu_enabled=True
2026-06-09 17:43:40,944 - INFO - === Fase 2 PREPARANDO ===
  trimmed={2: 90%, 0: 10%} main_index=2 cpu_enabled=True
2026-06-09 17:43:40,949 - INFO - === Fase 2 INICIO (maximizar VRAM, GPU-only) ===
2026-06-09 17:43:40,955 - INFO - === Fase 2 INICIO (maximizar VRAM, GPU-only) ===
2026-06-09 17:43:40,959 - INFO - Fase 2: input weight_map={2: 90%, 0: 10%} main_index=2
2026-06-09 17:43:40,965 - INFO - Fase 2: input weight_map={2: 90%, 0: 10%} main_index=2
2026-06-09 17:43:40,969 - INFO - Auto-balance GPU 2: weight=92% vram=96.0%
2026-06-09 17:43:40,974 - INFO - Auto-balance GPU 0: weight=8% vram=8.0%
2026-06-09 17:43:40,979 - INFO - === Fase 2 CONCLUIDA ===
  weight_map={2: 92%, 0: 8%}
  cpu_weight=0
2026-06-09 17:43:40,986 - INFO - === Fase 2 CONCLUIDA ===
  weight_map={2: 92%, 0: 8%}
  cpu_weight=0
2026-06-09 17:43:40,995 - INFO - === Fase 3 INICIO (fine-tuning 1%, GPU-only) ===
  main_gpu=2 current_weight=92% max_possible=100%
  secondary_total=8% CPU=desabilitado
2026-06-09 17:43:41,006 - INFO - === Fase 3 INICIO (fine-tuning 1%, GPU-only) ===
  main_gpu=2 current_weight=92% max_possible=100%
  secondary_total=8% CPU=desabilitado
2026-06-09 17:43:41,033 - WARNING - Fase 3: sem incremento possivel — main GPU2 ja em 92%
2026-06-09 17:43:41,040 - WARNING - Fase 3: sem incremento possivel — main GPU2 ja em 92%
2026-06-09 17:43:41,050 - INFO - _vram_summary: weight_map={2: 92%, 0: 8%} -> summary=GPU2 VRAM 97%; GPU0 VRAM 7%
2026-06-09 17:43:41,060 - INFO - === Auto-balance: peso final ===
  weight_label=GPU2=92%, GPU0=8%
  weight_map={2: 92%, 0: 8%}
  cpu_weight=0
2026-06-09 17:43:41,073 - INFO - === Auto-balance: peso final ===
  weight_label=GPU2=92%, GPU0=8%
  weight_map={2: 92%, 0: 8%}
  cpu_weight=0
2026-06-09 17:43:41,084 - INFO - === HARDWARE SNAPSHOT BEFORE FINAL ===
  gpus=[GPU0: used=1147MB total=16384MB util=0%; GPU1: used=0MB total=16384MB util=0%; GPU2: used=23839MB total=24576MB util=0%]
2026-06-09 17:43:41,100 - INFO - === HARDWARE SNAPSHOT BEFORE FINAL ===
  gpus=[GPU0: used=1147MB total=16384MB util=0%; GPU1: used=0MB total=16384MB util=0%; GPU2: used=23839MB total=24576MB util=0%]
2026-06-09 17:43:41,113 - INFO - === Auto-balance SUCCESS ===
  message=Balance otimizado (GPU2=92%, GPU0=8%). GPU2 VRAM 97%; GPU0 VRAM 7%
  gpu_weights_exported=4 entries
2026-06-09 17:43:41,125 - INFO - === Auto-balance SUCCESS ===
  message=Balance otimizado (GPU2=92%, GPU0=8%). GPU2 VRAM 97%; GPU0 VRAM 7%
  gpu_weights_exported=4 entries
2026-06-09 17:43:41,199 - INFO - Session expired due to inactivity
2026-06-09 17:43:41,280 - INFO - START: /usr/bin/llama-server -m /fake/model.gguf -ngl 999 --flash-attn on --host 0.0.0.0 --port 8085 --tools all --parallel 1 --ctx-size 8192 --batch-size 2048 --mlock --main-gpu 0 --split-mode layer --tensor-split 1.0000 --api-key sk-test --mmproj-auto --jinja --reasoning on --chat-template-kwargs {"enable_thinking":true} (CUDA_VISIBLE_DEVICES=0, ctx_per_slot=8192, server_ctx=8192, batch_size=2048, thinking_enabled=True, mtp_enabled=False, mtp_draft_tokens=3, mtp_applied=False, gpu_pct=100.0, cpu_pct=0, n_gpu_layers=999, n_cpu_layers=0)
2026-06-09 17:43:41,292 - INFO - START: /usr/bin/llama-server -m /fake/model.gguf -ngl 999 --flash-attn on --host 0.0.0.0 --port 8085 --tools all --parallel 1 --ctx-size 8192 --batch-size 2048 --mlock --main-gpu 0 --split-mode layer --tensor-split 0.5000,0.5000 --api-key sk-test --mmproj-auto --jinja --reasoning on --chat-template-kwargs {"enable_thinking":true} (CUDA_VISIBLE_DEVICES=0,1, ctx_per_slot=8192, server_ctx=8192, batch_size=2048, thinking_enabled=True, mtp_enabled=False, mtp_draft_tokens=3, mtp_applied=False, gpu_pct=100.0, cpu_pct=0, n_gpu_layers=999, n_cpu_layers=0)
2026-06-09 17:43:41,310 - INFO - START: /usr/bin/llama-server -m /fake/model.gguf -ngl 999 --flash-attn on --host 0.0.0.0 --port 8085 --tools all --parallel 1 --ctx-size 8192 --batch-size 2048 --mlock --main-gpu 0 --split-mode layer --tensor-split 1.0000 --api-key sk-test --mmproj-auto --jinja --reasoning on --chat-template-kwargs {"enable_thinking":true} (CUDA_VISIBLE_DEVICES=0, ctx_per_slot=8192, server_ctx=8192, batch_size=2048, thinking_enabled=True, mtp_enabled=False, mtp_draft_tokens=3, mtp_applied=False, gpu_pct=100.0, cpu_pct=0, n_gpu_layers=999, n_cpu_layers=0)
2026-06-09 17:43:41,326 - INFO - START: /usr/bin/llama-server -m /fake/model.gguf -ngl 22 --flash-attn on --host 0.0.0.0 --port 8085 --tools all --parallel 1 --ctx-size 8192 --batch-size 2048 --mlock --main-gpu 0 --split-mode layer --tensor-split 1.0000 --api-key sk-test --mmproj-auto --jinja --reasoning on --chat-template-kwargs {"enable_thinking":true} (CUDA_VISIBLE_DEVICES=0, ctx_per_slot=8192, server_ctx=8192, batch_size=2048, thinking_enabled=True, mtp_enabled=False, mtp_draft_tokens=3, mtp_applied=False, gpu_pct=70.0, cpu_pct=30.0, n_gpu_layers=22, n_cpu_layers=10)
2026-06-09 17:43:41,341 - ERROR - GPU metrics error: not enough values to unpack (expected 2, got 0)
2026-06-09 17:43:41,455 - INFO - START: /usr/bin/llama-server -m /fake/model.gguf -ngl 999 --flash-attn on --host 0.0.0.0 --port 8085 --tools all --parallel 1 --ctx-size 8192 --batch-size 2048 --mlock --main-gpu 0 --split-mode layer --tensor-split 1.0000 --api-key sk-test --mmproj-auto --jinja --reasoning on --chat-template-kwargs {"enable_thinking":true} (CUDA_VISIBLE_DEVICES=0, ctx_per_slot=8192, server_ctx=8192, batch_size=2048, thinking_enabled=True, mtp_enabled=False, mtp_draft_tokens=3, mtp_applied=False, gpu_pct=70.0, cpu_pct=0.0, n_gpu_layers=999, n_cpu_layers=0)
2026-06-09 17:43:41,470 - INFO - START: /usr/bin/llama-server -m /fake/model.gguf -ngl 22 --flash-attn on --host 0.0.0.0 --port 8085 --tools all --parallel 1 --ctx-size 8192 --batch-size 2048 --mlock --main-gpu 0 --split-mode layer --tensor-split 1.0000 --api-key sk-test --mmproj-auto --jinja --reasoning on --chat-template-kwargs {"enable_thinking":true} (CUDA_VISIBLE_DEVICES=0, ctx_per_slot=8192, server_ctx=8192, batch_size=2048, thinking_enabled=True, mtp_enabled=False, mtp_draft_tokens=3, mtp_applied=False, gpu_pct=70.0, cpu_pct=30.0, n_gpu_layers=22, n_cpu_layers=10)
2026-06-09 17:43:41,481 - ERROR - GPU metrics error: not enough values to unpack (expected 2, got 0)
2026-06-09 17:43:41,594 - INFO - START: /usr/bin/llama-server -m /fake/model.gguf -ngl 999 --flash-attn on --host 0.0.0.0 --port 8085 --tools all --parallel 1 --ctx-size 8192 --batch-size 2048 --mlock --main-gpu 0 --split-mode layer --tensor-split 1.0000 --api-key sk-test --mmproj-auto --jinja --reasoning on --chat-template-kwargs {"enable_thinking":true} (CUDA_VISIBLE_DEVICES=0, ctx_per_slot=8192, server_ctx=8192, batch_size=2048, thinking_enabled=True, mtp_enabled=False, mtp_draft_tokens=3, mtp_applied=False, gpu_pct=70.0, cpu_pct=0.0, n_gpu_layers=999, n_cpu_layers=0)
2026-06-09 17:43:41,613 - INFO - START: /usr/bin/llama-server -m /fake/model.gguf -ngl 70 --flash-attn on --host 0.0.0.0 --port 8085 --tools all --parallel 1 --ctx-size 8192 --batch-size 2048 --mlock --main-gpu 0 --split-mode layer --tensor-split 0.7143,0.2857 --api-key sk-test --mmproj-auto --jinja --reasoning on --chat-template-kwargs {"enable_thinking":true} (CUDA_VISIBLE_DEVICES=0,1, ctx_per_slot=8192, server_ctx=8192, batch_size=2048, thinking_enabled=True, mtp_enabled=False, mtp_draft_tokens=3, mtp_applied=False, gpu_pct=70.0, cpu_pct=30.0, n_gpu_layers=70, n_cpu_layers=30)
2026-06-09 17:43:41,626 - INFO - START: /usr/bin/llama-server -m /fake/model.gguf -ngl 999 --flash-attn on --host 0.0.0.0 --port 8085 --tools all --parallel 1 --ctx-size 8192 --batch-size 2048 --mlock --main-gpu 1 --split-mode layer --tensor-split 0.6000,0.4000 --api-key sk-test --mmproj-auto --jinja --reasoning on --chat-template-kwargs {"enable_thinking":true} (CUDA_VISIBLE_DEVICES=0,1, ctx_per_slot=8192, server_ctx=8192, batch_size=2048, thinking_enabled=True, mtp_enabled=False, mtp_draft_tokens=3, mtp_applied=False, gpu_pct=100.0, cpu_pct=0, n_gpu_layers=999, n_cpu_layers=0)
2026-06-09 17:43:41,640 - INFO - === Auto-balance EMPIRICAL START ===
  model=test.gguf path=/models/test.gguf
  context_size=4096 parallel_slots=1
  weights_mb=20000 (19.53 GB)  kv_cache_mb=0  total_mb=20000 (19.53 GB)
  active_gpus=2 | total_vram=40000 MB (39.06 GB)
  gpu_vram={0: 24000, 1: 16000}
  gpu_names={0: GPU0, 1: GPU1}
  main_index=0
  spill_order=[0, 1]
  cpu_enabled=True
  pins_count=0
2026-06-09 17:43:41,652 - INFO - === Auto-balance EMPIRICAL START ===
  model=test.gguf path=/models/test.gguf
  context_size=4096 parallel_slots=1
  weights_mb=20000 (19.53 GB)  kv_cache_mb=0  total_mb=20000 (19.53 GB)
  active_gpus=2 | total_vram=40000 MB (39.06 GB)
  gpu_vram={0: 24000, 1: 16000}
  gpu_names={0: GPU0, 1: GPU1}
  main_index=0
  spill_order=[0, 1]
  cpu_enabled=True
  pins_count=0
2026-06-09 17:43:41,661 - INFO - === Fase 1 INICIO (GPUs primeiro) ===
2026-06-09 17:43:41,682 - INFO - === Fase 1 INICIO (GPUs primeiro) ===
2026-06-09 17:43:41,690 - INFO - Fase 1 — Tentativa 1: Main GPU0 100%
2026-06-09 17:43:41,701 - INFO - Fase 1 — Tentativa 1: Main GPU0 100%
2026-06-09 17:43:41,741 - INFO - === Auto-balance: Fase 1 viavel ===
  weight_label=GPU0=100%
  weight_map={0: 100%}
  cpu_weight=0
2026-06-09 17:43:41,750 - INFO - === Auto-balance: Fase 1 viavel ===
  weight_label=GPU0=100%
  weight_map={0: 100%}
  cpu_weight=0
2026-06-09 17:43:41,760 - INFO - === Fase 2 PREPARANDO ===
  trimmed={0: 100%} main_index=0 cpu_enabled=True
2026-06-09 17:43:41,771 - INFO - === Fase 2 PREPARANDO ===
  trimmed={0: 100%} main_index=0 cpu_enabled=True
2026-06-09 17:43:41,779 - INFO - === Fase 2 INICIO (maximizar VRAM, GPU-only) ===
2026-06-09 17:43:41,791 - INFO - === Fase 2 INICIO (maximizar VRAM, GPU-only) ===
2026-06-09 17:43:41,801 - INFO - === Fase 2 CONCLUIDA ===
  weight_map={0: 100%}
  cpu_weight=0
2026-06-09 17:43:41,816 - INFO - === Fase 2 CONCLUIDA ===
  weight_map={0: 100%}
  cpu_weight=0
2026-06-09 17:43:41,825 - INFO - Fase 3: GPU0 já está em 100% — pulando fine-tuning
2026-06-09 17:43:41,836 - INFO - Fase 3: GPU0 já está em 100% — pulando fine-tuning
2026-06-09 17:43:41,846 - INFO - _vram_summary: weight_map={0: 100%} -> summary=GPU0 VRAM 0%
2026-06-09 17:43:41,855 - INFO - === Auto-balance: peso final ===
  weight_label=GPU0=100%
  weight_map={0: 100%}
  cpu_weight=0
2026-06-09 17:43:41,866 - INFO - === Auto-balance: peso final ===
  weight_label=GPU0=100%
  weight_map={0: 100%}
  cpu_weight=0
2026-06-09 17:43:41,875 - INFO - === HARDWARE SNAPSHOT BEFORE FINAL ===
  gpus=[]
2026-06-09 17:43:41,886 - INFO - === HARDWARE SNAPSHOT BEFORE FINAL ===
  gpus=[]
2026-06-09 17:43:41,896 - INFO - === Auto-balance SUCCESS ===
  message=Balance otimizado (GPU0=100%). GPU0 VRAM 0%
  gpu_weights_exported=3 entries
2026-06-09 17:43:41,907 - INFO - === Auto-balance SUCCESS ===
  message=Balance otimizado (GPU0=100%). GPU0 VRAM 0%
  gpu_weights_exported=3 entries
2026-06-09 17:43:41,918 - INFO - === Auto-balance EMPIRICAL START ===
  model=test.gguf path=/models/test.gguf
  context_size=4096 parallel_slots=1
  weights_mb=20000 (19.53 GB)  kv_cache_mb=0  total_mb=20000 (19.53 GB)
  active_gpus=1 | total_vram=24000 MB (23.44 GB)
  gpu_vram={0: 24000}
  gpu_names={0: GPU0}
  main_index=0
  spill_order=[0]
  cpu_enabled=True
  pins_count=1
2026-06-09 17:43:41,931 - INFO - === Auto-balance EMPIRICAL START ===
  model=test.gguf path=/models/test.gguf
  context_size=4096 parallel_slots=1
  weights_mb=20000 (19.53 GB)  kv_cache_mb=0  total_mb=20000 (19.53 GB)
  active_gpus=1 | total_vram=24000 MB (23.44 GB)
  gpu_vram={0: 24000}
  gpu_names={0: GPU0}
  main_index=0
  spill_order=[0]
  cpu_enabled=True
  pins_count=1
2026-06-09 17:43:41,942 - INFO - === Auto-balance: Fase 1 viavel ===
  weight_label=GPU0=100%
  weight_map={0: 100%}
  cpu_weight=0
2026-06-09 17:43:41,954 - INFO - === Auto-balance: Fase 1 viavel ===
  weight_label=GPU0=100%
  weight_map={0: 100%}
  cpu_weight=0
2026-06-09 17:43:41,965 - INFO - === Fase 2 PREPARANDO ===
  trimmed={0: 100%} main_index=0 cpu_enabled=True
2026-06-09 17:43:41,976 - INFO - === Fase 2 PREPARANDO ===
  trimmed={0: 100%} main_index=0 cpu_enabled=True
2026-06-09 17:43:41,988 - INFO - === Fase 2 INICIO (maximizar VRAM, GPU-only) ===
2026-06-09 17:43:42,001 - INFO - === Fase 2 INICIO (maximizar VRAM, GPU-only) ===
2026-06-09 17:43:42,010 - INFO - === Fase 2 CONCLUIDA ===
  weight_map={0: 100%}
  cpu_weight=0
2026-06-09 17:43:42,023 - INFO - === Fase 2 CONCLUIDA ===
  weight_map={0: 100%}
  cpu_weight=0
2026-06-09 17:43:42,034 - INFO - Fase 3: GPU0 já está em 100% — pulando fine-tuning
2026-06-09 17:43:42,047 - INFO - Fase 3: GPU0 já está em 100% — pulando fine-tuning
2026-06-09 17:43:42,057 - INFO - _vram_summary: weight_map={0: 100%} -> summary=GPU0 VRAM 0%
2026-06-09 17:43:42,066 - INFO - === Auto-balance: peso final ===
  weight_label=GPU0=100%
  weight_map={0: 100%}
  cpu_weight=0
2026-06-09 17:43:42,078 - INFO - === Auto-balance: peso final ===
  weight_label=GPU0=100%
  weight_map={0: 100%}
  cpu_weight=0
2026-06-09 17:43:42,088 - INFO - === HARDWARE SNAPSHOT BEFORE FINAL ===
  gpus=[]
2026-06-09 17:43:42,100 - INFO - === HARDWARE SNAPSHOT BEFORE FINAL ===
  gpus=[]
2026-06-09 17:43:42,107 - INFO - === Auto-balance SUCCESS ===
  message=Balance otimizado (GPU0=100%). GPU0 VRAM 0%
  gpu_weights_exported=2 entries
2026-06-09 17:43:42,120 - INFO - === Auto-balance SUCCESS ===
  message=Balance otimizado (GPU0=100%). GPU0 VRAM 0%
  gpu_weights_exported=2 entries
2026-06-09 17:43:42,131 - INFO - === Fase 1 INICIO (GPUs primeiro, CPU permitido neste passo) ===
2026-06-09 17:43:42,144 - INFO - === Fase 1 INICIO (GPUs primeiro, CPU permitido neste passo) ===
2026-06-09 17:43:42,154 - INFO - Fase 1 — Tentativa 1: Main GPU0 100%
2026-06-09 17:43:42,166 - INFO - Fase 1 — Tentativa 1: Main GPU0 100%
2026-06-09 17:43:42,193 - INFO - Fase 1 — Tentativa 2: Main + 1ª GPU (cascata: GPU0=90%, GPU1=10%)
2026-06-09 17:43:42,200 - INFO - Fase 1 — Tentativa 2: Main + 1ª GPU (cascata: GPU0=90%, GPU1=10%)
2026-06-09 17:43:42,226 - INFO - Fase 1 — Tentativa 2: Main + 1ª GPU (cascata: GPU0=80%, GPU1=10%)
2026-06-09 17:43:42,232 - INFO - Fase 1 — Tentativa 2: Main + 1ª GPU (cascata: GPU0=80%, GPU1=10%)
2026-06-09 17:43:42,264 - INFO - Fase 1 — Tentativa 2: Main + 1ª GPU (cascata: GPU0=70%, GPU1=10%)
2026-06-09 17:43:42,270 - INFO - Fase 1 — Tentativa 2: Main + 1ª GPU (cascata: GPU0=70%, GPU1=10%)
2026-06-09 17:43:42,302 - INFO - === Auto-balance EMPIRICAL START ===
  model=test.gguf path=/models/test.gguf
  context_size=4096 parallel_slots=1
  weights_mb=30000 (29.30 GB)  kv_cache_mb=0  total_mb=30000 (29.30 GB)
  active_gpus=2 | total_vram=40000 MB (39.06 GB)
  gpu_vram={0: 24000, 1: 16000}
  gpu_names={0: GPU0, 1: GPU1}
  main_index=0
  spill_order=[0, 1]
  cpu_enabled=True
  pins_count=0
2026-06-09 17:43:42,310 - INFO - === Auto-balance EMPIRICAL START ===
  model=test.gguf path=/models/test.gguf
  context_size=4096 parallel_slots=1
  weights_mb=30000 (29.30 GB)  kv_cache_mb=0  total_mb=30000 (29.30 GB)
  active_gpus=2 | total_vram=40000 MB (39.06 GB)
  gpu_vram={0: 24000, 1: 16000}
  gpu_names={0: GPU0, 1: GPU1}
  main_index=0
  spill_order=[0, 1]
  cpu_enabled=True
  pins_count=0
2026-06-09 17:43:42,320 - INFO - === Auto-balance: Fase 1 viavel ===
  weight_label=GPU0=100%
  weight_map={0: 100%}
  cpu_weight=0
2026-06-09 17:43:42,337 - INFO - === Auto-balance: Fase 1 viavel ===
  weight_label=GPU0=100%
  weight_map={0: 100%}
  cpu_weight=0
2026-06-09 17:43:42,348 - INFO - === Fase 2 PREPARANDO ===
  trimmed={0: 100%} main_index=0 cpu_enabled=True
2026-06-09 17:43:42,364 - INFO - === Fase 2 PREPARANDO ===
  trimmed={0: 100%} main_index=0 cpu_enabled=True
2026-06-09 17:43:42,376 - INFO - === Fase 2 INICIO (maximizar VRAM, GPU-only) ===
2026-06-09 17:43:42,394 - INFO - === Fase 2 INICIO (maximizar VRAM, GPU-only) ===
2026-06-09 17:43:42,403 - INFO - === Fase 2 CONCLUIDA ===
  weight_map={0: 100%}
  cpu_weight=0
2026-06-09 17:43:42,423 - INFO - === Fase 2 CONCLUIDA ===
  weight_map={0: 100%}
  cpu_weight=0
2026-06-09 17:43:42,435 - INFO - Fase 3: GPU0 já está em 100% — pulando fine-tuning
2026-06-09 17:43:42,456 - INFO - Fase 3: GPU0 já está em 100% — pulando fine-tuning
2026-06-09 17:43:42,470 - INFO - _vram_summary: weight_map={0: 100%} -> summary=GPU0 VRAM 0%
2026-06-09 17:43:42,480 - INFO - === Auto-balance: peso final ===
  weight_label=GPU0=100%
  weight_map={0: 100%}
  cpu_weight=0
2026-06-09 17:43:42,497 - INFO - === Auto-balance: peso final ===
  weight_label=GPU0=100%
  weight_map={0: 100%}
  cpu_weight=0
2026-06-09 17:43:42,509 - INFO - === HARDWARE SNAPSHOT BEFORE FINAL ===
  gpus=[]
2026-06-09 17:43:42,531 - INFO - === HARDWARE SNAPSHOT BEFORE FINAL ===
  gpus=[]
2026-06-09 17:43:42,540 - INFO - === Auto-balance SUCCESS ===
  message=Balance otimizado (GPU0=100%). GPU0 VRAM 0%
  gpu_weights_exported=3 entries
2026-06-09 17:43:42,563 - INFO - === Auto-balance SUCCESS ===
  message=Balance otimizado (GPU0=100%). GPU0 VRAM 0%
  gpu_weights_exported=3 entries
2026-06-09 17:43:42,580 - INFO - === Auto-balance EMPIRICAL START ===
  model=test.gguf path=/models/test.gguf
  context_size=4096 parallel_slots=1
  weights_mb=70000 (68.36 GB)  kv_cache_mb=0  total_mb=70000 (68.36 GB)
  active_gpus=2 | total_vram=40000 MB (39.06 GB)
  gpu_vram={0: 24000, 1: 16000}
  gpu_names={0: GPU0, 1: GPU1}
  main_index=0
  spill_order=[0, 1]
  cpu_enabled=True
  pins_count=0
2026-06-09 17:43:42,598 - INFO - === Auto-balance EMPIRICAL START ===
  model=test.gguf path=/models/test.gguf
  context_size=4096 parallel_slots=1
  weights_mb=70000 (68.36 GB)  kv_cache_mb=0  total_mb=70000 (68.36 GB)
  active_gpus=2 | total_vram=40000 MB (39.06 GB)
  gpu_vram={0: 24000, 1: 16000}
  gpu_names={0: GPU0, 1: GPU1}
  main_index=0
  spill_order=[0, 1]
  cpu_enabled=True
  pins_count=0
2026-06-09 17:43:42,611 - WARNING - Fase 1 — GPUs esgotadas sem split viável; tentando maximizar todas as GPUs antes de CPU
2026-06-09 17:43:42,633 - WARNING - Fase 1 — GPUs esgotadas sem split viável; tentando maximizar todas as GPUs antes de CPU
2026-06-09 17:43:42,643 - WARNING - Fase 1 — maximização GPU-only falhou; iniciando CPU offload (último recurso, +10% por tentativa)
2026-06-09 17:43:42,663 - WARNING - Fase 1 — maximização GPU-only falhou; iniciando CPU offload (último recurso, +10% por tentativa)
2026-06-09 17:43:42,676 - INFO - === Auto-balance: Fase 1 viavel ===
  weight_label=GPU0=50%, GPU1=20%, CPU=30%
  weight_map={0: 50%, 1: 20%}
  cpu_weight=30
2026-06-09 17:43:42,693 - INFO - === Auto-balance: Fase 1 viavel ===
  weight_label=GPU0=50%, GPU1=20%, CPU=30%
  weight_map={0: 50%, 1: 20%}
  cpu_weight=30
2026-06-09 17:43:42,701 - INFO - === Fase 2 PREPARANDO ===
  trimmed={0: 50%, 1: 20%} main_index=0 cpu_enabled=True
2026-06-09 17:43:42,719 - INFO - === Fase 2 PREPARANDO ===
  trimmed={0: 50%, 1: 20%} main_index=0 cpu_enabled=True
2026-06-09 17:43:42,731 - INFO - === Fase 2 INICIO (maximizar VRAM, GPU-only) ===
2026-06-09 17:43:42,749 - INFO - === Fase 2 INICIO (maximizar VRAM, GPU-only) ===
2026-06-09 17:43:42,758 - INFO - === Fase 2 CONCLUIDA ===
  weight_map={0: 50%, 1: 20%}
  cpu_weight=30
2026-06-09 17:43:42,773 - INFO - === Fase 2 CONCLUIDA ===
  weight_map={0: 50%, 1: 20%}
  cpu_weight=30
2026-06-09 17:43:42,781 - INFO - === Fase 3 INICIO (fine-tuning 1%, GPU-only) ===
  main_gpu=0 current_weight=50% max_possible=70%
  secondary_total=20% CPU=desabilitado
2026-06-09 17:43:42,796 - INFO - === Fase 3 INICIO (fine-tuning 1%, GPU-only) ===
  main_gpu=0 current_weight=50% max_possible=70%
  secondary_total=20% CPU=desabilitado
2026-06-09 17:43:42,805 - WARNING - Fase 3: sem incremento possivel — main GPU0 ja em 50%
2026-06-09 17:43:42,819 - WARNING - Fase 3: sem incremento possivel — main GPU0 ja em 50%
2026-06-09 17:43:42,829 - INFO - _vram_summary: weight_map={0: 50%, 1: 20%} -> summary=GPU0 VRAM 0%; GPU1 VRAM 0%
2026-06-09 17:43:42,838 - INFO - === Auto-balance: peso final ===
  weight_label=GPU0=50%, GPU1=20%, CPU=30%
  weight_map={0: 50%, 1: 20%}
  cpu_weight=30
2026-06-09 17:43:42,855 - INFO - === Auto-balance: peso final ===
  weight_label=GPU0=50%, GPU1=20%, CPU=30%
  weight_map={0: 50%, 1: 20%}
  cpu_weight=30
2026-06-09 17:43:42,865 - INFO - === HARDWARE SNAPSHOT BEFORE FINAL ===
  gpus=[]
2026-06-09 17:43:42,881 - INFO - === HARDWARE SNAPSHOT BEFORE FINAL ===
  gpus=[]
2026-06-09 17:43:42,891 - INFO - === Auto-balance SUCCESS ===
  message=Balance otimizado (GPU0=50%, GPU1=20%, CPU=30%). GPU0 VRAM 0%; GPU1 VRAM 0%
  gpu_weights_exported=3 entries
2026-06-09 17:43:42,912 - INFO - === Auto-balance SUCCESS ===
  message=Balance otimizado (GPU0=50%, GPU1=20%, CPU=30%). GPU0 VRAM 0%; GPU1 VRAM 0%
  gpu_weights_exported=3 entries
2026-06-09 17:43:42,922 - INFO - === Auto-balance EMPIRICAL START ===
  model=test.gguf path=/models/test.gguf
  context_size=4096 parallel_slots=1
  weights_mb=70000 (68.36 GB)  kv_cache_mb=0  total_mb=70000 (68.36 GB)
  active_gpus=2 | total_vram=40000 MB (39.06 GB)
  gpu_vram={0: 24000, 1: 16000}
  gpu_names={0: GPU0, 1: GPU1}
  main_index=0
  spill_order=[0, 1]
  cpu_enabled=False
  pins_count=0
2026-06-09 17:43:42,939 - INFO - === Auto-balance EMPIRICAL START ===
  model=test.gguf path=/models/test.gguf
  context_size=4096 parallel_slots=1
  weights_mb=70000 (68.36 GB)  kv_cache_mb=0  total_mb=70000 (68.36 GB)
  active_gpus=2 | total_vram=40000 MB (39.06 GB)
  gpu_vram={0: 24000, 1: 16000}
  gpu_names={0: GPU0, 1: GPU1}
  main_index=0
  spill_order=[0, 1]
  cpu_enabled=False
  pins_count=0
2026-06-09 17:43:42,947 - WARNING - Fase 1 — GPUs esgotadas sem split viável; tentando maximizar todas as GPUs antes de CPU
2026-06-09 17:43:42,963 - WARNING - Fase 1 — GPUs esgotadas sem split viável; tentando maximizar todas as GPUs antes de CPU
2026-06-09 17:43:42,973 - INFO - === HARDWARE CAPACITY FAILURE ===
  reason=no_feasible_split
  model=test.gguf path=/models/test.gguf
  estimated_model_mb=?
  total_vram_mb=40000 total_vram_gb=39.06
  active_gpus=[0, 1]
  gpu_details=[{'index': 0, 'name': 'GPU0', 'vram_mb': 24000}, {'index': 1, 'name': 'GPU1', 'vram_mb': 16000}]
  context_size=4096 parallel_slots=1
  message=Não foi possível carregar "test.gguf" em nenhuma divisão testada entre as GPUs selecionadas. O modelo excede a capacidade do hardware atual (~39.1 GB de VRAM em 2 GPU(s)) com contexto 4096 e 1 slot(s).
2026-06-09 17:43:42,989 - INFO - === HARDWARE CAPACITY FAILURE ===
  reason=no_feasible_split
  model=test.gguf path=/models/test.gguf
  estimated_model_mb=?
  total_vram_mb=40000 total_vram_gb=39.06
  active_gpus=[0, 1]
  gpu_details=[{'index': 0, 'name': 'GPU0', 'vram_mb': 24000}, {'index': 1, 'name': 'GPU1', 'vram_mb': 16000}]
  context_size=4096 parallel_slots=1
  message=Não foi possível carregar "test.gguf" em nenhuma divisão testada entre as GPUs selecionadas. O modelo excede a capacidade do hardware atual (~39.1 GB de VRAM em 2 GPU(s)) com contexto 4096 e 1 slot(s).
2026-06-09 17:43:43,010 - INFO - START: /usr/bin/llama-server -m /fake/model.gguf -ngl 22 --flash-attn on --host 0.0.0.0 --port 8085 --tools all --parallel 1 --ctx-size 8192 --batch-size 2048 --mlock --main-gpu 0 --split-mode layer --tensor-split 1.0 --api-key sk-test --mmproj-auto --jinja --reasoning on --chat-template-kwargs {"enable_thinking":true} (CUDA_VISIBLE_DEVICES=0, ctx_per_slot=8192, server_ctx=8192, batch_size=2048, thinking_enabled=True, mtp_enabled=False, mtp_draft_tokens=3, mtp_applied=False, gpu_pct=70.0, cpu_pct=30.0, n_gpu_layers=22, n_cpu_layers=10)
2026-06-09 17:43:43,023 - INFO - START: /usr/bin/llama-server -m /fake/model.gguf -ngl 6 --flash-attn on --host 0.0.0.0 --port 8085 --tools all --parallel 1 --ctx-size 8192 --batch-size 2048 --mlock --main-gpu 0 --split-mode layer --tensor-split 1.0 --api-key sk-test --mmproj-auto --jinja --reasoning on --chat-template-kwargs {"enable_thinking":true} (CUDA_VISIBLE_DEVICES=0, ctx_per_slot=8192, server_ctx=8192, batch_size=2048, thinking_enabled=True, mtp_enabled=False, mtp_draft_tokens=3, mtp_applied=False, gpu_pct=20.0, cpu_pct=80.0, n_gpu_layers=6, n_cpu_layers=26)
2026-06-09 17:43:43,042 - INFO - START: /usr/bin/llama-server -m /fake/model.gguf -ngl 999 --flash-attn on --host 0.0.0.0 --port 8085 --tools all --parallel 1 --ctx-size 8192 --batch-size 2048 --mlock --main-gpu 0 --split-mode layer --tensor-split 1.0 --api-key sk-test --mmproj-auto --jinja --reasoning on --chat-template-kwargs {"enable_thinking":true} (CUDA_VISIBLE_DEVICES=0, ctx_per_slot=8192, server_ctx=8192, batch_size=2048, thinking_enabled=True, mtp_enabled=False, mtp_draft_tokens=3, mtp_applied=False, gpu_pct=100.0, cpu_pct=0, n_gpu_layers=999, n_cpu_layers=0)
2026-06-09 17:43:43,056 - INFO - START: /usr/bin/llama-server -m /fake/model.gguf -ngl 22 --flash-attn on --host 0.0.0.0 --port 8085 --tools all --parallel 1 --ctx-size 8192 --batch-size 2048 --mlock --main-gpu 0 --split-mode layer --tensor-split 1.0 --api-key sk-test --mmproj-auto --jinja --reasoning on --chat-template-kwargs {"enable_thinking":true} (CUDA_VISIBLE_DEVICES=0, ctx_per_slot=8192, server_ctx=8192, batch_size=2048, thinking_enabled=True, mtp_enabled=False, mtp_draft_tokens=3, mtp_applied=False, gpu_pct=70.0, cpu_pct=30.0, n_gpu_layers=22, n_cpu_layers=10)
2026-06-09 17:43:43,181 - WARNING - llama-server nao encontrado automaticamente; configure LLAMA_SERVER_BIN ou paths.json (llama_server_bin)
2026-06-09 17:43:43,194 - ERROR - GPU detection error: Command 'nvidia-smi' returned non-zero exit status 1.
2026-06-09 17:43:43,210 - ERROR - GPU metrics error: Command 'nvidia-smi' returned non-zero exit status 1.
2026-06-09 17:43:43,220 - ERROR - System metrics error: ram metrics unavailable
2026-06-09 17:43:43,232 - ERROR - GPU metrics error: Command 'nvidia-smi' returned non-zero exit status 1.
2026-06-09 17:43:43,627 - ERROR - GPU metrics error: Command 'nvidia-smi' returned non-zero exit status 1.
2026-06-09 17:43:43,642 - ERROR - System metrics error: ram down
2026-06-09 17:43:43,656 - ERROR - GPU metrics error: Command 'nvidia-smi' returned non-zero exit status 1.
2026-06-09 17:43:43,696 - INFO - MTP requested but model has no MTP head, skipping flags
2026-06-09 17:43:43,728 - WARNING - llama-server nao encontrado automaticamente; configure LLAMA_SERVER_BIN ou paths.json (llama_server_bin)
2026-06-09 17:43:43,741 - WARNING - Could not detect MTP for /fake/model.gguf: boom
1969-12-31 21:16:40,000 - WARNING - OOM detected! Consecutive: 1
1969-12-31 21:16:45,000 - WARNING - OOM detected! Consecutive: 2
1969-12-31 21:16:40,000 - WARNING - OOM detected! Consecutive: 1
1969-12-31 21:17:11,000 - WARNING - OOM detected! Consecutive: 1
1969-12-31 21:16:40,000 - WARNING - OOM detected! Consecutive: 1
1969-12-31 21:16:45,000 - WARNING - OOM detected! Consecutive: 3
2026-06-09 17:43:43,849 - WARNING - Could not detect model layers for /fake/model.gguf: not found
2026-06-09 17:43:43,865 - INFO - START: /usr/bin/llama-server -m /fake/model.gguf -ngl 999 --flash-attn on --host 0.0.0.0 --port 8085 --tools all --parallel 1 --ctx-size 8192 --batch-size 2048 --mlock --main-gpu 0 --split-mode layer --tensor-split 1.0 --api-key test-token --mmproj-auto --jinja --reasoning on --chat-template-kwargs {"enable_thinking":true} (CUDA_VISIBLE_DEVICES=0, ctx_per_slot=8192, server_ctx=8192, batch_size=2048, thinking_enabled=True, mtp_enabled=False, mtp_draft_tokens=3, mtp_applied=False, gpu_pct=100.0, cpu_pct=0, n_gpu_layers=999, n_cpu_layers=0)
2026-06-09 17:43:43,879 - INFO - START: /usr/bin/llama-server -m /fake/model.gguf -ngl 22 --flash-attn on --host 0.0.0.0 --port 8085 --tools all --parallel 1 --ctx-size 8192 --batch-size 2048 --mlock --main-gpu 0 --split-mode layer --tensor-split 1.0 --api-key test-token --mmproj-auto --jinja --reasoning on --chat-template-kwargs {"enable_thinking":true} (CUDA_VISIBLE_DEVICES=0, ctx_per_slot=8192, server_ctx=8192, batch_size=2048, thinking_enabled=True, mtp_enabled=False, mtp_draft_tokens=3, mtp_applied=False, gpu_pct=70.0, cpu_pct=30.0, n_gpu_layers=22, n_cpu_layers=10)
2026-06-09 17:43:43,893 - INFO - START: /usr/bin/llama-server -m /fake/model.gguf -ngl 0 --flash-attn on --host 0.0.0.0 --port 8085 --tools all --parallel 1 --ctx-size 8192 --batch-size 2048 --mlock --main-gpu 0 --split-mode layer --tensor-split 1.0 --api-key test-token --mmproj-auto --jinja --reasoning on --chat-template-kwargs {"enable_thinking":true} (CUDA_VISIBLE_DEVICES=0, ctx_per_slot=8192, server_ctx=8192, batch_size=2048, thinking_enabled=True, mtp_enabled=False, mtp_draft_tokens=3, mtp_applied=False, gpu_pct=0, cpu_pct=0, n_gpu_layers=0, n_cpu_layers=32)
2026-06-09 17:43:43,905 - INFO - START: /usr/bin/llama-server -m /fake/model.gguf -ngl 999 --flash-attn on --host 0.0.0.0 --port 8085 --tools all --parallel 1 --ctx-size 8192 --batch-size 2048 --mlock --main-gpu 0 --split-mode layer --tensor-split 1.0 --api-key test-token --mmproj-auto --jinja --reasoning on --chat-template-kwargs {"enable_thinking":true} (CUDA_VISIBLE_DEVICES=0, ctx_per_slot=8192, server_ctx=8192, batch_size=2048, thinking_enabled=True, mtp_enabled=False, mtp_draft_tokens=3, mtp_applied=False, gpu_pct=100.0, cpu_pct=0, n_gpu_layers=999, n_cpu_layers=0)
2026-06-09 17:43:43,919 - INFO - START: /usr/bin/llama-server -m /fake/model.gguf -ngl 999 --flash-attn on --host 0.0.0.0 --port 8085 --tools all --parallel 1 --ctx-size 8192 --batch-size 2048 --mlock --main-gpu 0 --split-mode layer --tensor-split 1.0 --api-key test-token --mmproj-auto --jinja --reasoning on --chat-template-kwargs {"enable_thinking":true} (CUDA_VISIBLE_DEVICES=0, ctx_per_slot=8192, server_ctx=8192, batch_size=2048, thinking_enabled=True, mtp_enabled=False, mtp_draft_tokens=3, mtp_applied=False, gpu_pct=100.0, cpu_pct=0, n_gpu_layers=999, n_cpu_layers=0)
2026-06-09 17:43:43,933 - INFO - START: /usr/bin/llama-server -m /fake/model.gguf -ngl 56 --flash-attn on --host 0.0.0.0 --port 8085 --tools all --parallel 1 --ctx-size 8192 --batch-size 2048 --mlock --main-gpu 0 --split-mode layer --tensor-split 1.0 --api-key test-token --mmproj-auto --jinja --reasoning on --chat-template-kwargs {"enable_thinking":true} (CUDA_VISIBLE_DEVICES=0, ctx_per_slot=8192, server_ctx=8192, batch_size=2048, thinking_enabled=True, mtp_enabled=False, mtp_draft_tokens=3, mtp_applied=False, gpu_pct=70.0, cpu_pct=30.0, n_gpu_layers=56, n_cpu_layers=24)
2026-06-09 17:43:43,946 - INFO - START: /usr/bin/llama-server -m /fake/model.gguf -ngl 999 --flash-attn on --host 0.0.0.0 --port 8085 --tools all --parallel 1 --ctx-size 8192 --batch-size 2048 --mlock --main-gpu 0 --split-mode layer --tensor-split 1.0 --api-key test-token --mmproj-auto --jinja --reasoning on --chat-template-kwargs {"enable_thinking":true} (CUDA_VISIBLE_DEVICES=0, ctx_per_slot=8192, server_ctx=8192, batch_size=2048, thinking_enabled=True, mtp_enabled=False, mtp_draft_tokens=3, mtp_applied=False, gpu_pct=200.0, cpu_pct=0, n_gpu_layers=999, n_cpu_layers=0)
2026-06-09 17:43:43,959 - INFO - START: /usr/bin/llama-server -m /fake/model.gguf -ngl 999 --flash-attn on --host 0.0.0.0 --port 8085 --tools all --parallel 1 --ctx-size 8192 --batch-size 2048 --mlock --main-gpu 0 --split-mode layer --tensor-split 1.0 --api-key test-token --mmproj-auto --jinja --reasoning on --chat-template-kwargs {"enable_thinking":true} (CUDA_VISIBLE_DEVICES=0, ctx_per_slot=8192, server_ctx=8192, batch_size=2048, thinking_enabled=True, mtp_enabled=False, mtp_draft_tokens=3, mtp_applied=False, gpu_pct=100.0, cpu_pct=0, n_gpu_layers=999, n_cpu_layers=0)
2026-06-09 17:43:43,973 - INFO - START: /usr/bin/llama-server -m /fake/model.gguf -ngl 0 --flash-attn on --host 0.0.0.0 --port 8085 --tools all --parallel 1 --ctx-size 8192 --batch-size 2048 --mlock --main-gpu 0 --split-mode layer --tensor-split 1.0 --api-key test-token --mmproj-auto --jinja --reasoning on --chat-template-kwargs {"enable_thinking":true} (CUDA_VISIBLE_DEVICES=0, ctx_per_slot=8192, server_ctx=8192, batch_size=2048, thinking_enabled=True, mtp_enabled=False, mtp_draft_tokens=3, mtp_applied=False, gpu_pct=0, cpu_pct=0, n_gpu_layers=0, n_cpu_layers=32)
2026-06-09 17:43:44,007 - INFO - Verificacao de versao iniciada em /tmp/automanager-test
2026-06-09 17:43:44,016 - WARNING - Diretorio nao e um repositorio git: /tmp/automanager-test
2026-06-09 17:43:44,028 - INFO - Verificacao de versao iniciada em /tmp/automanager-test
2026-06-09 17:43:44,038 - INFO - Versao atualizada (branch=main, ref=aaa1111)
2026-06-09 17:43:44,053 - INFO - Verificacao de versao iniciada em /tmp/automanager-test
2026-06-09 17:43:44,062 - INFO - Atualizacao disponivel (branch=main, ahead=2, aaa1111 -> ddd4444)
2026-06-09 17:43:44,073 - INFO - Verificacao de versao iniciada em /tmp/automanager-test
2026-06-09 17:43:44,083 - WARNING - git fetch falhou (branch=main): fatal: could not read from remote
2026-06-09 17:43:44,095 - INFO - Verificacao de versao iniciada em /tmp/automanager-test
2026-06-09 17:43:44,103 - WARNING - git fetch expirou apos 30s (branch=main)
2026-06-09 17:43:44,113 - INFO - Verificacao de versao iniciada em /tmp/automanager-test
2026-06-09 17:43:44,122 - INFO - Versao atualizada (branch=feature/foo, ref=1111111)
2026-06-09 17:43:44,132 - INFO - Verificacao de versao iniciada em /tmp/automanager-test
2026-06-09 17:43:44,141 - INFO - Atualizacao disponivel (branch=main, ahead=12, local00 -> remote0)
2026-06-09 18:10:24,266 - INFO - estimate_model_vram_mb [DISK] model=C:\Users\s293\AppData\Local\Temp\pytest-of-s293\pytest-257\test_estimate_model_vram_uses_0\qwen-49b.gguf disk_mb=100 runtime_overhead_mb=256 weights_mb=356 kv_cache_mb=6553 total_mb=6909
2026-06-09 18:10:24,273 - INFO - estimate_model_vram_mb [DISK] model=C:\Users\s293\AppData\Local\Temp\pytest-of-s293\pytest-257\test_estimate_model_vram_uses_0\qwen-49b.gguf disk_mb=100 runtime_overhead_mb=256 weights_mb=356 kv_cache_mb=6553 total_mb=6909
2026-06-09 18:10:24,285 - INFO - === HARDWARE CAPACITY FAILURE ===
  reason=no_feasible_split
  model=huge-model.gguf path=/models/huge-model.gguf
  estimated_model_mb=?
  total_vram_mb=24576 total_vram_gb=24.00
  active_gpus=[0]
  gpu_details=[{'index': 0, 'name': 'RTX 3090', 'vram_mb': 24576}]
  context_size=32768 parallel_slots=2
  message=Não foi possível carregar "huge-model.gguf" em nenhuma divisão testada entre as GPUs selecionadas. O modelo excede a capacidade do hardware atual (~24.0 GB de VRAM em 1 GPU(s)) com contexto 32768 e 2 slot(s).
2026-06-09 18:10:24,292 - INFO - === HARDWARE CAPACITY FAILURE ===
  reason=no_feasible_split
  model=huge-model.gguf path=/models/huge-model.gguf
  estimated_model_mb=?
  total_vram_mb=24576 total_vram_gb=24.00
  active_gpus=[0]
  gpu_details=[{'index': 0, 'name': 'RTX 3090', 'vram_mb': 24576}]
  context_size=32768 parallel_slots=2
  message=Não foi possível carregar "huge-model.gguf" em nenhuma divisão testada entre as GPUs selecionadas. O modelo excede a capacidade do hardware atual (~24.0 GB de VRAM em 1 GPU(s)) com contexto 32768 e 2 slot(s).
2026-06-09 18:10:24,300 - WARNING - OOM detected! Consecutive: 1
2026-06-09 18:10:24,342 - INFO - === Fase 1 INICIO (GPUs primeiro, CPU permitido neste passo) ===
2026-06-09 18:10:24,348 - INFO - === Fase 1 INICIO (GPUs primeiro, CPU permitido neste passo) ===
2026-06-09 18:10:24,353 - INFO - Fase 1 — Tentativa 1: Main GPU2 100%
2026-06-09 18:10:24,360 - INFO - Fase 1 — Tentativa 1: Main GPU2 100%
2026-06-09 18:10:24,408 - INFO - Fase 1 — Tentativa 2: Main + 1ª GPU (cascata: GPU2=90%, GPU0=10%)
2026-06-09 18:10:24,414 - INFO - Fase 1 — Tentativa 2: Main + 1ª GPU (cascata: GPU2=90%, GPU0=10%)
2026-06-09 18:10:24,432 - INFO - Fase 1 — Tentativa 3: Main + 2ª GPU (cascata: GPU2=80%, GPU0=10%, GPU1=10%)
2026-06-09 18:10:24,440 - INFO - Fase 1 — Tentativa 3: Main + 2ª GPU (cascata: GPU2=80%, GPU0=10%, GPU1=10%)
2026-06-09 18:10:24,455 - INFO - Fase 1 — Tentativa 3: Main + 2ª GPU (cascata: GPU2=70%, GPU0=10%, GPU1=10%)
2026-06-09 18:10:24,461 - INFO - Fase 1 — Tentativa 3: Main + 2ª GPU (cascata: GPU2=70%, GPU0=10%, GPU1=10%)
2026-06-09 18:10:24,478 - INFO - Fase 1 — Tentativa 3: Main + 2ª GPU (cascata: GPU2=60%, GPU0=10%, GPU1=10%)
2026-06-09 18:10:24,486 - INFO - Fase 1 — Tentativa 3: Main + 2ª GPU (cascata: GPU2=60%, GPU0=10%, GPU1=10%)
2026-06-09 18:10:24,507 - INFO - Fase 1 — Tentativa 3: Main + 2ª GPU (cascata: GPU2=50%, GPU0=10%, GPU1=10%)
2026-06-09 18:10:24,512 - INFO - Fase 1 — Tentativa 3: Main + 2ª GPU (cascata: GPU2=50%, GPU0=10%, GPU1=10%)
2026-06-09 18:10:24,531 - INFO - Fase 1 — Tentativa 3: Main + 2ª GPU (cascata: GPU2=40%, GPU0=10%, GPU1=10%)
2026-06-09 18:10:24,537 - INFO - Fase 1 — Tentativa 3: Main + 2ª GPU (cascata: GPU2=40%, GPU0=10%, GPU1=10%)
2026-06-09 18:10:24,556 - INFO - Fase 1 — Tentativa 3: Main + 2ª GPU (cascata: GPU2=30%, GPU0=10%, GPU1=10%)
2026-06-09 18:10:24,563 - INFO - Fase 1 — Tentativa 3: Main + 2ª GPU (cascata: GPU2=30%, GPU0=10%, GPU1=10%)
2026-06-09 18:10:24,580 - INFO - Fase 1 — Tentativa 3: Main + 2ª GPU (cascata: GPU2=20%, GPU0=10%, GPU1=10%)
2026-06-09 18:10:24,587 - INFO - Fase 1 — Tentativa 3: Main + 2ª GPU (cascata: GPU2=20%, GPU0=10%, GPU1=10%)
2026-06-09 18:10:24,606 - INFO - Fase 1 — Tentativa 3: Main + 2ª GPU (cascata: GPU2=10%, GPU0=10%, GPU1=10%)
2026-06-09 18:10:24,613 - INFO - Fase 1 — Tentativa 3: Main + 2ª GPU (cascata: GPU2=10%, GPU0=10%, GPU1=10%)
2026-06-09 18:10:24,634 - INFO - === Fase 1 INICIO (GPUs primeiro, CPU permitido neste passo) ===
2026-06-09 18:10:24,641 - INFO - === Fase 1 INICIO (GPUs primeiro, CPU permitido neste passo) ===
2026-06-09 18:10:24,645 - INFO - Fase 1 — Tentativa 1: Main GPU2 100%
2026-06-09 18:10:24,653 - INFO - Fase 1 — Tentativa 1: Main GPU2 100%
2026-06-09 18:10:24,672 - INFO - PROBE #1 START (gpus=1): weight_map={0: 100%} synced={0: 100%} cpu=10->0 [gpu[0]=100.0%, cpu[-1]=0.0%]
2026-06-09 18:10:24,679 - INFO - PROBE #1 START (gpus=1): weight_map={0: 100%} synced={0: 100%} cpu=10->0 [gpu[0]=100.0%, cpu[-1]=0.0%]
2026-06-09 18:10:24,684 - INFO - PROBE #1 RESULT: ready | synced={0: 100%} cpu=0
2026-06-09 18:10:24,689 - INFO - PROBE #1 RESULT: ready | synced={0: 100%} cpu=0
2026-06-09 18:10:24,702 - WARNING - _wait_for_outcome: OOM-on-exit after 0.0s (log=/tmp/server.log) | preview=['ggml CUDA error: out of memory']
2026-06-09 18:10:24,710 - WARNING - _wait_for_outcome: CRASHED after 0.0s (log=/tmp/server.log) | preview=["error: unknown model architecture 'qwen3-next'"]
2026-06-09 18:10:24,716 - INFO - PROBE #1 START (gpus=1): weight_map={0: 100%} synced={0: 100%} cpu=0->0 [gpu[0]=100.0%]
2026-06-09 18:10:24,722 - INFO - PROBE #1 START (gpus=1): weight_map={0: 100%} synced={0: 100%} cpu=0->0 [gpu[0]=100.0%]
2026-06-09 18:10:24,728 - WARNING - PROBE #1 RESULT: crashed | synced={0: 100%} cpu=0
2026-06-09 18:10:24,735 - WARNING - PROBE #1 RESULT: crashed | synced={0: 100%} cpu=0
2026-06-09 18:10:24,757 - INFO - PROBE #1 START (gpus=1): weight_map={0: 100%} synced={0: 100%} cpu=0->0 [gpu[0]=100.0%]
2026-06-09 18:10:24,764 - INFO - PROBE #1 START (gpus=1): weight_map={0: 100%} synced={0: 100%} cpu=0->0 [gpu[0]=100.0%]
2026-06-09 18:10:24,770 - WARNING - PROBE #1 RESULT: crashed | synced={0: 100%} cpu=0
2026-06-09 18:10:24,776 - WARNING - PROBE #1 RESULT: crashed | synced={0: 100%} cpu=0
2026-06-09 18:10:24,784 - INFO - estimate_model_vram_mb [DISK] model=/models/Qwen3-Coder-Next.gguf disk_mb=20000 runtime_overhead_mb=1000 weights_mb=21000 kv_cache_mb=409 total_mb=21409
2026-06-09 18:10:24,791 - INFO - estimate_model_vram_mb [DISK] model=/models/Qwen3-Coder-Next.gguf disk_mb=20000 runtime_overhead_mb=1000 weights_mb=21000 kv_cache_mb=409 total_mb=21409
2026-06-09 18:10:24,795 - INFO - estimate_model_vram_mb [DISK] model=/models/Qwen3-Coder-Next.gguf disk_mb=20000 runtime_overhead_mb=1000 weights_mb=21000 kv_cache_mb=409 total_mb=21409
2026-06-09 18:10:24,801 - INFO - estimate_model_vram_mb [DISK] model=/models/Qwen3-Coder-Next.gguf disk_mb=20000 runtime_overhead_mb=1000 weights_mb=21000 kv_cache_mb=409 total_mb=21409
2026-06-09 18:10:24,804 - INFO - === Auto-balance EMPIRICAL START ===
  model=Qwen3-Coder-Next.gguf path=/models/Qwen3-Coder-Next.gguf
  context_size=4096 parallel_slots=1
  weights_mb=21000 (20.51 GB)  kv_cache_mb=409  total_mb=21409 (20.91 GB)
  active_gpus=3 | total_vram=57344 MB (56.00 GB)
  gpu_vram={0: 16384, 1: 16384, 2: 24576}
  gpu_names={0: Tesla P100-PCIE-16GB, 1: Tesla P100-PCIE-16GB, 2: NVIDIA GeForce RTX 3090}
  main_index=2
  spill_order=[2, 0, 1]
  cpu_enabled=True
  pins_count=0
2026-06-09 18:10:24,812 - INFO - === Auto-balance EMPIRICAL START ===
  model=Qwen3-Coder-Next.gguf path=/models/Qwen3-Coder-Next.gguf
  context_size=4096 parallel_slots=1
  weights_mb=21000 (20.51 GB)  kv_cache_mb=409  total_mb=21409 (20.91 GB)
  active_gpus=3 | total_vram=57344 MB (56.00 GB)
  gpu_vram={0: 16384, 1: 16384, 2: 24576}
  gpu_names={0: Tesla P100-PCIE-16GB, 1: Tesla P100-PCIE-16GB, 2: NVIDIA GeForce RTX 3090}
  main_index=2
  spill_order=[2, 0, 1]
  cpu_enabled=True
  pins_count=0
2026-06-09 18:10:24,817 - INFO - === Fase 1 INICIO (GPUs primeiro) ===
2026-06-09 18:10:24,823 - INFO - === Fase 1 INICIO (GPUs primeiro) ===
2026-06-09 18:10:24,828 - INFO - Fase 1 — Tentativa 1: Main GPU2 100%
2026-06-09 18:10:24,837 - INFO - Fase 1 — Tentativa 1: Main GPU2 100%
2026-06-09 18:10:24,841 - ERROR - === SERVER CRASH FAILURE (não-OOM) ===
  model=Qwen3-Coder-Next.gguf path=/models/Qwen3-Coder-Next.gguf
  elapsed=1.0s crashed_split={2: 100} cpu=0%
  server_log=/tmp/server.log
  log_tail=['unknown architecture']
  message=O servidor encerrou inesperadamente (~1.0s) ao carregar "Qwen3-Coder-Next.gguf", sem indício de falta de memória (OOM). Isso indica incompatibilidade do modelo/binário llama.cpp ou um parâmetro de inicialização inválido — não falta de VRAM. O auto-balance foi interrompido.
2026-06-09 18:10:24,849 - ERROR - === SERVER CRASH FAILURE (não-OOM) ===
  model=Qwen3-Coder-Next.gguf path=/models/Qwen3-Coder-Next.gguf
  elapsed=1.0s crashed_split={2: 100} cpu=0%
  server_log=/tmp/server.log
  log_tail=['unknown architecture']
  message=O servidor encerrou inesperadamente (~1.0s) ao carregar "Qwen3-Coder-Next.gguf", sem indício de falta de memória (OOM). Isso indica incompatibilidade do modelo/binário llama.cpp ou um parâmetro de inicialização inválido — não falta de VRAM. O auto-balance foi interrompido.
2026-06-09 18:10:24,859 - INFO - Fase 2: input weight_map={2: 80%, 0: 10%, 1: 10%} main_index=2
2026-06-09 18:10:24,866 - INFO - Fase 2: input weight_map={2: 80%, 0: 10%, 1: 10%} main_index=2
2026-06-09 18:10:24,870 - INFO - Auto-balance GPU 2: weight=80% vram=0.0%
2026-06-09 18:10:24,874 - INFO - Auto-balance GPU 0: weight=10% vram=0.0%
2026-06-09 18:10:24,878 - INFO - Auto-balance GPU 1: weight=10% vram=0.0%
2026-06-09 18:10:24,884 - INFO - TRIM: GPU1 removida — 10% redistribuido para GPU2 | GPU2=90%, GPU0=10%
2026-06-09 18:10:24,891 - INFO - TRIM: GPU1 removida — 10% redistribuido para GPU2 | GPU2=90%, GPU0=10%
2026-06-09 18:10:24,898 - WARNING - TRIM: GPU0 mantida (10%) — probe=oom
2026-06-09 18:10:24,905 - WARNING - TRIM: GPU0 mantida (10%) — probe=oom
2026-06-09 18:10:24,912 - WARNING - TRIM: GPU1 mantida (10%) — probe=oom
2026-06-09 18:10:24,919 - WARNING - TRIM: GPU1 mantida (10%) — probe=oom
2026-06-09 18:10:24,923 - WARNING - TRIM: GPU0 mantida (10%) — probe=oom
2026-06-09 18:10:24,929 - WARNING - TRIM: GPU0 mantida (10%) — probe=oom
2026-06-09 18:10:24,947 - INFO - estimate_model_vram_mb [DISK] model=/models/test.gguf disk_mb=21109 runtime_overhead_mb=1055 weights_mb=22164 kv_cache_mb=409 total_mb=22573
2026-06-09 18:10:24,955 - INFO - estimate_model_vram_mb [DISK] model=/models/test.gguf disk_mb=21109 runtime_overhead_mb=1055 weights_mb=22164 kv_cache_mb=409 total_mb=22573
2026-06-09 18:10:24,959 - INFO - estimate_model_vram_mb [DISK] model=/models/test.gguf disk_mb=21109 runtime_overhead_mb=1055 weights_mb=22164 kv_cache_mb=409 total_mb=22573
2026-06-09 18:10:24,970 - INFO - estimate_model_vram_mb [DISK] model=/models/test.gguf disk_mb=21109 runtime_overhead_mb=1055 weights_mb=22164 kv_cache_mb=409 total_mb=22573
2026-06-09 18:10:24,980 - INFO - === Auto-balance EMPIRICAL START ===
  model=test.gguf path=/models/test.gguf
  context_size=4096 parallel_slots=1
  weights_mb=22164 (21.64 GB)  kv_cache_mb=409  total_mb=22573 (22.04 GB)
  active_gpus=3 | total_vram=57344 MB (56.00 GB)
  gpu_vram={0: 16384, 1: 16384, 2: 24576}
  gpu_names={0: Tesla P100-PCIE-16GB, 1: Tesla P100-PCIE-16GB, 2: NVIDIA GeForce RTX 3090}
  main_index=2
  spill_order=[2, 0, 1]
  cpu_enabled=True
  pins_count=0
2026-06-09 18:10:24,990 - INFO - === Auto-balance EMPIRICAL START ===
  model=test.gguf path=/models/test.gguf
  context_size=4096 parallel_slots=1
  weights_mb=22164 (21.64 GB)  kv_cache_mb=409  total_mb=22573 (22.04 GB)
  active_gpus=3 | total_vram=57344 MB (56.00 GB)
  gpu_vram={0: 16384, 1: 16384, 2: 24576}
  gpu_names={0: Tesla P100-PCIE-16GB, 1: Tesla P100-PCIE-16GB, 2: NVIDIA GeForce RTX 3090}
  main_index=2
  spill_order=[2, 0, 1]
  cpu_enabled=True
  pins_count=0
2026-06-09 18:10:24,998 - INFO - === Fase 1 INICIO (GPUs primeiro) ===
2026-06-09 18:10:25,014 - INFO - === Fase 1 INICIO (GPUs primeiro) ===
2026-06-09 18:10:25,024 - INFO - Fase 1 — Tentativa 1: Main GPU2 100%
2026-06-09 18:10:25,042 - INFO - Fase 1 — Tentativa 1: Main GPU2 100%
2026-06-09 18:10:25,077 - INFO - Fase 1 — Tentativa 2: Main + 1ª GPU (cascata: GPU2=90%, GPU0=10%)
2026-06-09 18:10:25,084 - INFO - Fase 1 — Tentativa 2: Main + 1ª GPU (cascata: GPU2=90%, GPU0=10%)
2026-06-09 18:10:25,115 - INFO - === Auto-balance: Fase 1 viavel ===
  weight_label=GPU2=90%, GPU0=10%
  weight_map={2: 90%, 0: 10%}
  cpu_weight=0
2026-06-09 18:10:25,122 - INFO - === Auto-balance: Fase 1 viavel ===
  weight_label=GPU2=90%, GPU0=10%
  weight_map={2: 90%, 0: 10%}
  cpu_weight=0
2026-06-09 18:10:25,129 - WARNING - TRIM: GPU0 mantida (10%) — probe=oom
2026-06-09 18:10:25,147 - WARNING - TRIM: GPU0 mantida (10%) — probe=oom
2026-06-09 18:10:25,156 - INFO - === Fase 2 PREPARANDO ===
  trimmed={2: 90%, 0: 10%} main_index=2 cpu_enabled=True
2026-06-09 18:10:25,171 - INFO - === Fase 2 PREPARANDO ===
  trimmed={2: 90%, 0: 10%} main_index=2 cpu_enabled=True
2026-06-09 18:10:25,182 - INFO - === Fase 2 INICIO (maximizar VRAM, GPU-only) ===
2026-06-09 18:10:25,199 - INFO - === Fase 2 INICIO (maximizar VRAM, GPU-only) ===
2026-06-09 18:10:25,207 - INFO - Fase 2: input weight_map={2: 90%, 0: 10%} main_index=2
2026-06-09 18:10:25,222 - INFO - Fase 2: input weight_map={2: 90%, 0: 10%} main_index=2
2026-06-09 18:10:25,230 - INFO - Auto-balance GPU 2: weight=92% vram=96.0%
2026-06-09 18:10:25,242 - INFO - Auto-balance GPU 0: weight=8% vram=8.0%
2026-06-09 18:10:25,250 - INFO - === Fase 2 CONCLUIDA ===
  weight_map={2: 92%, 0: 8%}
  cpu_weight=0
2026-06-09 18:10:25,266 - INFO - === Fase 2 CONCLUIDA ===
  weight_map={2: 92%, 0: 8%}
  cpu_weight=0
2026-06-09 18:10:25,275 - INFO - === Fase 3 INICIO (fine-tuning 1%, GPU-only) ===
  main_gpu=2 current_weight=92% max_possible=100%
  secondary_total=8% CPU=desabilitado
2026-06-09 18:10:25,291 - INFO - === Fase 3 INICIO (fine-tuning 1%, GPU-only) ===
  main_gpu=2 current_weight=92% max_possible=100%
  secondary_total=8% CPU=desabilitado
2026-06-09 18:10:25,324 - WARNING - Fase 3: sem incremento possivel — main GPU2 ja em 92%
2026-06-09 18:10:25,330 - WARNING - Fase 3: sem incremento possivel — main GPU2 ja em 92%
2026-06-09 18:10:25,339 - INFO - _vram_summary: weight_map={2: 92%, 0: 8%} -> summary=GPU2 VRAM 97%; GPU0 VRAM 7%
2026-06-09 18:10:25,349 - INFO - === Auto-balance: peso final ===
  weight_label=GPU2=92%, GPU0=8%
  weight_map={2: 92%, 0: 8%}
  cpu_weight=0
2026-06-09 18:10:25,364 - INFO - === Auto-balance: peso final ===
  weight_label=GPU2=92%, GPU0=8%
  weight_map={2: 92%, 0: 8%}
  cpu_weight=0
2026-06-09 18:10:25,374 - INFO - === HARDWARE SNAPSHOT BEFORE FINAL ===
  gpus=[GPU0: used=1147MB total=16384MB util=0%; GPU1: used=0MB total=16384MB util=0%; GPU2: used=23839MB total=24576MB util=0%]
2026-06-09 18:10:25,393 - INFO - === HARDWARE SNAPSHOT BEFORE FINAL ===
  gpus=[GPU0: used=1147MB total=16384MB util=0%; GPU1: used=0MB total=16384MB util=0%; GPU2: used=23839MB total=24576MB util=0%]
2026-06-09 18:10:25,404 - INFO - === Auto-balance SUCCESS ===
  message=Balance otimizado (GPU2=92%, GPU0=8%). GPU2 VRAM 97%; GPU0 VRAM 7%
  gpu_weights_exported=4 entries
2026-06-09 18:10:25,422 - INFO - === Auto-balance SUCCESS ===
  message=Balance otimizado (GPU2=92%, GPU0=8%). GPU2 VRAM 97%; GPU0 VRAM 7%
  gpu_weights_exported=4 entries
2026-06-09 18:10:25,492 - INFO - Session expired due to inactivity
2026-06-09 18:10:25,575 - INFO - START: /usr/bin/llama-server -m /fake/model.gguf -ngl 999 --flash-attn on --host 0.0.0.0 --port 8085 --tools all --parallel 1 --ctx-size 8192 --batch-size 2048 --mlock --main-gpu 0 --split-mode layer --tensor-split 1.0000 --api-key sk-test --mmproj-auto --jinja --reasoning on --chat-template-kwargs {"enable_thinking":true} (CUDA_VISIBLE_DEVICES=0, ctx_per_slot=8192, server_ctx=8192, batch_size=2048, thinking_enabled=True, mtp_enabled=False, mtp_draft_tokens=3, mtp_applied=False, gpu_pct=100.0, cpu_pct=0, n_gpu_layers=999, n_cpu_layers=0)
2026-06-09 18:10:25,590 - INFO - START: /usr/bin/llama-server -m /fake/model.gguf -ngl 999 --flash-attn on --host 0.0.0.0 --port 8085 --tools all --parallel 1 --ctx-size 8192 --batch-size 2048 --mlock --main-gpu 0 --split-mode layer --tensor-split 0.5000,0.5000 --api-key sk-test --mmproj-auto --jinja --reasoning on --chat-template-kwargs {"enable_thinking":true} (CUDA_VISIBLE_DEVICES=0,1, ctx_per_slot=8192, server_ctx=8192, batch_size=2048, thinking_enabled=True, mtp_enabled=False, mtp_draft_tokens=3, mtp_applied=False, gpu_pct=100.0, cpu_pct=0, n_gpu_layers=999, n_cpu_layers=0)
2026-06-09 18:10:25,606 - INFO - START: /usr/bin/llama-server -m /fake/model.gguf -ngl 999 --flash-attn on --host 0.0.0.0 --port 8085 --tools all --parallel 1 --ctx-size 8192 --batch-size 2048 --mlock --main-gpu 0 --split-mode layer --tensor-split 1.0000 --api-key sk-test --mmproj-auto --jinja --reasoning on --chat-template-kwargs {"enable_thinking":true} (CUDA_VISIBLE_DEVICES=0, ctx_per_slot=8192, server_ctx=8192, batch_size=2048, thinking_enabled=True, mtp_enabled=False, mtp_draft_tokens=3, mtp_applied=False, gpu_pct=100.0, cpu_pct=0, n_gpu_layers=999, n_cpu_layers=0)
2026-06-09 18:10:25,624 - INFO - START: /usr/bin/llama-server -m /fake/model.gguf -ngl 22 --flash-attn on --host 0.0.0.0 --port 8085 --tools all --parallel 1 --ctx-size 8192 --batch-size 2048 --mlock --main-gpu 0 --split-mode layer --tensor-split 1.0000 --api-key sk-test --mmproj-auto --jinja --reasoning on --chat-template-kwargs {"enable_thinking":true} (CUDA_VISIBLE_DEVICES=0, ctx_per_slot=8192, server_ctx=8192, batch_size=2048, thinking_enabled=True, mtp_enabled=False, mtp_draft_tokens=3, mtp_applied=False, gpu_pct=70.0, cpu_pct=30.0, n_gpu_layers=22, n_cpu_layers=10)
2026-06-09 18:10:25,639 - ERROR - GPU metrics error: not enough values to unpack (expected 2, got 0)
2026-06-09 18:10:25,759 - INFO - START: /usr/bin/llama-server -m /fake/model.gguf -ngl 999 --flash-attn on --host 0.0.0.0 --port 8085 --tools all --parallel 1 --ctx-size 8192 --batch-size 2048 --mlock --main-gpu 0 --split-mode layer --tensor-split 1.0000 --api-key sk-test --mmproj-auto --jinja --reasoning on --chat-template-kwargs {"enable_thinking":true} (CUDA_VISIBLE_DEVICES=0, ctx_per_slot=8192, server_ctx=8192, batch_size=2048, thinking_enabled=True, mtp_enabled=False, mtp_draft_tokens=3, mtp_applied=False, gpu_pct=70.0, cpu_pct=0.0, n_gpu_layers=999, n_cpu_layers=0)
2026-06-09 18:10:25,772 - INFO - START: /usr/bin/llama-server -m /fake/model.gguf -ngl 22 --flash-attn on --host 0.0.0.0 --port 8085 --tools all --parallel 1 --ctx-size 8192 --batch-size 2048 --mlock --main-gpu 0 --split-mode layer --tensor-split 1.0000 --api-key sk-test --mmproj-auto --jinja --reasoning on --chat-template-kwargs {"enable_thinking":true} (CUDA_VISIBLE_DEVICES=0, ctx_per_slot=8192, server_ctx=8192, batch_size=2048, thinking_enabled=True, mtp_enabled=False, mtp_draft_tokens=3, mtp_applied=False, gpu_pct=70.0, cpu_pct=30.0, n_gpu_layers=22, n_cpu_layers=10)
2026-06-09 18:10:25,783 - ERROR - GPU metrics error: not enough values to unpack (expected 2, got 0)
2026-06-09 18:10:25,893 - INFO - START: /usr/bin/llama-server -m /fake/model.gguf -ngl 999 --flash-attn on --host 0.0.0.0 --port 8085 --tools all --parallel 1 --ctx-size 8192 --batch-size 2048 --mlock --main-gpu 0 --split-mode layer --tensor-split 1.0000 --api-key sk-test --mmproj-auto --jinja --reasoning on --chat-template-kwargs {"enable_thinking":true} (CUDA_VISIBLE_DEVICES=0, ctx_per_slot=8192, server_ctx=8192, batch_size=2048, thinking_enabled=True, mtp_enabled=False, mtp_draft_tokens=3, mtp_applied=False, gpu_pct=70.0, cpu_pct=0.0, n_gpu_layers=999, n_cpu_layers=0)
2026-06-09 18:10:25,915 - INFO - START: /usr/bin/llama-server -m /fake/model.gguf -ngl 70 --flash-attn on --host 0.0.0.0 --port 8085 --tools all --parallel 1 --ctx-size 8192 --batch-size 2048 --mlock --main-gpu 0 --split-mode layer --tensor-split 0.7143,0.2857 --api-key sk-test --mmproj-auto --jinja --reasoning on --chat-template-kwargs {"enable_thinking":true} (CUDA_VISIBLE_DEVICES=0,1, ctx_per_slot=8192, server_ctx=8192, batch_size=2048, thinking_enabled=True, mtp_enabled=False, mtp_draft_tokens=3, mtp_applied=False, gpu_pct=70.0, cpu_pct=30.0, n_gpu_layers=70, n_cpu_layers=30)
2026-06-09 18:10:25,929 - INFO - START: /usr/bin/llama-server -m /fake/model.gguf -ngl 999 --flash-attn on --host 0.0.0.0 --port 8085 --tools all --parallel 1 --ctx-size 8192 --batch-size 2048 --mlock --main-gpu 1 --split-mode layer --tensor-split 0.6000,0.4000 --api-key sk-test --mmproj-auto --jinja --reasoning on --chat-template-kwargs {"enable_thinking":true} (CUDA_VISIBLE_DEVICES=0,1, ctx_per_slot=8192, server_ctx=8192, batch_size=2048, thinking_enabled=True, mtp_enabled=False, mtp_draft_tokens=3, mtp_applied=False, gpu_pct=100.0, cpu_pct=0, n_gpu_layers=999, n_cpu_layers=0)
2026-06-09 18:10:25,944 - INFO - === Auto-balance EMPIRICAL START ===
  model=test.gguf path=/models/test.gguf
  context_size=4096 parallel_slots=1
  weights_mb=20000 (19.53 GB)  kv_cache_mb=0  total_mb=20000 (19.53 GB)
  active_gpus=2 | total_vram=40000 MB (39.06 GB)
  gpu_vram={0: 24000, 1: 16000}
  gpu_names={0: GPU0, 1: GPU1}
  main_index=0
  spill_order=[0, 1]
  cpu_enabled=True
  pins_count=0
2026-06-09 18:10:25,963 - INFO - === Auto-balance EMPIRICAL START ===
  model=test.gguf path=/models/test.gguf
  context_size=4096 parallel_slots=1
  weights_mb=20000 (19.53 GB)  kv_cache_mb=0  total_mb=20000 (19.53 GB)
  active_gpus=2 | total_vram=40000 MB (39.06 GB)
  gpu_vram={0: 24000, 1: 16000}
  gpu_names={0: GPU0, 1: GPU1}
  main_index=0
  spill_order=[0, 1]
  cpu_enabled=True
  pins_count=0
2026-06-09 18:10:25,973 - INFO - === Fase 1 INICIO (GPUs primeiro) ===
2026-06-09 18:10:25,988 - INFO - === Fase 1 INICIO (GPUs primeiro) ===
2026-06-09 18:10:25,997 - INFO - Fase 1 — Tentativa 1: Main GPU0 100%
2026-06-09 18:10:26,014 - INFO - Fase 1 — Tentativa 1: Main GPU0 100%
2026-06-09 18:10:26,065 - INFO - === Auto-balance: Fase 1 viavel ===
  weight_label=GPU0=100%
  weight_map={0: 100%}
  cpu_weight=0
2026-06-09 18:10:26,071 - INFO - === Auto-balance: Fase 1 viavel ===
  weight_label=GPU0=100%
  weight_map={0: 100%}
  cpu_weight=0
2026-06-09 18:10:26,080 - INFO - === Fase 2 PREPARANDO ===
  trimmed={0: 100%} main_index=0 cpu_enabled=True
2026-06-09 18:10:26,097 - INFO - === Fase 2 PREPARANDO ===
  trimmed={0: 100%} main_index=0 cpu_enabled=True
2026-06-09 18:10:26,107 - INFO - === Fase 2 INICIO (maximizar VRAM, GPU-only) ===
2026-06-09 18:10:26,122 - INFO - === Fase 2 INICIO (maximizar VRAM, GPU-only) ===
2026-06-09 18:10:26,131 - INFO - === Fase 2 CONCLUIDA ===
  weight_map={0: 100%}
  cpu_weight=0
2026-06-09 18:10:26,147 - INFO - === Fase 2 CONCLUIDA ===
  weight_map={0: 100%}
  cpu_weight=0
2026-06-09 18:10:26,156 - INFO - Fase 3: GPU0 já está em 100% — pulando fine-tuning
2026-06-09 18:10:26,172 - INFO - Fase 3: GPU0 já está em 100% — pulando fine-tuning
2026-06-09 18:10:26,185 - INFO - _vram_summary: weight_map={0: 100%} -> summary=GPU0 VRAM 0%
2026-06-09 18:10:26,194 - INFO - === Auto-balance: peso final ===
  weight_label=GPU0=100%
  weight_map={0: 100%}
  cpu_weight=0
2026-06-09 18:10:26,210 - INFO - === Auto-balance: peso final ===
  weight_label=GPU0=100%
  weight_map={0: 100%}
  cpu_weight=0
2026-06-09 18:10:26,218 - INFO - === HARDWARE SNAPSHOT BEFORE FINAL ===
  gpus=[]
2026-06-09 18:10:26,234 - INFO - === HARDWARE SNAPSHOT BEFORE FINAL ===
  gpus=[]
2026-06-09 18:10:26,242 - INFO - === Auto-balance SUCCESS ===
  message=Balance otimizado (GPU0=100%). GPU0 VRAM 0%
  gpu_weights_exported=3 entries
2026-06-09 18:10:26,259 - INFO - === Auto-balance SUCCESS ===
  message=Balance otimizado (GPU0=100%). GPU0 VRAM 0%
  gpu_weights_exported=3 entries
2026-06-09 18:10:26,272 - INFO - === Auto-balance EMPIRICAL START ===
  model=test.gguf path=/models/test.gguf
  context_size=4096 parallel_slots=1
  weights_mb=20000 (19.53 GB)  kv_cache_mb=0  total_mb=20000 (19.53 GB)
  active_gpus=1 | total_vram=24000 MB (23.44 GB)
  gpu_vram={0: 24000}
  gpu_names={0: GPU0}
  main_index=0
  spill_order=[0]
  cpu_enabled=True
  pins_count=1
2026-06-09 18:10:26,288 - INFO - === Auto-balance EMPIRICAL START ===
  model=test.gguf path=/models/test.gguf
  context_size=4096 parallel_slots=1
  weights_mb=20000 (19.53 GB)  kv_cache_mb=0  total_mb=20000 (19.53 GB)
  active_gpus=1 | total_vram=24000 MB (23.44 GB)
  gpu_vram={0: 24000}
  gpu_names={0: GPU0}
  main_index=0
  spill_order=[0]
  cpu_enabled=True
  pins_count=1
2026-06-09 18:10:26,297 - INFO - === Auto-balance: Fase 1 viavel ===
  weight_label=GPU0=100%
  weight_map={0: 100%}
  cpu_weight=0
2026-06-09 18:10:26,314 - INFO - === Auto-balance: Fase 1 viavel ===
  weight_label=GPU0=100%
  weight_map={0: 100%}
  cpu_weight=0
2026-06-09 18:10:26,325 - INFO - === Fase 2 PREPARANDO ===
  trimmed={0: 100%} main_index=0 cpu_enabled=True
2026-06-09 18:10:26,341 - INFO - === Fase 2 PREPARANDO ===
  trimmed={0: 100%} main_index=0 cpu_enabled=True
2026-06-09 18:10:26,349 - INFO - === Fase 2 INICIO (maximizar VRAM, GPU-only) ===
2026-06-09 18:10:26,367 - INFO - === Fase 2 INICIO (maximizar VRAM, GPU-only) ===
2026-06-09 18:10:26,376 - INFO - === Fase 2 CONCLUIDA ===
  weight_map={0: 100%}
  cpu_weight=0
2026-06-09 18:10:26,396 - INFO - === Fase 2 CONCLUIDA ===
  weight_map={0: 100%}
  cpu_weight=0
2026-06-09 18:10:26,405 - INFO - Fase 3: GPU0 já está em 100% — pulando fine-tuning
2026-06-09 18:10:26,424 - INFO - Fase 3: GPU0 já está em 100% — pulando fine-tuning
2026-06-09 18:10:26,433 - INFO - _vram_summary: weight_map={0: 100%} -> summary=GPU0 VRAM 0%
2026-06-09 18:10:26,442 - INFO - === Auto-balance: peso final ===
  weight_label=GPU0=100%
  weight_map={0: 100%}
  cpu_weight=0
2026-06-09 18:10:26,461 - INFO - === Auto-balance: peso final ===
  weight_label=GPU0=100%
  weight_map={0: 100%}
  cpu_weight=0
2026-06-09 18:10:26,478 - INFO - === HARDWARE SNAPSHOT BEFORE FINAL ===
  gpus=[]
2026-06-09 18:10:26,494 - INFO - === HARDWARE SNAPSHOT BEFORE FINAL ===
  gpus=[]
2026-06-09 18:10:26,510 - INFO - === Auto-balance SUCCESS ===
  message=Balance otimizado (GPU0=100%). GPU0 VRAM 0%
  gpu_weights_exported=2 entries
2026-06-09 18:10:26,533 - INFO - === Auto-balance SUCCESS ===
  message=Balance otimizado (GPU0=100%). GPU0 VRAM 0%
  gpu_weights_exported=2 entries
2026-06-09 18:10:26,546 - INFO - === Fase 1 INICIO (GPUs primeiro, CPU permitido neste passo) ===
2026-06-09 18:10:26,566 - INFO - === Fase 1 INICIO (GPUs primeiro, CPU permitido neste passo) ===
2026-06-09 18:10:26,577 - INFO - Fase 1 — Tentativa 1: Main GPU0 100%
2026-06-09 18:10:26,594 - INFO - Fase 1 — Tentativa 1: Main GPU0 100%
2026-06-09 18:10:26,629 - INFO - Fase 1 — Tentativa 2: Main + 1ª GPU (cascata: GPU0=90%, GPU1=10%)
2026-06-09 18:10:26,637 - INFO - Fase 1 — Tentativa 2: Main + 1ª GPU (cascata: GPU0=90%, GPU1=10%)
2026-06-09 18:10:26,671 - INFO - Fase 1 — Tentativa 2: Main + 1ª GPU (cascata: GPU0=80%, GPU1=10%)
2026-06-09 18:10:26,678 - INFO - Fase 1 — Tentativa 2: Main + 1ª GPU (cascata: GPU0=80%, GPU1=10%)
2026-06-09 18:10:26,709 - INFO - Fase 1 — Tentativa 2: Main + 1ª GPU (cascata: GPU0=70%, GPU1=10%)
2026-06-09 18:10:26,717 - INFO - Fase 1 — Tentativa 2: Main + 1ª GPU (cascata: GPU0=70%, GPU1=10%)
2026-06-09 18:10:26,753 - INFO - === Auto-balance EMPIRICAL START ===
  model=test.gguf path=/models/test.gguf
  context_size=4096 parallel_slots=1
  weights_mb=30000 (29.30 GB)  kv_cache_mb=0  total_mb=30000 (29.30 GB)
  active_gpus=2 | total_vram=40000 MB (39.06 GB)
  gpu_vram={0: 24000, 1: 16000}
  gpu_names={0: GPU0, 1: GPU1}
  main_index=0
  spill_order=[0, 1]
  cpu_enabled=True
  pins_count=0
2026-06-09 18:10:26,760 - INFO - === Auto-balance EMPIRICAL START ===
  model=test.gguf path=/models/test.gguf
  context_size=4096 parallel_slots=1
  weights_mb=30000 (29.30 GB)  kv_cache_mb=0  total_mb=30000 (29.30 GB)
  active_gpus=2 | total_vram=40000 MB (39.06 GB)
  gpu_vram={0: 24000, 1: 16000}
  gpu_names={0: GPU0, 1: GPU1}
  main_index=0
  spill_order=[0, 1]
  cpu_enabled=True
  pins_count=0
2026-06-09 18:10:26,770 - INFO - === Auto-balance: Fase 1 viavel ===
  weight_label=GPU0=100%
  weight_map={0: 100%}
  cpu_weight=0
2026-06-09 18:10:26,787 - INFO - === Auto-balance: Fase 1 viavel ===
  weight_label=GPU0=100%
  weight_map={0: 100%}
  cpu_weight=0
2026-06-09 18:10:26,795 - INFO - === Fase 2 PREPARANDO ===
  trimmed={0: 100%} main_index=0 cpu_enabled=True
2026-06-09 18:10:26,812 - INFO - === Fase 2 PREPARANDO ===
  trimmed={0: 100%} main_index=0 cpu_enabled=True
2026-06-09 18:10:26,821 - INFO - === Fase 2 INICIO (maximizar VRAM, GPU-only) ===
2026-06-09 18:10:26,838 - INFO - === Fase 2 INICIO (maximizar VRAM, GPU-only) ===
2026-06-09 18:10:26,863 - INFO - === Fase 2 CONCLUIDA ===
  weight_map={0: 100%}
  cpu_weight=0
2026-06-09 18:10:26,899 - INFO - === Fase 2 CONCLUIDA ===
  weight_map={0: 100%}
  cpu_weight=0
2026-06-09 18:10:26,908 - INFO - Fase 3: GPU0 já está em 100% — pulando fine-tuning
2026-06-09 18:10:26,927 - INFO - Fase 3: GPU0 já está em 100% — pulando fine-tuning
2026-06-09 18:10:26,937 - INFO - _vram_summary: weight_map={0: 100%} -> summary=GPU0 VRAM 0%
2026-06-09 18:10:26,946 - INFO - === Auto-balance: peso final ===
  weight_label=GPU0=100%
  weight_map={0: 100%}
  cpu_weight=0
2026-06-09 18:10:26,971 - INFO - === Auto-balance: peso final ===
  weight_label=GPU0=100%
  weight_map={0: 100%}
  cpu_weight=0
2026-06-09 18:10:26,982 - INFO - === HARDWARE SNAPSHOT BEFORE FINAL ===
  gpus=[]
2026-06-09 18:10:26,998 - INFO - === HARDWARE SNAPSHOT BEFORE FINAL ===
  gpus=[]
2026-06-09 18:10:27,008 - INFO - === Auto-balance SUCCESS ===
  message=Balance otimizado (GPU0=100%). GPU0 VRAM 0%
  gpu_weights_exported=3 entries
2026-06-09 18:10:27,029 - INFO - === Auto-balance SUCCESS ===
  message=Balance otimizado (GPU0=100%). GPU0 VRAM 0%
  gpu_weights_exported=3 entries
2026-06-09 18:10:27,041 - INFO - === Auto-balance EMPIRICAL START ===
  model=test.gguf path=/models/test.gguf
  context_size=4096 parallel_slots=1
  weights_mb=70000 (68.36 GB)  kv_cache_mb=0  total_mb=70000 (68.36 GB)
  active_gpus=2 | total_vram=40000 MB (39.06 GB)
  gpu_vram={0: 24000, 1: 16000}
  gpu_names={0: GPU0, 1: GPU1}
  main_index=0
  spill_order=[0, 1]
  cpu_enabled=True
  pins_count=0
2026-06-09 18:10:27,056 - INFO - === Auto-balance EMPIRICAL START ===
  model=test.gguf path=/models/test.gguf
  context_size=4096 parallel_slots=1
  weights_mb=70000 (68.36 GB)  kv_cache_mb=0  total_mb=70000 (68.36 GB)
  active_gpus=2 | total_vram=40000 MB (39.06 GB)
  gpu_vram={0: 24000, 1: 16000}
  gpu_names={0: GPU0, 1: GPU1}
  main_index=0
  spill_order=[0, 1]
  cpu_enabled=True
  pins_count=0
2026-06-09 18:10:27,064 - WARNING - Fase 1 — GPUs esgotadas sem split viável; tentando maximizar todas as GPUs antes de CPU
2026-06-09 18:10:27,080 - WARNING - Fase 1 — GPUs esgotadas sem split viável; tentando maximizar todas as GPUs antes de CPU
2026-06-09 18:10:27,090 - WARNING - Fase 1 — maximização GPU-only falhou; iniciando CPU offload (último recurso, +10% por tentativa)
2026-06-09 18:10:27,106 - WARNING - Fase 1 — maximização GPU-only falhou; iniciando CPU offload (último recurso, +10% por tentativa)
2026-06-09 18:10:27,115 - INFO - === Auto-balance: Fase 1 viavel ===
  weight_label=GPU0=50%, GPU1=20%, CPU=30%
  weight_map={0: 50%, 1: 20%}
  cpu_weight=30
2026-06-09 18:10:27,153 - INFO - === Auto-balance: Fase 1 viavel ===
  weight_label=GPU0=50%, GPU1=20%, CPU=30%
  weight_map={0: 50%, 1: 20%}
  cpu_weight=30
2026-06-09 18:10:27,163 - INFO - === Fase 2 PREPARANDO ===
  trimmed={0: 50%, 1: 20%} main_index=0 cpu_enabled=True
2026-06-09 18:10:27,182 - INFO - === Fase 2 PREPARANDO ===
  trimmed={0: 50%, 1: 20%} main_index=0 cpu_enabled=True
2026-06-09 18:10:27,192 - INFO - === Fase 2 INICIO (maximizar VRAM, GPU-only) ===
2026-06-09 18:10:27,207 - INFO - === Fase 2 INICIO (maximizar VRAM, GPU-only) ===
2026-06-09 18:10:27,216 - INFO - === Fase 2 CONCLUIDA ===
  weight_map={0: 50%, 1: 20%}
  cpu_weight=30
2026-06-09 18:10:27,233 - INFO - === Fase 2 CONCLUIDA ===
  weight_map={0: 50%, 1: 20%}
  cpu_weight=30
2026-06-09 18:10:27,242 - INFO - === Fase 3 INICIO (fine-tuning 1%, GPU-only) ===
  main_gpu=0 current_weight=50% max_possible=70%
  secondary_total=20% CPU=desabilitado
2026-06-09 18:10:27,258 - INFO - === Fase 3 INICIO (fine-tuning 1%, GPU-only) ===
  main_gpu=0 current_weight=50% max_possible=70%
  secondary_total=20% CPU=desabilitado
2026-06-09 18:10:27,269 - WARNING - Fase 3: sem incremento possivel — main GPU0 ja em 50%
2026-06-09 18:10:27,290 - WARNING - Fase 3: sem incremento possivel — main GPU0 ja em 50%
2026-06-09 18:10:27,307 - INFO - _vram_summary: weight_map={0: 50%, 1: 20%} -> summary=GPU0 VRAM 0%; GPU1 VRAM 0%
2026-06-09 18:10:27,318 - INFO - === Auto-balance: peso final ===
  weight_label=GPU0=50%, GPU1=20%, CPU=30%
  weight_map={0: 50%, 1: 20%}
  cpu_weight=30
2026-06-09 18:10:27,338 - INFO - === Auto-balance: peso final ===
  weight_label=GPU0=50%, GPU1=20%, CPU=30%
  weight_map={0: 50%, 1: 20%}
  cpu_weight=30
2026-06-09 18:10:27,350 - INFO - === HARDWARE SNAPSHOT BEFORE FINAL ===
  gpus=[]
2026-06-09 18:10:27,367 - INFO - === HARDWARE SNAPSHOT BEFORE FINAL ===
  gpus=[]
2026-06-09 18:10:27,377 - INFO - === Auto-balance SUCCESS ===
  message=Balance otimizado (GPU0=50%, GPU1=20%, CPU=30%). GPU0 VRAM 0%; GPU1 VRAM 0%
  gpu_weights_exported=3 entries
2026-06-09 18:10:27,401 - INFO - === Auto-balance SUCCESS ===
  message=Balance otimizado (GPU0=50%, GPU1=20%, CPU=30%). GPU0 VRAM 0%; GPU1 VRAM 0%
  gpu_weights_exported=3 entries
2026-06-09 18:10:27,414 - INFO - === Auto-balance EMPIRICAL START ===
  model=test.gguf path=/models/test.gguf
  context_size=4096 parallel_slots=1
  weights_mb=70000 (68.36 GB)  kv_cache_mb=0  total_mb=70000 (68.36 GB)
  active_gpus=2 | total_vram=40000 MB (39.06 GB)
  gpu_vram={0: 24000, 1: 16000}
  gpu_names={0: GPU0, 1: GPU1}
  main_index=0
  spill_order=[0, 1]
  cpu_enabled=False
  pins_count=0
2026-06-09 18:10:27,432 - INFO - === Auto-balance EMPIRICAL START ===
  model=test.gguf path=/models/test.gguf
  context_size=4096 parallel_slots=1
  weights_mb=70000 (68.36 GB)  kv_cache_mb=0  total_mb=70000 (68.36 GB)
  active_gpus=2 | total_vram=40000 MB (39.06 GB)
  gpu_vram={0: 24000, 1: 16000}
  gpu_names={0: GPU0, 1: GPU1}
  main_index=0
  spill_order=[0, 1]
  cpu_enabled=False
  pins_count=0
2026-06-09 18:10:27,442 - WARNING - Fase 1 — GPUs esgotadas sem split viável; tentando maximizar todas as GPUs antes de CPU
2026-06-09 18:10:27,459 - WARNING - Fase 1 — GPUs esgotadas sem split viável; tentando maximizar todas as GPUs antes de CPU
2026-06-09 18:10:27,467 - INFO - === HARDWARE CAPACITY FAILURE ===
  reason=no_feasible_split
  model=test.gguf path=/models/test.gguf
  estimated_model_mb=?
  total_vram_mb=40000 total_vram_gb=39.06
  active_gpus=[0, 1]
  gpu_details=[{'index': 0, 'name': 'GPU0', 'vram_mb': 24000}, {'index': 1, 'name': 'GPU1', 'vram_mb': 16000}]
  context_size=4096 parallel_slots=1
  message=Não foi possível carregar "test.gguf" em nenhuma divisão testada entre as GPUs selecionadas. O modelo excede a capacidade do hardware atual (~39.1 GB de VRAM em 2 GPU(s)) com contexto 4096 e 1 slot(s).
2026-06-09 18:10:27,484 - INFO - === HARDWARE CAPACITY FAILURE ===
  reason=no_feasible_split
  model=test.gguf path=/models/test.gguf
  estimated_model_mb=?
  total_vram_mb=40000 total_vram_gb=39.06
  active_gpus=[0, 1]
  gpu_details=[{'index': 0, 'name': 'GPU0', 'vram_mb': 24000}, {'index': 1, 'name': 'GPU1', 'vram_mb': 16000}]
  context_size=4096 parallel_slots=1
  message=Não foi possível carregar "test.gguf" em nenhuma divisão testada entre as GPUs selecionadas. O modelo excede a capacidade do hardware atual (~39.1 GB de VRAM em 2 GPU(s)) com contexto 4096 e 1 slot(s).
2026-06-09 18:10:27,505 - INFO - START: /usr/bin/llama-server -m /fake/model.gguf -ngl 22 --flash-attn on --host 0.0.0.0 --port 8085 --tools all --parallel 1 --ctx-size 8192 --batch-size 2048 --mlock --main-gpu 0 --split-mode layer --tensor-split 1.0 --api-key sk-test --mmproj-auto --jinja --reasoning on --chat-template-kwargs {"enable_thinking":true} (CUDA_VISIBLE_DEVICES=0, ctx_per_slot=8192, server_ctx=8192, batch_size=2048, thinking_enabled=True, mtp_enabled=False, mtp_draft_tokens=3, mtp_applied=False, gpu_pct=70.0, cpu_pct=30.0, n_gpu_layers=22, n_cpu_layers=10)
2026-06-09 18:10:27,517 - INFO - START: /usr/bin/llama-server -m /fake/model.gguf -ngl 6 --flash-attn on --host 0.0.0.0 --port 8085 --tools all --parallel 1 --ctx-size 8192 --batch-size 2048 --mlock --main-gpu 0 --split-mode layer --tensor-split 1.0 --api-key sk-test --mmproj-auto --jinja --reasoning on --chat-template-kwargs {"enable_thinking":true} (CUDA_VISIBLE_DEVICES=0, ctx_per_slot=8192, server_ctx=8192, batch_size=2048, thinking_enabled=True, mtp_enabled=False, mtp_draft_tokens=3, mtp_applied=False, gpu_pct=20.0, cpu_pct=80.0, n_gpu_layers=6, n_cpu_layers=26)
2026-06-09 18:10:27,534 - INFO - START: /usr/bin/llama-server -m /fake/model.gguf -ngl 999 --flash-attn on --host 0.0.0.0 --port 8085 --tools all --parallel 1 --ctx-size 8192 --batch-size 2048 --mlock --main-gpu 0 --split-mode layer --tensor-split 1.0 --api-key sk-test --mmproj-auto --jinja --reasoning on --chat-template-kwargs {"enable_thinking":true} (CUDA_VISIBLE_DEVICES=0, ctx_per_slot=8192, server_ctx=8192, batch_size=2048, thinking_enabled=True, mtp_enabled=False, mtp_draft_tokens=3, mtp_applied=False, gpu_pct=100.0, cpu_pct=0, n_gpu_layers=999, n_cpu_layers=0)
2026-06-09 18:10:27,547 - INFO - START: /usr/bin/llama-server -m /fake/model.gguf -ngl 22 --flash-attn on --host 0.0.0.0 --port 8085 --tools all --parallel 1 --ctx-size 8192 --batch-size 2048 --mlock --main-gpu 0 --split-mode layer --tensor-split 1.0 --api-key sk-test --mmproj-auto --jinja --reasoning on --chat-template-kwargs {"enable_thinking":true} (CUDA_VISIBLE_DEVICES=0, ctx_per_slot=8192, server_ctx=8192, batch_size=2048, thinking_enabled=True, mtp_enabled=False, mtp_draft_tokens=3, mtp_applied=False, gpu_pct=70.0, cpu_pct=30.0, n_gpu_layers=22, n_cpu_layers=10)
2026-06-09 18:10:27,680 - WARNING - llama-server nao encontrado automaticamente; configure LLAMA_SERVER_BIN ou paths.json (llama_server_bin)
2026-06-09 18:10:27,694 - ERROR - GPU detection error: Command 'nvidia-smi' returned non-zero exit status 1.
2026-06-09 18:10:27,707 - ERROR - GPU metrics error: Command 'nvidia-smi' returned non-zero exit status 1.
2026-06-09 18:10:27,717 - ERROR - System metrics error: ram metrics unavailable
2026-06-09 18:10:27,729 - ERROR - GPU metrics error: Command 'nvidia-smi' returned non-zero exit status 1.
2026-06-09 18:10:28,119 - ERROR - GPU metrics error: Command 'nvidia-smi' returned non-zero exit status 1.
2026-06-09 18:10:28,128 - ERROR - System metrics error: ram down
2026-06-09 18:10:28,138 - ERROR - GPU metrics error: Command 'nvidia-smi' returned non-zero exit status 1.
2026-06-09 18:10:28,179 - INFO - MTP requested but model has no MTP head, skipping flags
2026-06-09 18:10:28,211 - WARNING - llama-server nao encontrado automaticamente; configure LLAMA_SERVER_BIN ou paths.json (llama_server_bin)
2026-06-09 18:10:28,227 - WARNING - Could not detect MTP for /fake/model.gguf: boom
1969-12-31 21:16:40,000 - WARNING - OOM detected! Consecutive: 1
1969-12-31 21:16:45,000 - WARNING - OOM detected! Consecutive: 2
1969-12-31 21:16:40,000 - WARNING - OOM detected! Consecutive: 1
1969-12-31 21:17:11,000 - WARNING - OOM detected! Consecutive: 1
1969-12-31 21:16:40,000 - WARNING - OOM detected! Consecutive: 1
1969-12-31 21:16:45,000 - WARNING - OOM detected! Consecutive: 3
2026-06-09 18:10:28,332 - WARNING - Could not detect model layers for /fake/model.gguf: not found
2026-06-09 18:10:28,347 - INFO - START: /usr/bin/llama-server -m /fake/model.gguf -ngl 999 --flash-attn on --host 0.0.0.0 --port 8085 --tools all --parallel 1 --ctx-size 8192 --batch-size 2048 --mlock --main-gpu 0 --split-mode layer --tensor-split 1.0 --api-key test-token --mmproj-auto --jinja --reasoning on --chat-template-kwargs {"enable_thinking":true} (CUDA_VISIBLE_DEVICES=0, ctx_per_slot=8192, server_ctx=8192, batch_size=2048, thinking_enabled=True, mtp_enabled=False, mtp_draft_tokens=3, mtp_applied=False, gpu_pct=100.0, cpu_pct=0, n_gpu_layers=999, n_cpu_layers=0)
2026-06-09 18:10:28,363 - INFO - START: /usr/bin/llama-server -m /fake/model.gguf -ngl 22 --flash-attn on --host 0.0.0.0 --port 8085 --tools all --parallel 1 --ctx-size 8192 --batch-size 2048 --mlock --main-gpu 0 --split-mode layer --tensor-split 1.0 --api-key test-token --mmproj-auto --jinja --reasoning on --chat-template-kwargs {"enable_thinking":true} (CUDA_VISIBLE_DEVICES=0, ctx_per_slot=8192, server_ctx=8192, batch_size=2048, thinking_enabled=True, mtp_enabled=False, mtp_draft_tokens=3, mtp_applied=False, gpu_pct=70.0, cpu_pct=30.0, n_gpu_layers=22, n_cpu_layers=10)
2026-06-09 18:10:28,377 - INFO - START: /usr/bin/llama-server -m /fake/model.gguf -ngl 0 --flash-attn on --host 0.0.0.0 --port 8085 --tools all --parallel 1 --ctx-size 8192 --batch-size 2048 --mlock --main-gpu 0 --split-mode layer --tensor-split 1.0 --api-key test-token --mmproj-auto --jinja --reasoning on --chat-template-kwargs {"enable_thinking":true} (CUDA_VISIBLE_DEVICES=0, ctx_per_slot=8192, server_ctx=8192, batch_size=2048, thinking_enabled=True, mtp_enabled=False, mtp_draft_tokens=3, mtp_applied=False, gpu_pct=0, cpu_pct=0, n_gpu_layers=0, n_cpu_layers=32)
2026-06-09 18:10:28,390 - INFO - START: /usr/bin/llama-server -m /fake/model.gguf -ngl 999 --flash-attn on --host 0.0.0.0 --port 8085 --tools all --parallel 1 --ctx-size 8192 --batch-size 2048 --mlock --main-gpu 0 --split-mode layer --tensor-split 1.0 --api-key test-token --mmproj-auto --jinja --reasoning on --chat-template-kwargs {"enable_thinking":true} (CUDA_VISIBLE_DEVICES=0, ctx_per_slot=8192, server_ctx=8192, batch_size=2048, thinking_enabled=True, mtp_enabled=False, mtp_draft_tokens=3, mtp_applied=False, gpu_pct=100.0, cpu_pct=0, n_gpu_layers=999, n_cpu_layers=0)
2026-06-09 18:10:28,403 - INFO - START: /usr/bin/llama-server -m /fake/model.gguf -ngl 999 --flash-attn on --host 0.0.0.0 --port 8085 --tools all --parallel 1 --ctx-size 8192 --batch-size 2048 --mlock --main-gpu 0 --split-mode layer --tensor-split 1.0 --api-key test-token --mmproj-auto --jinja --reasoning on --chat-template-kwargs {"enable_thinking":true} (CUDA_VISIBLE_DEVICES=0, ctx_per_slot=8192, server_ctx=8192, batch_size=2048, thinking_enabled=True, mtp_enabled=False, mtp_draft_tokens=3, mtp_applied=False, gpu_pct=100.0, cpu_pct=0, n_gpu_layers=999, n_cpu_layers=0)
2026-06-09 18:10:28,425 - INFO - START: /usr/bin/llama-server -m /fake/model.gguf -ngl 56 --flash-attn on --host 0.0.0.0 --port 8085 --tools all --parallel 1 --ctx-size 8192 --batch-size 2048 --mlock --main-gpu 0 --split-mode layer --tensor-split 1.0 --api-key test-token --mmproj-auto --jinja --reasoning on --chat-template-kwargs {"enable_thinking":true} (CUDA_VISIBLE_DEVICES=0, ctx_per_slot=8192, server_ctx=8192, batch_size=2048, thinking_enabled=True, mtp_enabled=False, mtp_draft_tokens=3, mtp_applied=False, gpu_pct=70.0, cpu_pct=30.0, n_gpu_layers=56, n_cpu_layers=24)
2026-06-09 18:10:28,444 - INFO - START: /usr/bin/llama-server -m /fake/model.gguf -ngl 999 --flash-attn on --host 0.0.0.0 --port 8085 --tools all --parallel 1 --ctx-size 8192 --batch-size 2048 --mlock --main-gpu 0 --split-mode layer --tensor-split 1.0 --api-key test-token --mmproj-auto --jinja --reasoning on --chat-template-kwargs {"enable_thinking":true} (CUDA_VISIBLE_DEVICES=0, ctx_per_slot=8192, server_ctx=8192, batch_size=2048, thinking_enabled=True, mtp_enabled=False, mtp_draft_tokens=3, mtp_applied=False, gpu_pct=200.0, cpu_pct=0, n_gpu_layers=999, n_cpu_layers=0)
2026-06-09 18:10:28,464 - INFO - START: /usr/bin/llama-server -m /fake/model.gguf -ngl 999 --flash-attn on --host 0.0.0.0 --port 8085 --tools all --parallel 1 --ctx-size 8192 --batch-size 2048 --mlock --main-gpu 0 --split-mode layer --tensor-split 1.0 --api-key test-token --mmproj-auto --jinja --reasoning on --chat-template-kwargs {"enable_thinking":true} (CUDA_VISIBLE_DEVICES=0, ctx_per_slot=8192, server_ctx=8192, batch_size=2048, thinking_enabled=True, mtp_enabled=False, mtp_draft_tokens=3, mtp_applied=False, gpu_pct=100.0, cpu_pct=0, n_gpu_layers=999, n_cpu_layers=0)
2026-06-09 18:10:28,485 - INFO - START: /usr/bin/llama-server -m /fake/model.gguf -ngl 0 --flash-attn on --host 0.0.0.0 --port 8085 --tools all --parallel 1 --ctx-size 8192 --batch-size 2048 --mlock --main-gpu 0 --split-mode layer --tensor-split 1.0 --api-key test-token --mmproj-auto --jinja --reasoning on --chat-template-kwargs {"enable_thinking":true} (CUDA_VISIBLE_DEVICES=0, ctx_per_slot=8192, server_ctx=8192, batch_size=2048, thinking_enabled=True, mtp_enabled=False, mtp_draft_tokens=3, mtp_applied=False, gpu_pct=0, cpu_pct=0, n_gpu_layers=0, n_cpu_layers=32)
2026-06-09 18:10:28,524 - INFO - Verificacao de versao iniciada em /tmp/automanager-test
2026-06-09 18:10:28,546 - WARNING - Diretorio nao e um repositorio git: /tmp/automanager-test
2026-06-09 18:10:28,563 - INFO - Verificacao de versao iniciada em /tmp/automanager-test
2026-06-09 18:10:28,579 - INFO - Versao atualizada (branch=main, ref=aaa1111)
2026-06-09 18:10:28,596 - INFO - Verificacao de versao iniciada em /tmp/automanager-test
2026-06-09 18:10:28,612 - INFO - Atualizacao disponivel (branch=main, ahead=2, aaa1111 -> ddd4444)
2026-06-09 18:10:28,630 - INFO - Verificacao de versao iniciada em /tmp/automanager-test
2026-06-09 18:10:28,647 - WARNING - git fetch falhou (branch=main): fatal: could not read from remote
2026-06-09 18:10:28,664 - INFO - Verificacao de versao iniciada em /tmp/automanager-test
2026-06-09 18:10:28,680 - WARNING - git fetch expirou apos 30s (branch=main)
2026-06-09 18:10:28,697 - INFO - Verificacao de versao iniciada em /tmp/automanager-test
2026-06-09 18:10:28,714 - INFO - Versao atualizada (branch=feature/foo, ref=1111111)
2026-06-09 18:10:28,769 - INFO - Verificacao de versao iniciada em /tmp/automanager-test
2026-06-09 18:10:28,785 - INFO - Atualizacao disponivel (branch=main, ahead=12, local00 -> remote0)
2026-06-09 18:59:50,682 - INFO - estimate_model_vram_mb [DISK] model=C:\Users\s293\AppData\Local\Temp\pytest-of-s293\pytest-259\test_estimate_model_vram_uses_0\qwen-49b.gguf disk_mb=100 runtime_overhead_mb=256 weights_mb=356 kv_cache_mb=6553 total_mb=6909
2026-06-09 18:59:50,716 - INFO - estimate_model_vram_mb [DISK] model=C:\Users\s293\AppData\Local\Temp\pytest-of-s293\pytest-259\test_estimate_model_vram_uses_0\qwen-49b.gguf disk_mb=100 runtime_overhead_mb=256 weights_mb=356 kv_cache_mb=6553 total_mb=6909
2026-06-09 18:59:50,787 - INFO - === HARDWARE CAPACITY FAILURE ===
  reason=no_feasible_split
  model=huge-model.gguf path=/models/huge-model.gguf
  estimated_model_mb=?
  total_vram_mb=24576 total_vram_gb=24.00
  active_gpus=[0]
  gpu_details=[{'index': 0, 'name': 'RTX 3090', 'vram_mb': 24576}]
  context_size=32768 parallel_slots=2
  message=Não foi possível carregar "huge-model.gguf" em nenhuma divisão testada entre as GPUs selecionadas. O modelo excede a capacidade do hardware atual (~24.0 GB de VRAM em 1 GPU(s)) com contexto 32768 e 2 slot(s).
2026-06-09 18:59:50,831 - INFO - === HARDWARE CAPACITY FAILURE ===
  reason=no_feasible_split
  model=huge-model.gguf path=/models/huge-model.gguf
  estimated_model_mb=?
  total_vram_mb=24576 total_vram_gb=24.00
  active_gpus=[0]
  gpu_details=[{'index': 0, 'name': 'RTX 3090', 'vram_mb': 24576}]
  context_size=32768 parallel_slots=2
  message=Não foi possível carregar "huge-model.gguf" em nenhuma divisão testada entre as GPUs selecionadas. O modelo excede a capacidade do hardware atual (~24.0 GB de VRAM em 1 GPU(s)) com contexto 32768 e 2 slot(s).
2026-06-09 18:59:50,892 - WARNING - OOM detected! Consecutive: 1
2026-06-09 18:59:51,200 - INFO - === Fase 1 INICIO (GPUs primeiro, CPU permitido neste passo) ===
2026-06-09 18:59:51,230 - INFO - === Fase 1 INICIO (GPUs primeiro, CPU permitido neste passo) ===
2026-06-09 18:59:51,246 - INFO - Fase 1 — Tentativa 1: Main GPU2 100%
2026-06-09 18:59:51,288 - INFO - Fase 1 — Tentativa 1: Main GPU2 100%
2026-06-09 18:59:51,450 - INFO - Fase 1 — Tentativa 2: Main + 1ª GPU (cascata: GPU2=90%, GPU0=10%)
2026-06-09 18:59:51,528 - INFO - Fase 1 — Tentativa 2: Main + 1ª GPU (cascata: GPU2=90%, GPU0=10%)
2026-06-09 18:59:51,636 - INFO - Fase 1 — Tentativa 3: Main + 2ª GPU (cascata: GPU2=80%, GPU0=10%, GPU1=10%)
2026-06-09 18:59:51,666 - INFO - Fase 1 — Tentativa 3: Main + 2ª GPU (cascata: GPU2=80%, GPU0=10%, GPU1=10%)
2026-06-09 18:59:51,771 - INFO - Fase 1 — Tentativa 3: Main + 2ª GPU (cascata: GPU2=70%, GPU0=10%, GPU1=10%)
2026-06-09 18:59:51,780 - INFO - Fase 1 — Tentativa 3: Main + 2ª GPU (cascata: GPU2=70%, GPU0=10%, GPU1=10%)
2026-06-09 18:59:51,912 - INFO - Fase 1 — Tentativa 3: Main + 2ª GPU (cascata: GPU2=60%, GPU0=10%, GPU1=10%)
2026-06-09 18:59:51,940 - INFO - Fase 1 — Tentativa 3: Main + 2ª GPU (cascata: GPU2=60%, GPU0=10%, GPU1=10%)
2026-06-09 18:59:52,064 - INFO - Fase 1 — Tentativa 3: Main + 2ª GPU (cascata: GPU2=50%, GPU0=10%, GPU1=10%)
2026-06-09 18:59:52,096 - INFO - Fase 1 — Tentativa 3: Main + 2ª GPU (cascata: GPU2=50%, GPU0=10%, GPU1=10%)
2026-06-09 18:59:52,236 - INFO - Fase 1 — Tentativa 3: Main + 2ª GPU (cascata: GPU2=40%, GPU0=10%, GPU1=10%)
2026-06-09 18:59:52,247 - INFO - Fase 1 — Tentativa 3: Main + 2ª GPU (cascata: GPU2=40%, GPU0=10%, GPU1=10%)
2026-06-09 18:59:52,400 - INFO - Fase 1 — Tentativa 3: Main + 2ª GPU (cascata: GPU2=30%, GPU0=10%, GPU1=10%)
2026-06-09 18:59:52,441 - INFO - Fase 1 — Tentativa 3: Main + 2ª GPU (cascata: GPU2=30%, GPU0=10%, GPU1=10%)
2026-06-09 18:59:52,559 - INFO - Fase 1 — Tentativa 3: Main + 2ª GPU (cascata: GPU2=20%, GPU0=10%, GPU1=10%)
2026-06-09 18:59:52,587 - INFO - Fase 1 — Tentativa 3: Main + 2ª GPU (cascata: GPU2=20%, GPU0=10%, GPU1=10%)
2026-06-09 18:59:52,740 - INFO - Fase 1 — Tentativa 3: Main + 2ª GPU (cascata: GPU2=10%, GPU0=10%, GPU1=10%)
2026-06-09 18:59:52,795 - INFO - Fase 1 — Tentativa 3: Main + 2ª GPU (cascata: GPU2=10%, GPU0=10%, GPU1=10%)
2026-06-09 18:59:52,927 - INFO - === Fase 1 INICIO (GPUs primeiro, CPU permitido neste passo) ===
2026-06-09 18:59:52,955 - INFO - === Fase 1 INICIO (GPUs primeiro, CPU permitido neste passo) ===
2026-06-09 18:59:52,984 - INFO - Fase 1 — Tentativa 1: Main GPU2 100%
2026-06-09 18:59:53,011 - INFO - Fase 1 — Tentativa 1: Main GPU2 100%
2026-06-09 18:59:53,123 - INFO - PROBE #1 START (gpus=1): weight_map={0: 100%} synced={0: 100%} cpu=10->0 [gpu[0]=100.0%, cpu[-1]=0.0%]
2026-06-09 18:59:53,150 - INFO - PROBE #1 START (gpus=1): weight_map={0: 100%} synced={0: 100%} cpu=10->0 [gpu[0]=100.0%, cpu[-1]=0.0%]
2026-06-09 18:59:53,169 - INFO - PROBE #1 RESULT: ready | synced={0: 100%} cpu=0
2026-06-09 18:59:53,209 - INFO - PROBE #1 RESULT: ready | synced={0: 100%} cpu=0
2026-06-09 18:59:53,264 - WARNING - _wait_for_outcome: OOM-on-exit after 0.0s (log=/tmp/server.log) | preview=['ggml CUDA error: out of memory']
2026-06-09 18:59:53,286 - WARNING - _wait_for_outcome: CRASHED after 0.0s (log=/tmp/server.log) | preview=["error: unknown model architecture 'qwen3-next'"]
2026-06-09 18:59:53,306 - INFO - PROBE #1 START (gpus=1): weight_map={0: 100%} synced={0: 100%} cpu=0->0 [gpu[0]=100.0%]
2026-06-09 18:59:53,331 - INFO - PROBE #1 START (gpus=1): weight_map={0: 100%} synced={0: 100%} cpu=0->0 [gpu[0]=100.0%]
2026-06-09 18:59:53,350 - WARNING - PROBE #1 RESULT: crashed | synced={0: 100%} cpu=0
2026-06-09 18:59:53,376 - WARNING - PROBE #1 RESULT: crashed | synced={0: 100%} cpu=0
2026-06-09 18:59:53,490 - WARNING - PROBE #1 RESULT: crashed | synced={0: 100%} cpu=0
2026-06-09 18:59:53,520 - WARNING - PROBE #1 RESULT: crashed | synced={0: 100%} cpu=0
2026-06-09 18:59:53,659 - WARNING - PROBE #1 RESULT: crashed | synced={0: 100%} cpu=0
2026-06-09 18:59:53,698 - WARNING - PROBE #1 RESULT: crashed | synced={0: 100%} cpu=0
2026-06-09 18:59:54,657 - INFO - PROBE #1 START (gpus=1): weight_map={0: 100%} synced={0: 100%} cpu=0->0 [gpu[0]=100.0%]
2026-06-09 18:59:54,665 - INFO - PROBE #1 START (gpus=1): weight_map={0: 100%} synced={0: 100%} cpu=0->0 [gpu[0]=100.0%]
2026-06-09 18:59:54,692 - WARNING - PROBE #1 RESULT: crashed | synced={0: 100%} cpu=0
2026-06-09 18:59:54,721 - WARNING - PROBE #1 RESULT: crashed | synced={0: 100%} cpu=0
2026-06-09 18:59:54,831 - INFO - PROBE #1 RESULT: ready | synced={0: 100%} cpu=0
2026-06-09 18:59:54,859 - INFO - PROBE #1 RESULT: ready | synced={0: 100%} cpu=0
2026-06-09 18:59:54,885 - INFO - PROBE #1 START (gpus=1): weight_map={0: 100%} synced={0: 100%} cpu=0->0 [gpu[0]=100.0%]
2026-06-09 18:59:54,934 - INFO - PROBE #1 START (gpus=1): weight_map={0: 100%} synced={0: 100%} cpu=0->0 [gpu[0]=100.0%]
2026-06-09 18:59:54,951 - WARNING - PROBE #1 RESULT: crashed | synced={0: 100%} cpu=0
2026-06-09 18:59:54,981 - WARNING - PROBE #1 RESULT: crashed | synced={0: 100%} cpu=0
2026-06-09 18:59:55,004 - INFO - estimate_model_vram_mb [DISK] model=/models/Qwen3-Coder-Next.gguf disk_mb=20000 runtime_overhead_mb=1000 weights_mb=21000 kv_cache_mb=409 total_mb=21409
2026-06-09 18:59:55,030 - INFO - estimate_model_vram_mb [DISK] model=/models/Qwen3-Coder-Next.gguf disk_mb=20000 runtime_overhead_mb=1000 weights_mb=21000 kv_cache_mb=409 total_mb=21409
2026-06-09 18:59:55,047 - INFO - estimate_model_vram_mb [DISK] model=/models/Qwen3-Coder-Next.gguf disk_mb=20000 runtime_overhead_mb=1000 weights_mb=21000 kv_cache_mb=409 total_mb=21409
2026-06-09 18:59:55,082 - INFO - estimate_model_vram_mb [DISK] model=/models/Qwen3-Coder-Next.gguf disk_mb=20000 runtime_overhead_mb=1000 weights_mb=21000 kv_cache_mb=409 total_mb=21409
2026-06-09 18:59:55,097 - INFO - === Auto-balance EMPIRICAL START ===
  model=Qwen3-Coder-Next.gguf path=/models/Qwen3-Coder-Next.gguf
  context_size=4096 parallel_slots=1
  weights_mb=21000 (20.51 GB)  kv_cache_mb=409  total_mb=21409 (20.91 GB)
  active_gpus=3 | total_vram=57344 MB (56.00 GB)
  gpu_vram={0: 16384, 1: 16384, 2: 24576}
  gpu_names={0: Tesla P100-PCIE-16GB, 1: Tesla P100-PCIE-16GB, 2: NVIDIA GeForce RTX 3090}
  main_index=2
  spill_order=[2, 0, 1]
  cpu_enabled=True
  pins_count=0
2026-06-09 18:59:55,124 - INFO - === Auto-balance EMPIRICAL START ===
  model=Qwen3-Coder-Next.gguf path=/models/Qwen3-Coder-Next.gguf
  context_size=4096 parallel_slots=1
  weights_mb=21000 (20.51 GB)  kv_cache_mb=409  total_mb=21409 (20.91 GB)
  active_gpus=3 | total_vram=57344 MB (56.00 GB)
  gpu_vram={0: 16384, 1: 16384, 2: 24576}
  gpu_names={0: Tesla P100-PCIE-16GB, 1: Tesla P100-PCIE-16GB, 2: NVIDIA GeForce RTX 3090}
  main_index=2
  spill_order=[2, 0, 1]
  cpu_enabled=True
  pins_count=0
2026-06-09 18:59:55,142 - INFO - === Fase 1 INICIO (GPUs primeiro) ===
2026-06-09 18:59:55,171 - INFO - === Fase 1 INICIO (GPUs primeiro) ===
2026-06-09 18:59:55,190 - INFO - Fase 1 — Tentativa 1: Main GPU2 100%
2026-06-09 18:59:55,214 - INFO - Fase 1 — Tentativa 1: Main GPU2 100%
2026-06-09 18:59:55,236 - ERROR - === SERVER CRASH FAILURE (não-OOM) ===
  model=Qwen3-Coder-Next.gguf path=/models/Qwen3-Coder-Next.gguf
  elapsed=1.0s crashed_split={2: 100} cpu=0%
  server_log=/tmp/server.log
  log_tail=['unknown architecture']
  message=O servidor encerrou inesperadamente (~1.0s) ao carregar "Qwen3-Coder-Next.gguf", sem indício de falta de memória (OOM). Isso indica incompatibilidade do modelo/binário llama.cpp ou um parâmetro de inicialização inválido — não falta de VRAM. O auto-balance foi interrompido.
2026-06-09 18:59:55,269 - ERROR - === SERVER CRASH FAILURE (não-OOM) ===
  model=Qwen3-Coder-Next.gguf path=/models/Qwen3-Coder-Next.gguf
  elapsed=1.0s crashed_split={2: 100} cpu=0%
  server_log=/tmp/server.log
  log_tail=['unknown architecture']
  message=O servidor encerrou inesperadamente (~1.0s) ao carregar "Qwen3-Coder-Next.gguf", sem indício de falta de memória (OOM). Isso indica incompatibilidade do modelo/binário llama.cpp ou um parâmetro de inicialização inválido — não falta de VRAM. O auto-balance foi interrompido.
2026-06-09 18:59:55,328 - INFO - Fase 2: input weight_map={2: 80%, 0: 10%, 1: 10%} main_index=2
2026-06-09 18:59:55,356 - INFO - Fase 2: input weight_map={2: 80%, 0: 10%, 1: 10%} main_index=2
2026-06-09 18:59:55,372 - INFO - Auto-balance GPU 2: weight=80% vram=0.0%
2026-06-09 18:59:55,387 - INFO - Auto-balance GPU 0: weight=10% vram=0.0%
2026-06-09 18:59:55,408 - INFO - Auto-balance GPU 1: weight=10% vram=0.0%
2026-06-09 18:59:55,437 - INFO - TRIM: GPU1 removida — 10% redistribuido para GPU2 | GPU2=90%, GPU0=10%
2026-06-09 18:59:55,467 - INFO - TRIM: GPU1 removida — 10% redistribuido para GPU2 | GPU2=90%, GPU0=10%
2026-06-09 18:59:55,491 - WARNING - TRIM: GPU0 mantida (10%) — probe=oom
2026-06-09 18:59:55,514 - WARNING - TRIM: GPU0 mantida (10%) — probe=oom
2026-06-09 18:59:55,542 - WARNING - TRIM: GPU1 mantida (10%) — probe=oom
2026-06-09 18:59:55,567 - WARNING - TRIM: GPU1 mantida (10%) — probe=oom
2026-06-09 18:59:55,586 - WARNING - TRIM: GPU0 mantida (10%) — probe=oom
2026-06-09 18:59:55,611 - WARNING - TRIM: GPU0 mantida (10%) — probe=oom
2026-06-09 18:59:55,697 - INFO - === Auto-balance EMPIRICAL START ===
  model=test.gguf path=/models/test.gguf
  context_size=4096 parallel_slots=1
  weights_mb=30000 (29.30 GB)  kv_cache_mb=0  total_mb=30000 (29.30 GB)
  active_gpus=3 | total_vram=57344 MB (56.00 GB)
  gpu_vram={0: 16384, 1: 16384, 2: 24576}
  gpu_names={0: Tesla P100-PCIE-16GB, 1: Tesla P100-PCIE-16GB, 2: NVIDIA GeForce RTX 3090}
  main_index=2
  spill_order=[2, 0, 1]
  cpu_enabled=True
  pins_count=0
2026-06-09 18:59:55,730 - INFO - === Auto-balance EMPIRICAL START ===
  model=test.gguf path=/models/test.gguf
  context_size=4096 parallel_slots=1
  weights_mb=30000 (29.30 GB)  kv_cache_mb=0  total_mb=30000 (29.30 GB)
  active_gpus=3 | total_vram=57344 MB (56.00 GB)
  gpu_vram={0: 16384, 1: 16384, 2: 24576}
  gpu_names={0: Tesla P100-PCIE-16GB, 1: Tesla P100-PCIE-16GB, 2: NVIDIA GeForce RTX 3090}
  main_index=2
  spill_order=[2, 0, 1]
  cpu_enabled=True
  pins_count=0
2026-06-09 18:59:55,753 - INFO - === Fase 1 INICIO (GPUs primeiro) ===
2026-06-09 18:59:55,783 - INFO - === Fase 1 INICIO (GPUs primeiro) ===
2026-06-09 18:59:55,811 - INFO - Fase 1 — Tentativa 1: Main GPU2 100%
2026-06-09 18:59:55,842 - INFO - Fase 1 — Tentativa 1: Main GPU2 100%
2026-06-09 18:59:55,942 - INFO - Fase 1 — Tentativa 2: Main + 1ª GPU (cascata: GPU2=81%, GPU0=19%)
2026-06-09 18:59:56,004 - INFO - Fase 1 — Tentativa 2: Main + 1ª GPU (cascata: GPU2=81%, GPU0=19%)
2026-06-09 18:59:56,139 - INFO - === Auto-balance: Fase 1 viavel ===
  weight_label=GPU2=81%, GPU0=19%
  weight_map={2: 81%, 0: 19%}
  cpu_weight=0
2026-06-09 18:59:56,166 - INFO - === Auto-balance: Fase 1 viavel ===
  weight_label=GPU2=81%, GPU0=19%
  weight_map={2: 81%, 0: 19%}
  cpu_weight=0
2026-06-09 18:59:56,185 - WARNING - TRIM: GPU0 mantida (19%) — probe=oom
2026-06-09 18:59:56,236 - WARNING - TRIM: GPU0 mantida (19%) — probe=oom
2026-06-09 18:59:56,254 - INFO - === Fase 2 PREPARANDO ===
  trimmed={2: 81%, 0: 19%} main_index=2 cpu_enabled=True
2026-06-09 18:59:56,281 - INFO - === Fase 2 PREPARANDO ===
  trimmed={2: 81%, 0: 19%} main_index=2 cpu_enabled=True
2026-06-09 18:59:56,300 - INFO - === Fase 2 INICIO (maximizar VRAM, GPU-only) ===
2026-06-09 18:59:56,328 - INFO - === Fase 2 INICIO (maximizar VRAM, GPU-only) ===
2026-06-09 18:59:56,348 - INFO - Fase 2: input weight_map={2: 81%, 0: 19%} main_index=2
2026-06-09 18:59:56,395 - INFO - Fase 2: input weight_map={2: 81%, 0: 19%} main_index=2
2026-06-09 18:59:56,415 - INFO - Auto-balance GPU 2: weight=81% vram=96.0%
2026-06-09 18:59:56,433 - INFO - Auto-balance GPU 0: weight=19% vram=19.0%
2026-06-09 18:59:56,451 - INFO - === Fase 2 CONCLUIDA ===
  weight_map={2: 81%, 0: 19%}
  cpu_weight=0
2026-06-09 18:59:56,481 - INFO - === Fase 2 CONCLUIDA ===
  weight_map={2: 81%, 0: 19%}
  cpu_weight=0
2026-06-09 18:59:56,497 - INFO - === Fase 3 INICIO (fine-tuning 1%, GPU-only) ===
  main_gpu=2 current_weight=81% max_possible=100%
  secondary_total=19% CPU=desabilitado
2026-06-09 18:59:56,533 - INFO - === Fase 3 INICIO (fine-tuning 1%, GPU-only) ===
  main_gpu=2 current_weight=81% max_possible=100%
  secondary_total=19% CPU=desabilitado
2026-06-09 18:59:56,688 - WARNING - Fase 3: sem incremento possivel — main GPU2 ja em 81%
2026-06-09 18:59:56,718 - WARNING - Fase 3: sem incremento possivel — main GPU2 ja em 81%
2026-06-09 18:59:56,743 - INFO - _vram_summary: weight_map={2: 81%, 0: 19%} -> summary=GPU2 VRAM 97%; GPU0 VRAM 18%
2026-06-09 18:59:56,763 - INFO - === Auto-balance: peso final ===
  weight_label=GPU2=81%, GPU0=19%
  weight_map={2: 81%, 0: 19%}
  cpu_weight=0
2026-06-09 18:59:56,800 - INFO - === Auto-balance: peso final ===
  weight_label=GPU2=81%, GPU0=19%
  weight_map={2: 81%, 0: 19%}
  cpu_weight=0
2026-06-09 18:59:56,831 - INFO - === HARDWARE SNAPSHOT BEFORE FINAL ===
  gpus=[GPU0: used=2949MB total=16384MB util=0%; GPU1: used=0MB total=16384MB util=0%; GPU2: used=23839MB total=24576MB util=0%]
2026-06-09 18:59:56,862 - INFO - === HARDWARE SNAPSHOT BEFORE FINAL ===
  gpus=[GPU0: used=2949MB total=16384MB util=0%; GPU1: used=0MB total=16384MB util=0%; GPU2: used=23839MB total=24576MB util=0%]
2026-06-09 18:59:56,880 - INFO - === Auto-balance SUCCESS ===
  message=Balance otimizado (GPU2=81%, GPU0=19%). GPU2 VRAM 97%; GPU0 VRAM 18%
  gpu_weights_exported=4 entries
2026-06-09 18:59:56,910 - INFO - === Auto-balance SUCCESS ===
  message=Balance otimizado (GPU2=81%, GPU0=19%). GPU2 VRAM 97%; GPU0 VRAM 18%
  gpu_weights_exported=4 entries
2026-06-09 18:59:57,060 - INFO - Session expired due to inactivity
2026-06-09 18:59:57,331 - INFO - START: /usr/bin/llama-server -m /fake/model.gguf -ngl 999 --flash-attn on --host 0.0.0.0 --port 8085 --tools all --parallel 1 --ctx-size 8192 --batch-size 2048 --mlock --main-gpu 0 --split-mode layer --tensor-split 1.0000 --api-key sk-test --mmproj-auto --jinja --reasoning on --chat-template-kwargs {"enable_thinking":true} (CUDA_VISIBLE_DEVICES=0, ctx_per_slot=8192, server_ctx=8192, batch_size=2048, thinking_enabled=True, mtp_enabled=False, mtp_draft_tokens=3, mtp_applied=False, gpu_pct=100.0, cpu_pct=0, n_gpu_layers=999, n_cpu_layers=0)
2026-06-09 18:59:57,344 - INFO - START: /usr/bin/llama-server -m /fake/model.gguf -ngl 999 --flash-attn on --host 0.0.0.0 --port 8085 --tools all --parallel 1 --ctx-size 8192 --batch-size 2048 --mlock --main-gpu 0 --split-mode layer --tensor-split 0.5000,0.5000 --api-key sk-test --mmproj-auto --jinja --reasoning on --chat-template-kwargs {"enable_thinking":true} (CUDA_VISIBLE_DEVICES=0,1, ctx_per_slot=8192, server_ctx=8192, batch_size=2048, thinking_enabled=True, mtp_enabled=False, mtp_draft_tokens=3, mtp_applied=False, gpu_pct=100.0, cpu_pct=0, n_gpu_layers=999, n_cpu_layers=0)
2026-06-09 18:59:57,371 - INFO - START: /usr/bin/llama-server -m /fake/model.gguf -ngl 999 --flash-attn on --host 0.0.0.0 --port 8085 --tools all --parallel 1 --ctx-size 8192 --batch-size 2048 --mlock --main-gpu 0 --split-mode layer --tensor-split 1.0000 --api-key sk-test --mmproj-auto --jinja --reasoning on --chat-template-kwargs {"enable_thinking":true} (CUDA_VISIBLE_DEVICES=0, ctx_per_slot=8192, server_ctx=8192, batch_size=2048, thinking_enabled=True, mtp_enabled=False, mtp_draft_tokens=3, mtp_applied=False, gpu_pct=100.0, cpu_pct=0, n_gpu_layers=999, n_cpu_layers=0)
2026-06-09 18:59:57,440 - INFO - START: /usr/bin/llama-server -m /fake/model.gguf -ngl 22 --flash-attn on --host 0.0.0.0 --port 8085 --tools all --parallel 1 --ctx-size 8192 --batch-size 2048 --mlock --main-gpu 0 --split-mode layer --tensor-split 1.0000 --api-key sk-test --mmproj-auto --jinja --reasoning on --chat-template-kwargs {"enable_thinking":true} (CUDA_VISIBLE_DEVICES=0, ctx_per_slot=8192, server_ctx=8192, batch_size=2048, thinking_enabled=True, mtp_enabled=False, mtp_draft_tokens=3, mtp_applied=False, gpu_pct=70.0, cpu_pct=30.0, n_gpu_layers=22, n_cpu_layers=10)
2026-06-09 18:59:57,478 - ERROR - GPU metrics error: not enough values to unpack (expected 2, got 0)
2026-06-09 18:59:57,598 - INFO - START: /usr/bin/llama-server -m /fake/model.gguf -ngl 999 --flash-attn on --host 0.0.0.0 --port 8085 --tools all --parallel 1 --ctx-size 8192 --batch-size 2048 --mlock --main-gpu 0 --split-mode layer --tensor-split 1.0000 --api-key sk-test --mmproj-auto --jinja --reasoning on --chat-template-kwargs {"enable_thinking":true} (CUDA_VISIBLE_DEVICES=0, ctx_per_slot=8192, server_ctx=8192, batch_size=2048, thinking_enabled=True, mtp_enabled=False, mtp_draft_tokens=3, mtp_applied=False, gpu_pct=70.0, cpu_pct=0.0, n_gpu_layers=999, n_cpu_layers=0)
2026-06-09 18:59:57,623 - INFO - START: /usr/bin/llama-server -m /fake/model.gguf -ngl 22 --flash-attn on --host 0.0.0.0 --port 8085 --tools all --parallel 1 --ctx-size 8192 --batch-size 2048 --mlock --main-gpu 0 --split-mode layer --tensor-split 1.0000 --api-key sk-test --mmproj-auto --jinja --reasoning on --chat-template-kwargs {"enable_thinking":true} (CUDA_VISIBLE_DEVICES=0, ctx_per_slot=8192, server_ctx=8192, batch_size=2048, thinking_enabled=True, mtp_enabled=False, mtp_draft_tokens=3, mtp_applied=False, gpu_pct=70.0, cpu_pct=30.0, n_gpu_layers=22, n_cpu_layers=10)
2026-06-09 18:59:57,642 - ERROR - GPU metrics error: not enough values to unpack (expected 2, got 0)
2026-06-09 18:59:57,780 - INFO - START: /usr/bin/llama-server -m /fake/model.gguf -ngl 999 --flash-attn on --host 0.0.0.0 --port 8085 --tools all --parallel 1 --ctx-size 8192 --batch-size 2048 --mlock --main-gpu 0 --split-mode layer --tensor-split 1.0000 --api-key sk-test --mmproj-auto --jinja --reasoning on --chat-template-kwargs {"enable_thinking":true} (CUDA_VISIBLE_DEVICES=0, ctx_per_slot=8192, server_ctx=8192, batch_size=2048, thinking_enabled=True, mtp_enabled=False, mtp_draft_tokens=3, mtp_applied=False, gpu_pct=70.0, cpu_pct=0.0, n_gpu_layers=999, n_cpu_layers=0)
2026-06-09 18:59:57,831 - INFO - START: /usr/bin/llama-server -m /fake/model.gguf -ngl 70 --flash-attn on --host 0.0.0.0 --port 8085 --tools all --parallel 1 --ctx-size 8192 --batch-size 2048 --mlock --main-gpu 0 --split-mode layer --tensor-split 0.7143,0.2857 --api-key sk-test --mmproj-auto --jinja --reasoning on --chat-template-kwargs {"enable_thinking":true} (CUDA_VISIBLE_DEVICES=0,1, ctx_per_slot=8192, server_ctx=8192, batch_size=2048, thinking_enabled=True, mtp_enabled=False, mtp_draft_tokens=3, mtp_applied=False, gpu_pct=70.0, cpu_pct=30.0, n_gpu_layers=70, n_cpu_layers=30)
2026-06-09 18:59:57,859 - INFO - START: /usr/bin/llama-server -m /fake/model.gguf -ngl 999 --flash-attn on --host 0.0.0.0 --port 8085 --tools all --parallel 1 --ctx-size 8192 --batch-size 2048 --mlock --main-gpu 1 --split-mode layer --tensor-split 0.6000,0.4000 --api-key sk-test --mmproj-auto --jinja --reasoning on --chat-template-kwargs {"enable_thinking":true} (CUDA_VISIBLE_DEVICES=0,1, ctx_per_slot=8192, server_ctx=8192, batch_size=2048, thinking_enabled=True, mtp_enabled=False, mtp_draft_tokens=3, mtp_applied=False, gpu_pct=100.0, cpu_pct=0, n_gpu_layers=999, n_cpu_layers=0)
2026-06-09 18:59:57,893 - INFO - === Auto-balance EMPIRICAL START ===
  model=test.gguf path=/models/test.gguf
  context_size=4096 parallel_slots=1
  weights_mb=20000 (19.53 GB)  kv_cache_mb=0  total_mb=20000 (19.53 GB)
  active_gpus=2 | total_vram=40000 MB (39.06 GB)
  gpu_vram={0: 24000, 1: 16000}
  gpu_names={0: GPU0, 1: GPU1}
  main_index=0
  spill_order=[0, 1]
  cpu_enabled=True
  pins_count=0
2026-06-09 18:59:57,925 - INFO - === Auto-balance EMPIRICAL START ===
  model=test.gguf path=/models/test.gguf
  context_size=4096 parallel_slots=1
  weights_mb=20000 (19.53 GB)  kv_cache_mb=0  total_mb=20000 (19.53 GB)
  active_gpus=2 | total_vram=40000 MB (39.06 GB)
  gpu_vram={0: 24000, 1: 16000}
  gpu_names={0: GPU0, 1: GPU1}
  main_index=0
  spill_order=[0, 1]
  cpu_enabled=True
  pins_count=0
2026-06-09 18:59:57,946 - INFO - === Fase 1 INICIO (GPUs primeiro) ===
2026-06-09 18:59:57,976 - INFO - === Fase 1 INICIO (GPUs primeiro) ===
2026-06-09 18:59:57,993 - INFO - Fase 1 — Tentativa 1: Main GPU0 100%
2026-06-09 18:59:58,028 - INFO - Fase 1 — Tentativa 1: Main GPU0 100%
2026-06-09 18:59:58,184 - INFO - === Auto-balance: Fase 1 viavel ===
  weight_label=GPU0=100%
  weight_map={0: 100%}
  cpu_weight=0
2026-06-09 18:59:58,221 - INFO - === Auto-balance: Fase 1 viavel ===
  weight_label=GPU0=100%
  weight_map={0: 100%}
  cpu_weight=0
2026-06-09 18:59:58,245 - INFO - === Fase 2 PREPARANDO ===
  trimmed={0: 100%} main_index=0 cpu_enabled=True
2026-06-09 18:59:58,278 - INFO - === Fase 2 PREPARANDO ===
  trimmed={0: 100%} main_index=0 cpu_enabled=True
2026-06-09 18:59:58,298 - INFO - === Fase 2 INICIO (maximizar VRAM, GPU-only) ===
2026-06-09 18:59:58,327 - INFO - === Fase 2 INICIO (maximizar VRAM, GPU-only) ===
2026-06-09 18:59:58,351 - INFO - === Fase 2 CONCLUIDA ===
  weight_map={0: 100%}
  cpu_weight=0
2026-06-09 18:59:58,378 - INFO - === Fase 2 CONCLUIDA ===
  weight_map={0: 100%}
  cpu_weight=0
2026-06-09 18:59:58,396 - INFO - Fase 3: GPU0 já está em 100% — pulando fine-tuning
2026-06-09 18:59:58,425 - INFO - Fase 3: GPU0 já está em 100% — pulando fine-tuning
2026-06-09 18:59:58,452 - INFO - _vram_summary: weight_map={0: 100%} -> summary=GPU0 VRAM 0%
2026-06-09 18:59:58,472 - INFO - === Auto-balance: peso final ===
  weight_label=GPU0=100%
  weight_map={0: 100%}
  cpu_weight=0
2026-06-09 18:59:58,511 - INFO - === Auto-balance: peso final ===
  weight_label=GPU0=100%
  weight_map={0: 100%}
  cpu_weight=0
2026-06-09 18:59:58,530 - INFO - === HARDWARE SNAPSHOT BEFORE FINAL ===
  gpus=[]
2026-06-09 18:59:58,564 - INFO - === HARDWARE SNAPSHOT BEFORE FINAL ===
  gpus=[]
2026-06-09 18:59:58,585 - INFO - === Auto-balance SUCCESS ===
  message=Balance otimizado (GPU0=100%). GPU0 VRAM 0%
  gpu_weights_exported=3 entries
2026-06-09 18:59:58,619 - INFO - === Auto-balance SUCCESS ===
  message=Balance otimizado (GPU0=100%). GPU0 VRAM 0%
  gpu_weights_exported=3 entries
2026-06-09 18:59:58,644 - INFO - === Auto-balance EMPIRICAL START ===
  model=test.gguf path=/models/test.gguf
  context_size=4096 parallel_slots=1
  weights_mb=20000 (19.53 GB)  kv_cache_mb=0  total_mb=20000 (19.53 GB)
  active_gpus=1 | total_vram=24000 MB (23.44 GB)
  gpu_vram={0: 24000}
  gpu_names={0: GPU0}
  main_index=0
  spill_order=[0]
  cpu_enabled=True
  pins_count=1
2026-06-09 18:59:58,672 - INFO - === Auto-balance EMPIRICAL START ===
  model=test.gguf path=/models/test.gguf
  context_size=4096 parallel_slots=1
  weights_mb=20000 (19.53 GB)  kv_cache_mb=0  total_mb=20000 (19.53 GB)
  active_gpus=1 | total_vram=24000 MB (23.44 GB)
  gpu_vram={0: 24000}
  gpu_names={0: GPU0}
  main_index=0
  spill_order=[0]
  cpu_enabled=True
  pins_count=1
2026-06-09 18:59:58,689 - INFO - === Auto-balance: Fase 1 viavel ===
  weight_label=GPU0=100%
  weight_map={0: 100%}
  cpu_weight=0
2026-06-09 18:59:58,723 - INFO - === Auto-balance: Fase 1 viavel ===
  weight_label=GPU0=100%
  weight_map={0: 100%}
  cpu_weight=0
2026-06-09 18:59:58,743 - INFO - === Fase 2 PREPARANDO ===
  trimmed={0: 100%} main_index=0 cpu_enabled=True
2026-06-09 18:59:58,786 - INFO - === Fase 2 PREPARANDO ===
  trimmed={0: 100%} main_index=0 cpu_enabled=True
2026-06-09 18:59:58,805 - INFO - === Fase 2 INICIO (maximizar VRAM, GPU-only) ===
2026-06-09 18:59:58,830 - INFO - === Fase 2 INICIO (maximizar VRAM, GPU-only) ===
2026-06-09 18:59:58,845 - INFO - === Fase 2 CONCLUIDA ===
  weight_map={0: 100%}
  cpu_weight=0
2026-06-09 18:59:58,869 - INFO - === Fase 2 CONCLUIDA ===
  weight_map={0: 100%}
  cpu_weight=0
2026-06-09 18:59:58,885 - INFO - Fase 3: GPU0 já está em 100% — pulando fine-tuning
2026-06-09 18:59:58,915 - INFO - Fase 3: GPU0 já está em 100% — pulando fine-tuning
2026-06-09 18:59:58,935 - INFO - _vram_summary: weight_map={0: 100%} -> summary=GPU0 VRAM 0%
2026-06-09 18:59:58,954 - INFO - === Auto-balance: peso final ===
  weight_label=GPU0=100%
  weight_map={0: 100%}
  cpu_weight=0
2026-06-09 18:59:58,989 - INFO - === Auto-balance: peso final ===
  weight_label=GPU0=100%
  weight_map={0: 100%}
  cpu_weight=0
2026-06-09 18:59:59,010 - INFO - === HARDWARE SNAPSHOT BEFORE FINAL ===
  gpus=[]
2026-06-09 18:59:59,049 - INFO - === HARDWARE SNAPSHOT BEFORE FINAL ===
  gpus=[]
2026-06-09 18:59:59,072 - INFO - === Auto-balance SUCCESS ===
  message=Balance otimizado (GPU0=100%). GPU0 VRAM 0%
  gpu_weights_exported=2 entries
2026-06-09 18:59:59,105 - INFO - === Auto-balance SUCCESS ===
  message=Balance otimizado (GPU0=100%). GPU0 VRAM 0%
  gpu_weights_exported=2 entries
2026-06-09 18:59:59,134 - INFO - === Fase 1 INICIO (GPUs primeiro, CPU permitido neste passo) ===
2026-06-09 18:59:59,163 - INFO - === Fase 1 INICIO (GPUs primeiro, CPU permitido neste passo) ===
2026-06-09 18:59:59,178 - INFO - Fase 1 — Tentativa 1: Main GPU0 100%
2026-06-09 18:59:59,209 - INFO - Fase 1 — Tentativa 1: Main GPU0 100%
2026-06-09 18:59:59,342 - INFO - Fase 1 — Tentativa 2: Main + 1ª GPU (cascata: GPU0=90%, GPU1=10%)
2026-06-09 18:59:59,392 - INFO - Fase 1 — Tentativa 2: Main + 1ª GPU (cascata: GPU0=90%, GPU1=10%)
2026-06-09 18:59:59,502 - INFO - Fase 1 — Tentativa 2: Main + 1ª GPU (cascata: GPU0=80%, GPU1=10%)
2026-06-09 18:59:59,528 - INFO - Fase 1 — Tentativa 2: Main + 1ª GPU (cascata: GPU0=80%, GPU1=10%)
2026-06-09 18:59:59,638 - INFO - Fase 1 — Tentativa 2: Main + 1ª GPU (cascata: GPU0=70%, GPU1=10%)
2026-06-09 18:59:59,669 - INFO - Fase 1 — Tentativa 2: Main + 1ª GPU (cascata: GPU0=70%, GPU1=10%)
2026-06-09 18:59:59,778 - INFO - === Auto-balance EMPIRICAL START ===
  model=test.gguf path=/models/test.gguf
  context_size=4096 parallel_slots=1
  weights_mb=30000 (29.30 GB)  kv_cache_mb=0  total_mb=30000 (29.30 GB)
  active_gpus=2 | total_vram=40000 MB (39.06 GB)
  gpu_vram={0: 24000, 1: 16000}
  gpu_names={0: GPU0, 1: GPU1}
  main_index=0
  spill_order=[0, 1]
  cpu_enabled=True
  pins_count=0
2026-06-09 18:59:59,787 - INFO - === Auto-balance EMPIRICAL START ===
  model=test.gguf path=/models/test.gguf
  context_size=4096 parallel_slots=1
  weights_mb=30000 (29.30 GB)  kv_cache_mb=0  total_mb=30000 (29.30 GB)
  active_gpus=2 | total_vram=40000 MB (39.06 GB)
  gpu_vram={0: 24000, 1: 16000}
  gpu_names={0: GPU0, 1: GPU1}
  main_index=0
  spill_order=[0, 1]
  cpu_enabled=True
  pins_count=0
2026-06-09 18:59:59,808 - INFO - === Auto-balance: Fase 1 viavel ===
  weight_label=GPU0=100%
  weight_map={0: 100%}
  cpu_weight=0
2026-06-09 18:59:59,835 - INFO - === Auto-balance: Fase 1 viavel ===
  weight_label=GPU0=100%
  weight_map={0: 100%}
  cpu_weight=0
2026-06-09 18:59:59,863 - INFO - === Fase 2 PREPARANDO ===
  trimmed={0: 100%} main_index=0 cpu_enabled=True
2026-06-09 18:59:59,895 - INFO - === Fase 2 PREPARANDO ===
  trimmed={0: 100%} main_index=0 cpu_enabled=True
2026-06-09 18:59:59,913 - INFO - === Fase 2 INICIO (maximizar VRAM, GPU-only) ===
2026-06-09 18:59:59,944 - INFO - === Fase 2 INICIO (maximizar VRAM, GPU-only) ===
2026-06-09 18:59:59,970 - INFO - === Fase 2 CONCLUIDA ===
  weight_map={0: 100%}
  cpu_weight=0
2026-06-09 18:59:59,998 - INFO - === Fase 2 CONCLUIDA ===
  weight_map={0: 100%}
  cpu_weight=0
2026-06-09 19:00:00,020 - INFO - Fase 3: GPU0 já está em 100% — pulando fine-tuning
2026-06-09 19:00:00,052 - INFO - Fase 3: GPU0 já está em 100% — pulando fine-tuning
2026-06-09 19:00:00,073 - INFO - _vram_summary: weight_map={0: 100%} -> summary=GPU0 VRAM 0%
2026-06-09 19:00:00,093 - INFO - === Auto-balance: peso final ===
  weight_label=GPU0=100%
  weight_map={0: 100%}
  cpu_weight=0
2026-06-09 19:00:00,126 - INFO - === Auto-balance: peso final ===
  weight_label=GPU0=100%
  weight_map={0: 100%}
  cpu_weight=0
2026-06-09 19:00:00,147 - INFO - === HARDWARE SNAPSHOT BEFORE FINAL ===
  gpus=[]
2026-06-09 19:00:00,181 - INFO - === HARDWARE SNAPSHOT BEFORE FINAL ===
  gpus=[]
2026-06-09 19:00:00,207 - INFO - === Auto-balance SUCCESS ===
  message=Balance otimizado (GPU0=100%). GPU0 VRAM 0%
  gpu_weights_exported=3 entries
2026-06-09 19:00:00,235 - INFO - === Auto-balance SUCCESS ===
  message=Balance otimizado (GPU0=100%). GPU0 VRAM 0%
  gpu_weights_exported=3 entries
2026-06-09 19:00:00,267 - INFO - === Auto-balance EMPIRICAL START ===
  model=test.gguf path=/models/test.gguf
  context_size=4096 parallel_slots=1
  weights_mb=70000 (68.36 GB)  kv_cache_mb=0  total_mb=70000 (68.36 GB)
  active_gpus=2 | total_vram=40000 MB (39.06 GB)
  gpu_vram={0: 24000, 1: 16000}
  gpu_names={0: GPU0, 1: GPU1}
  main_index=0
  spill_order=[0, 1]
  cpu_enabled=True
  pins_count=0
2026-06-09 19:00:00,303 - INFO - === Auto-balance EMPIRICAL START ===
  model=test.gguf path=/models/test.gguf
  context_size=4096 parallel_slots=1
  weights_mb=70000 (68.36 GB)  kv_cache_mb=0  total_mb=70000 (68.36 GB)
  active_gpus=2 | total_vram=40000 MB (39.06 GB)
  gpu_vram={0: 24000, 1: 16000}
  gpu_names={0: GPU0, 1: GPU1}
  main_index=0
  spill_order=[0, 1]
  cpu_enabled=True
  pins_count=0
2026-06-09 19:00:00,325 - WARNING - Fase 1 — GPUs esgotadas sem split viável; tentando maximizar todas as GPUs antes de CPU
2026-06-09 19:00:00,370 - WARNING - Fase 1 — GPUs esgotadas sem split viável; tentando maximizar todas as GPUs antes de CPU
2026-06-09 19:00:00,396 - WARNING - Fase 1 — maximização GPU-only falhou; iniciando CPU offload (último recurso, +10% por tentativa)
2026-06-09 19:00:00,441 - WARNING - Fase 1 — maximização GPU-only falhou; iniciando CPU offload (último recurso, +10% por tentativa)
2026-06-09 19:00:00,462 - INFO - === Auto-balance: Fase 1 viavel ===
  weight_label=GPU0=50%, GPU1=20%, CPU=30%
  weight_map={0: 50%, 1: 20%}
  cpu_weight=30
2026-06-09 19:00:00,489 - INFO - === Auto-balance: Fase 1 viavel ===
  weight_label=GPU0=50%, GPU1=20%, CPU=30%
  weight_map={0: 50%, 1: 20%}
  cpu_weight=30
2026-06-09 19:00:00,507 - INFO - === Fase 2 PREPARANDO ===
  trimmed={0: 50%, 1: 20%} main_index=0 cpu_enabled=True
2026-06-09 19:00:00,541 - INFO - === Fase 2 PREPARANDO ===
  trimmed={0: 50%, 1: 20%} main_index=0 cpu_enabled=True
2026-06-09 19:00:00,568 - INFO - === Fase 2 INICIO (maximizar VRAM, GPU-only) ===
2026-06-09 19:00:00,596 - INFO - === Fase 2 INICIO (maximizar VRAM, GPU-only) ===
2026-06-09 19:00:00,615 - INFO - === Fase 2 CONCLUIDA ===
  weight_map={0: 50%, 1: 20%}
  cpu_weight=30
2026-06-09 19:00:00,644 - INFO - === Fase 2 CONCLUIDA ===
  weight_map={0: 50%, 1: 20%}
  cpu_weight=30
2026-06-09 19:00:00,662 - INFO - === Fase 3 INICIO (fine-tuning 1%, GPU-only) ===
  main_gpu=0 current_weight=50% max_possible=70%
  secondary_total=20% CPU=desabilitado
2026-06-09 19:00:00,697 - INFO - === Fase 3 INICIO (fine-tuning 1%, GPU-only) ===
  main_gpu=0 current_weight=50% max_possible=70%
  secondary_total=20% CPU=desabilitado
2026-06-09 19:00:00,719 - WARNING - Fase 3: sem incremento possivel — main GPU0 ja em 50%
2026-06-09 19:00:00,748 - WARNING - Fase 3: sem incremento possivel — main GPU0 ja em 50%
2026-06-09 19:00:00,767 - INFO - _vram_summary: weight_map={0: 50%, 1: 20%} -> summary=GPU0 VRAM 0%; GPU1 VRAM 0%
2026-06-09 19:00:00,784 - INFO - === Auto-balance: peso final ===
  weight_label=GPU0=50%, GPU1=20%, CPU=30%
  weight_map={0: 50%, 1: 20%}
  cpu_weight=30
2026-06-09 19:00:00,813 - INFO - === Auto-balance: peso final ===
  weight_label=GPU0=50%, GPU1=20%, CPU=30%
  weight_map={0: 50%, 1: 20%}
  cpu_weight=30
2026-06-09 19:00:00,834 - INFO - === HARDWARE SNAPSHOT BEFORE FINAL ===
  gpus=[]
2026-06-09 19:00:00,870 - INFO - === HARDWARE SNAPSHOT BEFORE FINAL ===
  gpus=[]
2026-06-09 19:00:00,894 - INFO - === Auto-balance SUCCESS ===
  message=Balance otimizado (GPU0=50%, GPU1=20%, CPU=30%). GPU0 VRAM 0%; GPU1 VRAM 0%
  gpu_weights_exported=3 entries
2026-06-09 19:00:00,921 - INFO - === Auto-balance SUCCESS ===
  message=Balance otimizado (GPU0=50%, GPU1=20%, CPU=30%). GPU0 VRAM 0%; GPU1 VRAM 0%
  gpu_weights_exported=3 entries
2026-06-09 19:00:00,949 - INFO - === Auto-balance EMPIRICAL START ===
  model=test.gguf path=/models/test.gguf
  context_size=4096 parallel_slots=1
  weights_mb=70000 (68.36 GB)  kv_cache_mb=0  total_mb=70000 (68.36 GB)
  active_gpus=2 | total_vram=40000 MB (39.06 GB)
  gpu_vram={0: 24000, 1: 16000}
  gpu_names={0: GPU0, 1: GPU1}
  main_index=0
  spill_order=[0, 1]
  cpu_enabled=False
  pins_count=0
2026-06-09 19:00:00,975 - INFO - === Auto-balance EMPIRICAL START ===
  model=test.gguf path=/models/test.gguf
  context_size=4096 parallel_slots=1
  weights_mb=70000 (68.36 GB)  kv_cache_mb=0  total_mb=70000 (68.36 GB)
  active_gpus=2 | total_vram=40000 MB (39.06 GB)
  gpu_vram={0: 24000, 1: 16000}
  gpu_names={0: GPU0, 1: GPU1}
  main_index=0
  spill_order=[0, 1]
  cpu_enabled=False
  pins_count=0
2026-06-09 19:00:00,992 - WARNING - Fase 1 — GPUs esgotadas sem split viável; tentando maximizar todas as GPUs antes de CPU
2026-06-09 19:00:01,019 - WARNING - Fase 1 — GPUs esgotadas sem split viável; tentando maximizar todas as GPUs antes de CPU
2026-06-09 19:00:01,036 - INFO - === HARDWARE CAPACITY FAILURE ===
  reason=no_feasible_split
  model=test.gguf path=/models/test.gguf
  estimated_model_mb=?
  total_vram_mb=40000 total_vram_gb=39.06
  active_gpus=[0, 1]
  gpu_details=[{'index': 0, 'name': 'GPU0', 'vram_mb': 24000}, {'index': 1, 'name': 'GPU1', 'vram_mb': 16000}]
  context_size=4096 parallel_slots=1
  message=Não foi possível carregar "test.gguf" em nenhuma divisão testada entre as GPUs selecionadas. O modelo excede a capacidade do hardware atual (~39.1 GB de VRAM em 2 GPU(s)) com contexto 4096 e 1 slot(s).
2026-06-09 19:00:01,062 - INFO - === HARDWARE CAPACITY FAILURE ===
  reason=no_feasible_split
  model=test.gguf path=/models/test.gguf
  estimated_model_mb=?
  total_vram_mb=40000 total_vram_gb=39.06
  active_gpus=[0, 1]
  gpu_details=[{'index': 0, 'name': 'GPU0', 'vram_mb': 24000}, {'index': 1, 'name': 'GPU1', 'vram_mb': 16000}]
  context_size=4096 parallel_slots=1
  message=Não foi possível carregar "test.gguf" em nenhuma divisão testada entre as GPUs selecionadas. O modelo excede a capacidade do hardware atual (~39.1 GB de VRAM em 2 GPU(s)) com contexto 4096 e 1 slot(s).
2026-06-09 19:00:01,128 - INFO - START: /usr/bin/llama-server -m /fake/model.gguf -ngl 22 --flash-attn on --host 0.0.0.0 --port 8085 --tools all --parallel 1 --ctx-size 8192 --batch-size 2048 --mlock --main-gpu 0 --split-mode layer --tensor-split 1.0 --api-key sk-test --mmproj-auto --jinja --reasoning on --chat-template-kwargs {"enable_thinking":true} (CUDA_VISIBLE_DEVICES=0, ctx_per_slot=8192, server_ctx=8192, batch_size=2048, thinking_enabled=True, mtp_enabled=False, mtp_draft_tokens=3, mtp_applied=False, gpu_pct=70.0, cpu_pct=30.0, n_gpu_layers=22, n_cpu_layers=10)
2026-06-09 19:00:01,154 - INFO - START: /usr/bin/llama-server -m /fake/model.gguf -ngl 6 --flash-attn on --host 0.0.0.0 --port 8085 --tools all --parallel 1 --ctx-size 8192 --batch-size 2048 --mlock --main-gpu 0 --split-mode layer --tensor-split 1.0 --api-key sk-test --mmproj-auto --jinja --reasoning on --chat-template-kwargs {"enable_thinking":true} (CUDA_VISIBLE_DEVICES=0, ctx_per_slot=8192, server_ctx=8192, batch_size=2048, thinking_enabled=True, mtp_enabled=False, mtp_draft_tokens=3, mtp_applied=False, gpu_pct=20.0, cpu_pct=80.0, n_gpu_layers=6, n_cpu_layers=26)
2026-06-09 19:00:01,204 - INFO - START: /usr/bin/llama-server -m /fake/model.gguf -ngl 999 --flash-attn on --host 0.0.0.0 --port 8085 --tools all --parallel 1 --ctx-size 8192 --batch-size 2048 --mlock --main-gpu 0 --split-mode layer --tensor-split 1.0 --api-key sk-test --mmproj-auto --jinja --reasoning on --chat-template-kwargs {"enable_thinking":true} (CUDA_VISIBLE_DEVICES=0, ctx_per_slot=8192, server_ctx=8192, batch_size=2048, thinking_enabled=True, mtp_enabled=False, mtp_draft_tokens=3, mtp_applied=False, gpu_pct=100.0, cpu_pct=0, n_gpu_layers=999, n_cpu_layers=0)
2026-06-09 19:00:01,228 - INFO - START: /usr/bin/llama-server -m /fake/model.gguf -ngl 22 --flash-attn on --host 0.0.0.0 --port 8085 --tools all --parallel 1 --ctx-size 8192 --batch-size 2048 --mlock --main-gpu 0 --split-mode layer --tensor-split 1.0 --api-key sk-test --mmproj-auto --jinja --reasoning on --chat-template-kwargs {"enable_thinking":true} (CUDA_VISIBLE_DEVICES=0, ctx_per_slot=8192, server_ctx=8192, batch_size=2048, thinking_enabled=True, mtp_enabled=False, mtp_draft_tokens=3, mtp_applied=False, gpu_pct=70.0, cpu_pct=30.0, n_gpu_layers=22, n_cpu_layers=10)
2026-06-09 19:00:01,666 - WARNING - llama-server nao encontrado automaticamente; configure LLAMA_SERVER_BIN ou paths.json (llama_server_bin)
2026-06-09 19:00:01,735 - ERROR - GPU detection error: Command 'nvidia-smi' returned non-zero exit status 1.
2026-06-09 19:00:01,774 - ERROR - GPU metrics error: Command 'nvidia-smi' returned non-zero exit status 1.
2026-06-09 19:00:01,787 - ERROR - System metrics error: ram metrics unavailable
2026-06-09 19:00:01,817 - ERROR - GPU metrics error: Command 'nvidia-smi' returned non-zero exit status 1.
2026-06-09 19:00:02,581 - ERROR - GPU metrics error: Command 'nvidia-smi' returned non-zero exit status 1.
2026-06-09 19:00:02,586 - ERROR - System metrics error: ram down
2026-06-09 19:00:02,620 - ERROR - GPU metrics error: Command 'nvidia-smi' returned non-zero exit status 1.
2026-06-09 19:00:02,738 - INFO - MTP requested but model has no MTP head, skipping flags
2026-06-09 19:00:02,854 - WARNING - llama-server nao encontrado automaticamente; configure LLAMA_SERVER_BIN ou paths.json (llama_server_bin)
2026-06-09 19:00:02,884 - WARNING - Could not detect MTP for /fake/model.gguf: boom
1969-12-31 21:16:40,000 - WARNING - OOM detected! Consecutive: 1
1969-12-31 21:16:45,000 - WARNING - OOM detected! Consecutive: 2
1969-12-31 21:16:40,000 - WARNING - OOM detected! Consecutive: 1
1969-12-31 21:17:11,000 - WARNING - OOM detected! Consecutive: 1
1969-12-31 21:16:40,000 - WARNING - OOM detected! Consecutive: 1
1969-12-31 21:16:45,000 - WARNING - OOM detected! Consecutive: 3
2026-06-09 19:00:03,168 - WARNING - Could not detect model layers for /fake/model.gguf: not found
2026-06-09 19:00:03,200 - INFO - START: /usr/bin/llama-server -m /fake/model.gguf -ngl 999 --flash-attn on --host 0.0.0.0 --port 8085 --tools all --parallel 1 --ctx-size 8192 --batch-size 2048 --mlock --main-gpu 0 --split-mode layer --tensor-split 1.0 --api-key test-token --mmproj-auto --jinja --reasoning on --chat-template-kwargs {"enable_thinking":true} (CUDA_VISIBLE_DEVICES=0, ctx_per_slot=8192, server_ctx=8192, batch_size=2048, thinking_enabled=True, mtp_enabled=False, mtp_draft_tokens=3, mtp_applied=False, gpu_pct=100.0, cpu_pct=0, n_gpu_layers=999, n_cpu_layers=0)
2026-06-09 19:00:03,229 - INFO - START: /usr/bin/llama-server -m /fake/model.gguf -ngl 22 --flash-attn on --host 0.0.0.0 --port 8085 --tools all --parallel 1 --ctx-size 8192 --batch-size 2048 --mlock --main-gpu 0 --split-mode layer --tensor-split 1.0 --api-key test-token --mmproj-auto --jinja --reasoning on --chat-template-kwargs {"enable_thinking":true} (CUDA_VISIBLE_DEVICES=0, ctx_per_slot=8192, server_ctx=8192, batch_size=2048, thinking_enabled=True, mtp_enabled=False, mtp_draft_tokens=3, mtp_applied=False, gpu_pct=70.0, cpu_pct=30.0, n_gpu_layers=22, n_cpu_layers=10)
2026-06-09 19:00:03,258 - INFO - START: /usr/bin/llama-server -m /fake/model.gguf -ngl 0 --flash-attn on --host 0.0.0.0 --port 8085 --tools all --parallel 1 --ctx-size 8192 --batch-size 2048 --mlock --main-gpu 0 --split-mode layer --tensor-split 1.0 --api-key test-token --mmproj-auto --jinja --reasoning on --chat-template-kwargs {"enable_thinking":true} (CUDA_VISIBLE_DEVICES=0, ctx_per_slot=8192, server_ctx=8192, batch_size=2048, thinking_enabled=True, mtp_enabled=False, mtp_draft_tokens=3, mtp_applied=False, gpu_pct=0, cpu_pct=0, n_gpu_layers=0, n_cpu_layers=32)
2026-06-09 19:00:03,291 - INFO - START: /usr/bin/llama-server -m /fake/model.gguf -ngl 999 --flash-attn on --host 0.0.0.0 --port 8085 --tools all --parallel 1 --ctx-size 8192 --batch-size 2048 --mlock --main-gpu 0 --split-mode layer --tensor-split 1.0 --api-key test-token --mmproj-auto --jinja --reasoning on --chat-template-kwargs {"enable_thinking":true} (CUDA_VISIBLE_DEVICES=0, ctx_per_slot=8192, server_ctx=8192, batch_size=2048, thinking_enabled=True, mtp_enabled=False, mtp_draft_tokens=3, mtp_applied=False, gpu_pct=100.0, cpu_pct=0, n_gpu_layers=999, n_cpu_layers=0)
2026-06-09 19:00:03,319 - INFO - START: /usr/bin/llama-server -m /fake/model.gguf -ngl 999 --flash-attn on --host 0.0.0.0 --port 8085 --tools all --parallel 1 --ctx-size 8192 --batch-size 2048 --mlock --main-gpu 0 --split-mode layer --tensor-split 1.0 --api-key test-token --mmproj-auto --jinja --reasoning on --chat-template-kwargs {"enable_thinking":true} (CUDA_VISIBLE_DEVICES=0, ctx_per_slot=8192, server_ctx=8192, batch_size=2048, thinking_enabled=True, mtp_enabled=False, mtp_draft_tokens=3, mtp_applied=False, gpu_pct=100.0, cpu_pct=0, n_gpu_layers=999, n_cpu_layers=0)
2026-06-09 19:00:03,344 - INFO - START: /usr/bin/llama-server -m /fake/model.gguf -ngl 56 --flash-attn on --host 0.0.0.0 --port 8085 --tools all --parallel 1 --ctx-size 8192 --batch-size 2048 --mlock --main-gpu 0 --split-mode layer --tensor-split 1.0 --api-key test-token --mmproj-auto --jinja --reasoning on --chat-template-kwargs {"enable_thinking":true} (CUDA_VISIBLE_DEVICES=0, ctx_per_slot=8192, server_ctx=8192, batch_size=2048, thinking_enabled=True, mtp_enabled=False, mtp_draft_tokens=3, mtp_applied=False, gpu_pct=70.0, cpu_pct=30.0, n_gpu_layers=56, n_cpu_layers=24)
2026-06-09 19:00:03,370 - INFO - START: /usr/bin/llama-server -m /fake/model.gguf -ngl 999 --flash-attn on --host 0.0.0.0 --port 8085 --tools all --parallel 1 --ctx-size 8192 --batch-size 2048 --mlock --main-gpu 0 --split-mode layer --tensor-split 1.0 --api-key test-token --mmproj-auto --jinja --reasoning on --chat-template-kwargs {"enable_thinking":true} (CUDA_VISIBLE_DEVICES=0, ctx_per_slot=8192, server_ctx=8192, batch_size=2048, thinking_enabled=True, mtp_enabled=False, mtp_draft_tokens=3, mtp_applied=False, gpu_pct=200.0, cpu_pct=0, n_gpu_layers=999, n_cpu_layers=0)
2026-06-09 19:00:03,399 - INFO - START: /usr/bin/llama-server -m /fake/model.gguf -ngl 999 --flash-attn on --host 0.0.0.0 --port 8085 --tools all --parallel 1 --ctx-size 8192 --batch-size 2048 --mlock --main-gpu 0 --split-mode layer --tensor-split 1.0 --api-key test-token --mmproj-auto --jinja --reasoning on --chat-template-kwargs {"enable_thinking":true} (CUDA_VISIBLE_DEVICES=0, ctx_per_slot=8192, server_ctx=8192, batch_size=2048, thinking_enabled=True, mtp_enabled=False, mtp_draft_tokens=3, mtp_applied=False, gpu_pct=100.0, cpu_pct=0, n_gpu_layers=999, n_cpu_layers=0)
2026-06-09 19:00:03,426 - INFO - START: /usr/bin/llama-server -m /fake/model.gguf -ngl 0 --flash-attn on --host 0.0.0.0 --port 8085 --tools all --parallel 1 --ctx-size 8192 --batch-size 2048 --mlock --main-gpu 0 --split-mode layer --tensor-split 1.0 --api-key test-token --mmproj-auto --jinja --reasoning on --chat-template-kwargs {"enable_thinking":true} (CUDA_VISIBLE_DEVICES=0, ctx_per_slot=8192, server_ctx=8192, batch_size=2048, thinking_enabled=True, mtp_enabled=False, mtp_draft_tokens=3, mtp_applied=False, gpu_pct=0, cpu_pct=0, n_gpu_layers=0, n_cpu_layers=32)
2026-06-09 19:00:04,001 - WARNING - Port 8085 still bound after 0.5s wait — start() may fail to bind
2026-06-09 19:00:04,018 - INFO - llama-server stopped
2026-06-09 19:00:04,176 - INFO - Verificacao de versao iniciada em /tmp/automanager-test
2026-06-09 19:00:04,193 - WARNING - Diretorio nao e um repositorio git: /tmp/automanager-test
2026-06-09 19:00:04,223 - INFO - Verificacao de versao iniciada em /tmp/automanager-test
2026-06-09 19:00:04,229 - INFO - Versao atualizada (branch=main, ref=aaa1111)
2026-06-09 19:00:04,254 - INFO - Verificacao de versao iniciada em /tmp/automanager-test
2026-06-09 19:00:04,269 - INFO - Atualizacao disponivel (branch=main, ahead=2, aaa1111 -> ddd4444)
2026-06-09 19:00:04,308 - INFO - Verificacao de versao iniciada em /tmp/automanager-test
2026-06-09 19:00:04,321 - WARNING - git fetch falhou (branch=main): fatal: could not read from remote
2026-06-09 19:00:04,348 - INFO - Verificacao de versao iniciada em /tmp/automanager-test
2026-06-09 19:00:04,362 - WARNING - git fetch expirou apos 30s (branch=main)
2026-06-09 19:00:04,390 - INFO - Verificacao de versao iniciada em /tmp/automanager-test
2026-06-09 19:00:04,405 - INFO - Versao atualizada (branch=feature/foo, ref=1111111)
2026-06-09 19:00:04,433 - INFO - Verificacao de versao iniciada em /tmp/automanager-test
2026-06-09 19:00:04,447 - INFO - Atualizacao disponivel (branch=main, ahead=12, local00 -> remote0)
2026-06-09 19:00:44,597 - INFO - estimate_model_vram_mb [DISK] model=C:\Users\s293\AppData\Local\Temp\pytest-of-s293\pytest-260\test_estimate_model_vram_uses_0\qwen-49b.gguf disk_mb=100 runtime_overhead_mb=256 weights_mb=356 kv_cache_mb=6553 total_mb=6909
2026-06-09 19:00:44,614 - INFO - estimate_model_vram_mb [DISK] model=C:\Users\s293\AppData\Local\Temp\pytest-of-s293\pytest-260\test_estimate_model_vram_uses_0\qwen-49b.gguf disk_mb=100 runtime_overhead_mb=256 weights_mb=356 kv_cache_mb=6553 total_mb=6909
2026-06-09 19:00:44,686 - INFO - === HARDWARE CAPACITY FAILURE ===
  reason=no_feasible_split
  model=huge-model.gguf path=/models/huge-model.gguf
  estimated_model_mb=?
  total_vram_mb=24576 total_vram_gb=24.00
  active_gpus=[0]
  gpu_details=[{'index': 0, 'name': 'RTX 3090', 'vram_mb': 24576}]
  context_size=32768 parallel_slots=2
  message=Não foi possível carregar "huge-model.gguf" em nenhuma divisão testada entre as GPUs selecionadas. O modelo excede a capacidade do hardware atual (~24.0 GB de VRAM em 1 GPU(s)) com contexto 32768 e 2 slot(s).
2026-06-09 19:00:44,735 - INFO - === HARDWARE CAPACITY FAILURE ===
  reason=no_feasible_split
  model=huge-model.gguf path=/models/huge-model.gguf
  estimated_model_mb=?
  total_vram_mb=24576 total_vram_gb=24.00
  active_gpus=[0]
  gpu_details=[{'index': 0, 'name': 'RTX 3090', 'vram_mb': 24576}]
  context_size=32768 parallel_slots=2
  message=Não foi possível carregar "huge-model.gguf" em nenhuma divisão testada entre as GPUs selecionadas. O modelo excede a capacidade do hardware atual (~24.0 GB de VRAM em 1 GPU(s)) com contexto 32768 e 2 slot(s).
2026-06-09 19:00:44,763 - WARNING - OOM detected! Consecutive: 1
2026-06-09 19:00:45,018 - INFO - === Fase 1 INICIO (GPUs primeiro, CPU permitido neste passo) ===
2026-06-09 19:00:45,077 - INFO - === Fase 1 INICIO (GPUs primeiro, CPU permitido neste passo) ===
2026-06-09 19:00:45,099 - INFO - Fase 1 — Tentativa 1: Main GPU2 100%
2026-06-09 19:00:45,133 - INFO - Fase 1 — Tentativa 1: Main GPU2 100%
2026-06-09 19:00:45,318 - INFO - Fase 1 — Tentativa 2: Main + 1ª GPU (cascata: GPU2=90%, GPU0=10%)
2026-06-09 19:00:45,366 - INFO - Fase 1 — Tentativa 2: Main + 1ª GPU (cascata: GPU2=90%, GPU0=10%)
2026-06-09 19:00:45,537 - INFO - Fase 1 — Tentativa 3: Main + 2ª GPU (cascata: GPU2=80%, GPU0=10%, GPU1=10%)
2026-06-09 19:00:45,585 - INFO - Fase 1 — Tentativa 3: Main + 2ª GPU (cascata: GPU2=80%, GPU0=10%, GPU1=10%)
2026-06-09 19:00:45,703 - INFO - Fase 1 — Tentativa 3: Main + 2ª GPU (cascata: GPU2=70%, GPU0=10%, GPU1=10%)
2026-06-09 19:00:45,730 - INFO - Fase 1 — Tentativa 3: Main + 2ª GPU (cascata: GPU2=70%, GPU0=10%, GPU1=10%)
2026-06-09 19:00:45,848 - INFO - Fase 1 — Tentativa 3: Main + 2ª GPU (cascata: GPU2=60%, GPU0=10%, GPU1=10%)
2026-06-09 19:00:45,884 - INFO - Fase 1 — Tentativa 3: Main + 2ª GPU (cascata: GPU2=60%, GPU0=10%, GPU1=10%)
2026-06-09 19:00:46,018 - INFO - Fase 1 — Tentativa 3: Main + 2ª GPU (cascata: GPU2=50%, GPU0=10%, GPU1=10%)
2026-06-09 19:00:46,049 - INFO - Fase 1 — Tentativa 3: Main + 2ª GPU (cascata: GPU2=50%, GPU0=10%, GPU1=10%)
2026-06-09 19:00:46,163 - INFO - Fase 1 — Tentativa 3: Main + 2ª GPU (cascata: GPU2=40%, GPU0=10%, GPU1=10%)
2026-06-09 19:00:46,175 - INFO - Fase 1 — Tentativa 3: Main + 2ª GPU (cascata: GPU2=40%, GPU0=10%, GPU1=10%)
2026-06-09 19:00:46,302 - INFO - Fase 1 — Tentativa 3: Main + 2ª GPU (cascata: GPU2=30%, GPU0=10%, GPU1=10%)
2026-06-09 19:00:46,331 - INFO - Fase 1 — Tentativa 3: Main + 2ª GPU (cascata: GPU2=30%, GPU0=10%, GPU1=10%)
2026-06-09 19:00:46,457 - INFO - Fase 1 — Tentativa 3: Main + 2ª GPU (cascata: GPU2=20%, GPU0=10%, GPU1=10%)
2026-06-09 19:00:46,487 - INFO - Fase 1 — Tentativa 3: Main + 2ª GPU (cascata: GPU2=20%, GPU0=10%, GPU1=10%)
2026-06-09 19:00:46,602 - INFO - Fase 1 — Tentativa 3: Main + 2ª GPU (cascata: GPU2=10%, GPU0=10%, GPU1=10%)
2026-06-09 19:00:46,650 - INFO - Fase 1 — Tentativa 3: Main + 2ª GPU (cascata: GPU2=10%, GPU0=10%, GPU1=10%)
2026-06-09 19:00:46,773 - INFO - === Fase 1 INICIO (GPUs primeiro, CPU permitido neste passo) ===
2026-06-09 19:00:46,801 - INFO - === Fase 1 INICIO (GPUs primeiro, CPU permitido neste passo) ===
2026-06-09 19:00:46,819 - INFO - Fase 1 — Tentativa 1: Main GPU2 100%
2026-06-09 19:00:46,857 - INFO - Fase 1 — Tentativa 1: Main GPU2 100%
2026-06-09 19:00:46,971 - INFO - PROBE #1 START (gpus=1): weight_map={0: 100%} synced={0: 100%} cpu=10->0 [gpu[0]=100.0%, cpu[-1]=0.0%]
2026-06-09 19:00:46,997 - INFO - PROBE #1 START (gpus=1): weight_map={0: 100%} synced={0: 100%} cpu=10->0 [gpu[0]=100.0%, cpu[-1]=0.0%]
2026-06-09 19:00:47,019 - INFO - PROBE #1 RESULT: ready | synced={0: 100%} cpu=0
2026-06-09 19:00:47,072 - INFO - PROBE #1 RESULT: ready | synced={0: 100%} cpu=0
2026-06-09 19:00:47,135 - WARNING - _wait_for_outcome: OOM-on-exit after 0.0s (log=/tmp/server.log) | preview=['ggml CUDA error: out of memory']
2026-06-09 19:00:47,157 - WARNING - _wait_for_outcome: CRASHED after 0.0s (log=/tmp/server.log) | preview=["error: unknown model architecture 'qwen3-next'"]
2026-06-09 19:00:47,179 - INFO - PROBE #1 START (gpus=1): weight_map={0: 100%} synced={0: 100%} cpu=0->0 [gpu[0]=100.0%]
2026-06-09 19:00:47,209 - INFO - PROBE #1 START (gpus=1): weight_map={0: 100%} synced={0: 100%} cpu=0->0 [gpu[0]=100.0%]
2026-06-09 19:00:47,233 - WARNING - PROBE #1 RESULT: crashed | synced={0: 100%} cpu=0
2026-06-09 19:00:47,263 - WARNING - PROBE #1 RESULT: crashed | synced={0: 100%} cpu=0
2026-06-09 19:00:47,382 - WARNING - PROBE #1 RESULT: crashed | synced={0: 100%} cpu=0
2026-06-09 19:00:47,417 - WARNING - PROBE #1 RESULT: crashed | synced={0: 100%} cpu=0
2026-06-09 19:00:47,566 - WARNING - PROBE #1 RESULT: crashed | synced={0: 100%} cpu=0
2026-06-09 19:00:47,609 - WARNING - PROBE #1 RESULT: crashed | synced={0: 100%} cpu=0
2026-06-09 19:00:47,751 - INFO - PROBE #1 START (gpus=1): weight_map={0: 100%} synced={0: 100%} cpu=0->0 [gpu[0]=100.0%]
2026-06-09 19:00:47,785 - INFO - PROBE #1 START (gpus=1): weight_map={0: 100%} synced={0: 100%} cpu=0->0 [gpu[0]=100.0%]
2026-06-09 19:00:47,816 - WARNING - PROBE #1 RESULT: crashed | synced={0: 100%} cpu=0
2026-06-09 19:00:47,865 - WARNING - PROBE #1 RESULT: crashed | synced={0: 100%} cpu=0
2026-06-09 19:00:47,985 - INFO - PROBE #1 RESULT: ready | synced={0: 100%} cpu=0
2026-06-09 19:00:48,015 - INFO - PROBE #1 RESULT: ready | synced={0: 100%} cpu=0
2026-06-09 19:00:48,043 - INFO - PROBE #1 START (gpus=1): weight_map={0: 100%} synced={0: 100%} cpu=0->0 [gpu[0]=100.0%]
2026-06-09 19:00:48,110 - INFO - PROBE #1 START (gpus=1): weight_map={0: 100%} synced={0: 100%} cpu=0->0 [gpu[0]=100.0%]
2026-06-09 19:00:48,135 - WARNING - PROBE #1 RESULT: crashed | synced={0: 100%} cpu=0
2026-06-09 19:00:48,170 - WARNING - PROBE #1 RESULT: crashed | synced={0: 100%} cpu=0
2026-06-09 19:00:48,203 - INFO - estimate_model_vram_mb [DISK] model=/models/Qwen3-Coder-Next.gguf disk_mb=20000 runtime_overhead_mb=1000 weights_mb=21000 kv_cache_mb=409 total_mb=21409
2026-06-09 19:00:48,238 - INFO - estimate_model_vram_mb [DISK] model=/models/Qwen3-Coder-Next.gguf disk_mb=20000 runtime_overhead_mb=1000 weights_mb=21000 kv_cache_mb=409 total_mb=21409
2026-06-09 19:00:48,257 - INFO - estimate_model_vram_mb [DISK] model=/models/Qwen3-Coder-Next.gguf disk_mb=20000 runtime_overhead_mb=1000 weights_mb=21000 kv_cache_mb=409 total_mb=21409
2026-06-09 19:00:48,293 - INFO - estimate_model_vram_mb [DISK] model=/models/Qwen3-Coder-Next.gguf disk_mb=20000 runtime_overhead_mb=1000 weights_mb=21000 kv_cache_mb=409 total_mb=21409
2026-06-09 19:00:48,317 - INFO - === Auto-balance EMPIRICAL START ===
  model=Qwen3-Coder-Next.gguf path=/models/Qwen3-Coder-Next.gguf
  context_size=4096 parallel_slots=1
  weights_mb=21000 (20.51 GB)  kv_cache_mb=409  total_mb=21409 (20.91 GB)
  active_gpus=3 | total_vram=57344 MB (56.00 GB)
  gpu_vram={0: 16384, 1: 16384, 2: 24576}
  gpu_names={0: Tesla P100-PCIE-16GB, 1: Tesla P100-PCIE-16GB, 2: NVIDIA GeForce RTX 3090}
  main_index=2
  spill_order=[2, 0, 1]
  cpu_enabled=True
  pins_count=0
2026-06-09 19:00:48,348 - INFO - === Auto-balance EMPIRICAL START ===
  model=Qwen3-Coder-Next.gguf path=/models/Qwen3-Coder-Next.gguf
  context_size=4096 parallel_slots=1
  weights_mb=21000 (20.51 GB)  kv_cache_mb=409  total_mb=21409 (20.91 GB)
  active_gpus=3 | total_vram=57344 MB (56.00 GB)
  gpu_vram={0: 16384, 1: 16384, 2: 24576}
  gpu_names={0: Tesla P100-PCIE-16GB, 1: Tesla P100-PCIE-16GB, 2: NVIDIA GeForce RTX 3090}
  main_index=2
  spill_order=[2, 0, 1]
  cpu_enabled=True
  pins_count=0
2026-06-09 19:00:48,369 - INFO - === Fase 1 INICIO (GPUs primeiro) ===
2026-06-09 19:00:48,414 - INFO - === Fase 1 INICIO (GPUs primeiro) ===
2026-06-09 19:00:48,437 - INFO - Fase 1 — Tentativa 1: Main GPU2 100%
2026-06-09 19:00:48,475 - INFO - Fase 1 — Tentativa 1: Main GPU2 100%
2026-06-09 19:00:48,491 - ERROR - === SERVER CRASH FAILURE (não-OOM) ===
  model=Qwen3-Coder-Next.gguf path=/models/Qwen3-Coder-Next.gguf
  elapsed=1.0s crashed_split={2: 100} cpu=0%
  server_log=/tmp/server.log
  log_tail=['unknown architecture']
  message=O servidor encerrou inesperadamente (~1.0s) ao carregar "Qwen3-Coder-Next.gguf", sem indício de falta de memória (OOM). Isso indica incompatibilidade do modelo/binário llama.cpp ou um parâmetro de inicialização inválido — não falta de VRAM. O auto-balance foi interrompido.
2026-06-09 19:00:48,524 - ERROR - === SERVER CRASH FAILURE (não-OOM) ===
  model=Qwen3-Coder-Next.gguf path=/models/Qwen3-Coder-Next.gguf
  elapsed=1.0s crashed_split={2: 100} cpu=0%
  server_log=/tmp/server.log
  log_tail=['unknown architecture']
  message=O servidor encerrou inesperadamente (~1.0s) ao carregar "Qwen3-Coder-Next.gguf", sem indício de falta de memória (OOM). Isso indica incompatibilidade do modelo/binário llama.cpp ou um parâmetro de inicialização inválido — não falta de VRAM. O auto-balance foi interrompido.
2026-06-09 19:00:48,581 - INFO - Fase 2: input weight_map={2: 80%, 0: 10%, 1: 10%} main_index=2
2026-06-09 19:00:48,611 - INFO - Fase 2: input weight_map={2: 80%, 0: 10%, 1: 10%} main_index=2
2026-06-09 19:00:48,627 - INFO - Auto-balance GPU 2: weight=80% vram=0.0%
2026-06-09 19:00:48,647 - INFO - Auto-balance GPU 0: weight=10% vram=0.0%
2026-06-09 19:00:48,667 - INFO - Auto-balance GPU 1: weight=10% vram=0.0%
2026-06-09 19:00:48,702 - INFO - TRIM: GPU1 removida — 10% redistribuido para GPU2 | GPU2=90%, GPU0=10%
2026-06-09 19:00:48,730 - INFO - TRIM: GPU1 removida — 10% redistribuido para GPU2 | GPU2=90%, GPU0=10%
2026-06-09 19:00:48,748 - WARNING - TRIM: GPU0 mantida (10%) — probe=oom
2026-06-09 19:00:48,783 - WARNING - TRIM: GPU0 mantida (10%) — probe=oom
2026-06-09 19:00:48,814 - WARNING - TRIM: GPU1 mantida (10%) — probe=oom
2026-06-09 19:00:48,849 - WARNING - TRIM: GPU1 mantida (10%) — probe=oom
2026-06-09 19:00:48,869 - WARNING - TRIM: GPU0 mantida (10%) — probe=oom
2026-06-09 19:00:48,900 - WARNING - TRIM: GPU0 mantida (10%) — probe=oom
2026-06-09 19:00:48,991 - INFO - === Auto-balance EMPIRICAL START ===
  model=test.gguf path=/models/test.gguf
  context_size=4096 parallel_slots=1
  weights_mb=30000 (29.30 GB)  kv_cache_mb=0  total_mb=30000 (29.30 GB)
  active_gpus=3 | total_vram=57344 MB (56.00 GB)
  gpu_vram={0: 16384, 1: 16384, 2: 24576}
  gpu_names={0: Tesla P100-PCIE-16GB, 1: Tesla P100-PCIE-16GB, 2: NVIDIA GeForce RTX 3090}
  main_index=2
  spill_order=[2, 0, 1]
  cpu_enabled=True
  pins_count=0
2026-06-09 19:00:49,024 - INFO - === Auto-balance EMPIRICAL START ===
  model=test.gguf path=/models/test.gguf
  context_size=4096 parallel_slots=1
  weights_mb=30000 (29.30 GB)  kv_cache_mb=0  total_mb=30000 (29.30 GB)
  active_gpus=3 | total_vram=57344 MB (56.00 GB)
  gpu_vram={0: 16384, 1: 16384, 2: 24576}
  gpu_names={0: Tesla P100-PCIE-16GB, 1: Tesla P100-PCIE-16GB, 2: NVIDIA GeForce RTX 3090}
  main_index=2
  spill_order=[2, 0, 1]
  cpu_enabled=True
  pins_count=0
2026-06-09 19:00:49,046 - INFO - === Fase 1 INICIO (GPUs primeiro) ===
2026-06-09 19:00:49,088 - INFO - === Fase 1 INICIO (GPUs primeiro) ===
2026-06-09 19:00:49,114 - INFO - Fase 1 — Tentativa 1: Main GPU2 100%
2026-06-09 19:00:49,165 - INFO - Fase 1 — Tentativa 1: Main GPU2 100%
2026-06-09 19:00:49,278 - INFO - Fase 1 — Tentativa 2: Main + 1ª GPU (cascata: GPU2=81%, GPU0=19%)
2026-06-09 19:00:49,302 - INFO - Fase 1 — Tentativa 2: Main + 1ª GPU (cascata: GPU2=81%, GPU0=19%)
2026-06-09 19:00:49,430 - INFO - === Auto-balance: Fase 1 viavel ===
  weight_label=GPU2=81%, GPU0=19%
  weight_map={2: 81%, 0: 19%}
  cpu_weight=0
2026-06-09 19:00:49,456 - INFO - === Auto-balance: Fase 1 viavel ===
  weight_label=GPU2=81%, GPU0=19%
  weight_map={2: 81%, 0: 19%}
  cpu_weight=0
2026-06-09 19:00:49,491 - WARNING - TRIM: GPU0 mantida (19%) — probe=oom
2026-06-09 19:00:49,558 - WARNING - TRIM: GPU0 mantida (19%) — probe=oom
2026-06-09 19:00:49,578 - INFO - === Fase 2 PREPARANDO ===
  trimmed={2: 81%, 0: 19%} main_index=2 cpu_enabled=True
2026-06-09 19:00:49,607 - INFO - === Fase 2 PREPARANDO ===
  trimmed={2: 81%, 0: 19%} main_index=2 cpu_enabled=True
2026-06-09 19:00:49,627 - INFO - === Fase 2 INICIO (maximizar VRAM, GPU-only) ===
2026-06-09 19:00:49,658 - INFO - === Fase 2 INICIO (maximizar VRAM, GPU-only) ===
2026-06-09 19:00:49,678 - INFO - Fase 2: input weight_map={2: 81%, 0: 19%} main_index=2
2026-06-09 19:00:49,725 - INFO - Fase 2: input weight_map={2: 81%, 0: 19%} main_index=2
2026-06-09 19:00:49,747 - INFO - Auto-balance GPU 2: weight=81% vram=96.0%
2026-06-09 19:00:49,763 - INFO - Auto-balance GPU 0: weight=19% vram=19.0%
2026-06-09 19:00:49,781 - INFO - === Fase 2 CONCLUIDA ===
  weight_map={2: 81%, 0: 19%}
  cpu_weight=0
2026-06-09 19:00:49,809 - INFO - === Fase 2 CONCLUIDA ===
  weight_map={2: 81%, 0: 19%}
  cpu_weight=0
2026-06-09 19:00:49,833 - INFO - === Fase 3 INICIO (fine-tuning 1%, GPU-only) ===
  main_gpu=2 current_weight=81% max_possible=100%
  secondary_total=19% CPU=desabilitado
2026-06-09 19:00:49,868 - INFO - === Fase 3 INICIO (fine-tuning 1%, GPU-only) ===
  main_gpu=2 current_weight=81% max_possible=100%
  secondary_total=19% CPU=desabilitado
2026-06-09 19:00:49,988 - WARNING - Fase 3: sem incremento possivel — main GPU2 ja em 81%
2026-06-09 19:00:50,021 - WARNING - Fase 3: sem incremento possivel — main GPU2 ja em 81%
2026-06-09 19:00:50,038 - INFO - _vram_summary: weight_map={2: 81%, 0: 19%} -> summary=GPU2 VRAM 97%; GPU0 VRAM 18%
2026-06-09 19:00:50,055 - INFO - === Auto-balance: peso final ===
  weight_label=GPU2=81%, GPU0=19%
  weight_map={2: 81%, 0: 19%}
  cpu_weight=0
2026-06-09 19:00:50,081 - INFO - === Auto-balance: peso final ===
  weight_label=GPU2=81%, GPU0=19%
  weight_map={2: 81%, 0: 19%}
  cpu_weight=0
2026-06-09 19:00:50,099 - INFO - === HARDWARE SNAPSHOT BEFORE FINAL ===
  gpus=[GPU0: used=2949MB total=16384MB util=0%; GPU1: used=0MB total=16384MB util=0%; GPU2: used=23839MB total=24576MB util=0%]
2026-06-09 19:00:50,127 - INFO - === HARDWARE SNAPSHOT BEFORE FINAL ===
  gpus=[GPU0: used=2949MB total=16384MB util=0%; GPU1: used=0MB total=16384MB util=0%; GPU2: used=23839MB total=24576MB util=0%]
2026-06-09 19:00:50,146 - INFO - === Auto-balance SUCCESS ===
  message=Balance otimizado (GPU2=81%, GPU0=19%). GPU2 VRAM 97%; GPU0 VRAM 18%
  gpu_weights_exported=4 entries
2026-06-09 19:00:50,171 - INFO - === Auto-balance SUCCESS ===
  message=Balance otimizado (GPU2=81%, GPU0=19%). GPU2 VRAM 97%; GPU0 VRAM 18%
  gpu_weights_exported=4 entries
2026-06-09 19:00:50,340 - INFO - Session expired due to inactivity
2026-06-09 19:00:50,603 - INFO - START: /usr/bin/llama-server -m /fake/model.gguf -ngl 999 --flash-attn on --host 0.0.0.0 --port 8085 --tools all --parallel 1 --ctx-size 8192 --batch-size 2048 --mlock --main-gpu 0 --split-mode layer --tensor-split 1.0000 --api-key sk-test --mmproj-auto --jinja --reasoning on --chat-template-kwargs {"enable_thinking":true} (CUDA_VISIBLE_DEVICES=0, ctx_per_slot=8192, server_ctx=8192, batch_size=2048, thinking_enabled=True, mtp_enabled=False, mtp_draft_tokens=3, mtp_applied=False, gpu_pct=100.0, cpu_pct=0, n_gpu_layers=999, n_cpu_layers=0)
2026-06-09 19:00:50,638 - INFO - START: /usr/bin/llama-server -m /fake/model.gguf -ngl 999 --flash-attn on --host 0.0.0.0 --port 8085 --tools all --parallel 1 --ctx-size 8192 --batch-size 2048 --mlock --main-gpu 0 --split-mode layer --tensor-split 0.5000,0.5000 --api-key sk-test --mmproj-auto --jinja --reasoning on --chat-template-kwargs {"enable_thinking":true} (CUDA_VISIBLE_DEVICES=0,1, ctx_per_slot=8192, server_ctx=8192, batch_size=2048, thinking_enabled=True, mtp_enabled=False, mtp_draft_tokens=3, mtp_applied=False, gpu_pct=100.0, cpu_pct=0, n_gpu_layers=999, n_cpu_layers=0)
2026-06-09 19:00:50,656 - INFO - START: /usr/bin/llama-server -m /fake/model.gguf -ngl 999 --flash-attn on --host 0.0.0.0 --port 8085 --tools all --parallel 1 --ctx-size 8192 --batch-size 2048 --mlock --main-gpu 0 --split-mode layer --tensor-split 1.0000 --api-key sk-test --mmproj-auto --jinja --reasoning on --chat-template-kwargs {"enable_thinking":true} (CUDA_VISIBLE_DEVICES=0, ctx_per_slot=8192, server_ctx=8192, batch_size=2048, thinking_enabled=True, mtp_enabled=False, mtp_draft_tokens=3, mtp_applied=False, gpu_pct=100.0, cpu_pct=0, n_gpu_layers=999, n_cpu_layers=0)
2026-06-09 19:00:50,698 - INFO - START: /usr/bin/llama-server -m /fake/model.gguf -ngl 22 --flash-attn on --host 0.0.0.0 --port 8085 --tools all --parallel 1 --ctx-size 8192 --batch-size 2048 --mlock --main-gpu 0 --split-mode layer --tensor-split 1.0000 --api-key sk-test --mmproj-auto --jinja --reasoning on --chat-template-kwargs {"enable_thinking":true} (CUDA_VISIBLE_DEVICES=0, ctx_per_slot=8192, server_ctx=8192, batch_size=2048, thinking_enabled=True, mtp_enabled=False, mtp_draft_tokens=3, mtp_applied=False, gpu_pct=70.0, cpu_pct=30.0, n_gpu_layers=22, n_cpu_layers=10)
2026-06-09 19:00:50,731 - ERROR - GPU metrics error: not enough values to unpack (expected 2, got 0)
2026-06-09 19:00:50,852 - INFO - START: /usr/bin/llama-server -m /fake/model.gguf -ngl 999 --flash-attn on --host 0.0.0.0 --port 8085 --tools all --parallel 1 --ctx-size 8192 --batch-size 2048 --mlock --main-gpu 0 --split-mode layer --tensor-split 1.0000 --api-key sk-test --mmproj-auto --jinja --reasoning on --chat-template-kwargs {"enable_thinking":true} (CUDA_VISIBLE_DEVICES=0, ctx_per_slot=8192, server_ctx=8192, batch_size=2048, thinking_enabled=True, mtp_enabled=False, mtp_draft_tokens=3, mtp_applied=False, gpu_pct=70.0, cpu_pct=0.0, n_gpu_layers=999, n_cpu_layers=0)
2026-06-09 19:00:50,881 - INFO - START: /usr/bin/llama-server -m /fake/model.gguf -ngl 22 --flash-attn on --host 0.0.0.0 --port 8085 --tools all --parallel 1 --ctx-size 8192 --batch-size 2048 --mlock --main-gpu 0 --split-mode layer --tensor-split 1.0000 --api-key sk-test --mmproj-auto --jinja --reasoning on --chat-template-kwargs {"enable_thinking":true} (CUDA_VISIBLE_DEVICES=0, ctx_per_slot=8192, server_ctx=8192, batch_size=2048, thinking_enabled=True, mtp_enabled=False, mtp_draft_tokens=3, mtp_applied=False, gpu_pct=70.0, cpu_pct=30.0, n_gpu_layers=22, n_cpu_layers=10)
2026-06-09 19:00:50,905 - ERROR - GPU metrics error: not enough values to unpack (expected 2, got 0)
2026-06-09 19:00:51,036 - INFO - START: /usr/bin/llama-server -m /fake/model.gguf -ngl 999 --flash-attn on --host 0.0.0.0 --port 8085 --tools all --parallel 1 --ctx-size 8192 --batch-size 2048 --mlock --main-gpu 0 --split-mode layer --tensor-split 1.0000 --api-key sk-test --mmproj-auto --jinja --reasoning on --chat-template-kwargs {"enable_thinking":true} (CUDA_VISIBLE_DEVICES=0, ctx_per_slot=8192, server_ctx=8192, batch_size=2048, thinking_enabled=True, mtp_enabled=False, mtp_draft_tokens=3, mtp_applied=False, gpu_pct=70.0, cpu_pct=0.0, n_gpu_layers=999, n_cpu_layers=0)
2026-06-09 19:00:51,097 - INFO - START: /usr/bin/llama-server -m /fake/model.gguf -ngl 70 --flash-attn on --host 0.0.0.0 --port 8085 --tools all --parallel 1 --ctx-size 8192 --batch-size 2048 --mlock --main-gpu 0 --split-mode layer --tensor-split 0.7143,0.2857 --api-key sk-test --mmproj-auto --jinja --reasoning on --chat-template-kwargs {"enable_thinking":true} (CUDA_VISIBLE_DEVICES=0,1, ctx_per_slot=8192, server_ctx=8192, batch_size=2048, thinking_enabled=True, mtp_enabled=False, mtp_draft_tokens=3, mtp_applied=False, gpu_pct=70.0, cpu_pct=30.0, n_gpu_layers=70, n_cpu_layers=30)
2026-06-09 19:00:51,123 - INFO - START: /usr/bin/llama-server -m /fake/model.gguf -ngl 999 --flash-attn on --host 0.0.0.0 --port 8085 --tools all --parallel 1 --ctx-size 8192 --batch-size 2048 --mlock --main-gpu 1 --split-mode layer --tensor-split 0.6000,0.4000 --api-key sk-test --mmproj-auto --jinja --reasoning on --chat-template-kwargs {"enable_thinking":true} (CUDA_VISIBLE_DEVICES=0,1, ctx_per_slot=8192, server_ctx=8192, batch_size=2048, thinking_enabled=True, mtp_enabled=False, mtp_draft_tokens=3, mtp_applied=False, gpu_pct=100.0, cpu_pct=0, n_gpu_layers=999, n_cpu_layers=0)
2026-06-09 19:00:51,156 - INFO - === Auto-balance EMPIRICAL START ===
  model=test.gguf path=/models/test.gguf
  context_size=4096 parallel_slots=1
  weights_mb=20000 (19.53 GB)  kv_cache_mb=0  total_mb=20000 (19.53 GB)
  active_gpus=2 | total_vram=40000 MB (39.06 GB)
  gpu_vram={0: 24000, 1: 16000}
  gpu_names={0: GPU0, 1: GPU1}
  main_index=0
  spill_order=[0, 1]
  cpu_enabled=True
  pins_count=0
2026-06-09 19:00:51,183 - INFO - === Auto-balance EMPIRICAL START ===
  model=test.gguf path=/models/test.gguf
  context_size=4096 parallel_slots=1
  weights_mb=20000 (19.53 GB)  kv_cache_mb=0  total_mb=20000 (19.53 GB)
  active_gpus=2 | total_vram=40000 MB (39.06 GB)
  gpu_vram={0: 24000, 1: 16000}
  gpu_names={0: GPU0, 1: GPU1}
  main_index=0
  spill_order=[0, 1]
  cpu_enabled=True
  pins_count=0
2026-06-09 19:00:51,212 - INFO - === Fase 1 INICIO (GPUs primeiro) ===
2026-06-09 19:00:51,246 - INFO - === Fase 1 INICIO (GPUs primeiro) ===
2026-06-09 19:00:51,269 - INFO - Fase 1 — Tentativa 1: Main GPU0 100%
2026-06-09 19:00:51,296 - INFO - Fase 1 — Tentativa 1: Main GPU0 100%
2026-06-09 19:00:51,420 - INFO - === Auto-balance: Fase 1 viavel ===
  weight_label=GPU0=100%
  weight_map={0: 100%}
  cpu_weight=0
2026-06-09 19:00:51,449 - INFO - === Auto-balance: Fase 1 viavel ===
  weight_label=GPU0=100%
  weight_map={0: 100%}
  cpu_weight=0
2026-06-09 19:00:51,492 - INFO - === Fase 2 PREPARANDO ===
  trimmed={0: 100%} main_index=0 cpu_enabled=True
2026-06-09 19:00:51,523 - INFO - === Fase 2 PREPARANDO ===
  trimmed={0: 100%} main_index=0 cpu_enabled=True
2026-06-09 19:00:51,554 - INFO - === Fase 2 INICIO (maximizar VRAM, GPU-only) ===
2026-06-09 19:00:51,595 - INFO - === Fase 2 INICIO (maximizar VRAM, GPU-only) ===
2026-06-09 19:00:51,619 - INFO - === Fase 2 CONCLUIDA ===
  weight_map={0: 100%}
  cpu_weight=0
2026-06-09 19:00:51,651 - INFO - === Fase 2 CONCLUIDA ===
  weight_map={0: 100%}
  cpu_weight=0
2026-06-09 19:00:51,671 - INFO - Fase 3: GPU0 já está em 100% — pulando fine-tuning
2026-06-09 19:00:51,703 - INFO - Fase 3: GPU0 já está em 100% — pulando fine-tuning
2026-06-09 19:00:51,728 - INFO - _vram_summary: weight_map={0: 100%} -> summary=GPU0 VRAM 0%
2026-06-09 19:00:51,750 - INFO - === Auto-balance: peso final ===
  weight_label=GPU0=100%
  weight_map={0: 100%}
  cpu_weight=0
2026-06-09 19:00:51,783 - INFO - === Auto-balance: peso final ===
  weight_label=GPU0=100%
  weight_map={0: 100%}
  cpu_weight=0
2026-06-09 19:00:51,807 - INFO - === HARDWARE SNAPSHOT BEFORE FINAL ===
  gpus=[]
2026-06-09 19:00:51,838 - INFO - === HARDWARE SNAPSHOT BEFORE FINAL ===
  gpus=[]
2026-06-09 19:00:51,863 - INFO - === Auto-balance SUCCESS ===
  message=Balance otimizado (GPU0=100%). GPU0 VRAM 0%
  gpu_weights_exported=3 entries
2026-06-09 19:00:51,892 - INFO - === Auto-balance SUCCESS ===
  message=Balance otimizado (GPU0=100%). GPU0 VRAM 0%
  gpu_weights_exported=3 entries
2026-06-09 19:00:51,918 - INFO - === Auto-balance EMPIRICAL START ===
  model=test.gguf path=/models/test.gguf
  context_size=4096 parallel_slots=1
  weights_mb=20000 (19.53 GB)  kv_cache_mb=0  total_mb=20000 (19.53 GB)
  active_gpus=1 | total_vram=24000 MB (23.44 GB)
  gpu_vram={0: 24000}
  gpu_names={0: GPU0}
  main_index=0
  spill_order=[0]
  cpu_enabled=True
  pins_count=1
2026-06-09 19:00:51,950 - INFO - === Auto-balance EMPIRICAL START ===
  model=test.gguf path=/models/test.gguf
  context_size=4096 parallel_slots=1
  weights_mb=20000 (19.53 GB)  kv_cache_mb=0  total_mb=20000 (19.53 GB)
  active_gpus=1 | total_vram=24000 MB (23.44 GB)
  gpu_vram={0: 24000}
  gpu_names={0: GPU0}
  main_index=0
  spill_order=[0]
  cpu_enabled=True
  pins_count=1
2026-06-09 19:00:51,965 - INFO - === Auto-balance: Fase 1 viavel ===
  weight_label=GPU0=100%
  weight_map={0: 100%}
  cpu_weight=0
2026-06-09 19:00:51,998 - INFO - === Auto-balance: Fase 1 viavel ===
  weight_label=GPU0=100%
  weight_map={0: 100%}
  cpu_weight=0
2026-06-09 19:00:52,015 - INFO - === Fase 2 PREPARANDO ===
  trimmed={0: 100%} main_index=0 cpu_enabled=True
2026-06-09 19:00:52,046 - INFO - === Fase 2 PREPARANDO ===
  trimmed={0: 100%} main_index=0 cpu_enabled=True
2026-06-09 19:00:52,063 - INFO - === Fase 2 INICIO (maximizar VRAM, GPU-only) ===
2026-06-09 19:00:52,095 - INFO - === Fase 2 INICIO (maximizar VRAM, GPU-only) ===
2026-06-09 19:00:52,110 - INFO - === Fase 2 CONCLUIDA ===
  weight_map={0: 100%}
  cpu_weight=0
2026-06-09 19:00:52,143 - INFO - === Fase 2 CONCLUIDA ===
  weight_map={0: 100%}
  cpu_weight=0
2026-06-09 19:00:52,155 - INFO - Fase 3: GPU0 já está em 100% — pulando fine-tuning
2026-06-09 19:00:52,185 - INFO - Fase 3: GPU0 já está em 100% — pulando fine-tuning
2026-06-09 19:00:52,203 - INFO - _vram_summary: weight_map={0: 100%} -> summary=GPU0 VRAM 0%
2026-06-09 19:00:52,223 - INFO - === Auto-balance: peso final ===
  weight_label=GPU0=100%
  weight_map={0: 100%}
  cpu_weight=0
2026-06-09 19:00:52,266 - INFO - === Auto-balance: peso final ===
  weight_label=GPU0=100%
  weight_map={0: 100%}
  cpu_weight=0
2026-06-09 19:00:52,285 - INFO - === HARDWARE SNAPSHOT BEFORE FINAL ===
  gpus=[]
2026-06-09 19:00:52,320 - INFO - === HARDWARE SNAPSHOT BEFORE FINAL ===
  gpus=[]
2026-06-09 19:00:52,349 - INFO - === Auto-balance SUCCESS ===
  message=Balance otimizado (GPU0=100%). GPU0 VRAM 0%
  gpu_weights_exported=2 entries
2026-06-09 19:00:52,387 - INFO - === Auto-balance SUCCESS ===
  message=Balance otimizado (GPU0=100%). GPU0 VRAM 0%
  gpu_weights_exported=2 entries
2026-06-09 19:00:52,413 - INFO - === Fase 1 INICIO (GPUs primeiro, CPU permitido neste passo) ===
2026-06-09 19:00:52,448 - INFO - === Fase 1 INICIO (GPUs primeiro, CPU permitido neste passo) ===
2026-06-09 19:00:52,467 - INFO - Fase 1 — Tentativa 1: Main GPU0 100%
2026-06-09 19:00:52,513 - INFO - Fase 1 — Tentativa 1: Main GPU0 100%
2026-06-09 19:00:52,638 - INFO - Fase 1 — Tentativa 2: Main + 1ª GPU (cascata: GPU0=90%, GPU1=10%)
2026-06-09 19:00:52,667 - INFO - Fase 1 — Tentativa 2: Main + 1ª GPU (cascata: GPU0=90%, GPU1=10%)
2026-06-09 19:00:52,823 - INFO - Fase 1 — Tentativa 2: Main + 1ª GPU (cascata: GPU0=80%, GPU1=10%)
2026-06-09 19:00:52,864 - INFO - Fase 1 — Tentativa 2: Main + 1ª GPU (cascata: GPU0=80%, GPU1=10%)
2026-06-09 19:00:52,969 - INFO - Fase 1 — Tentativa 2: Main + 1ª GPU (cascata: GPU0=70%, GPU1=10%)
2026-06-09 19:00:52,996 - INFO - Fase 1 — Tentativa 2: Main + 1ª GPU (cascata: GPU0=70%, GPU1=10%)
2026-06-09 19:00:53,173 - INFO - === Auto-balance EMPIRICAL START ===
  model=test.gguf path=/models/test.gguf
  context_size=4096 parallel_slots=1
  weights_mb=30000 (29.30 GB)  kv_cache_mb=0  total_mb=30000 (29.30 GB)
  active_gpus=2 | total_vram=40000 MB (39.06 GB)
  gpu_vram={0: 24000, 1: 16000}
  gpu_names={0: GPU0, 1: GPU1}
  main_index=0
  spill_order=[0, 1]
  cpu_enabled=True
  pins_count=0
2026-06-09 19:00:53,198 - INFO - === Auto-balance EMPIRICAL START ===
  model=test.gguf path=/models/test.gguf
  context_size=4096 parallel_slots=1
  weights_mb=30000 (29.30 GB)  kv_cache_mb=0  total_mb=30000 (29.30 GB)
  active_gpus=2 | total_vram=40000 MB (39.06 GB)
  gpu_vram={0: 24000, 1: 16000}
  gpu_names={0: GPU0, 1: GPU1}
  main_index=0
  spill_order=[0, 1]
  cpu_enabled=True
  pins_count=0
2026-06-09 19:00:53,218 - INFO - === Auto-balance: Fase 1 viavel ===
  weight_label=GPU0=100%
  weight_map={0: 100%}
  cpu_weight=0
2026-06-09 19:00:53,251 - INFO - === Auto-balance: Fase 1 viavel ===
  weight_label=GPU0=100%
  weight_map={0: 100%}
  cpu_weight=0
2026-06-09 19:00:53,274 - INFO - === Fase 2 PREPARANDO ===
  trimmed={0: 100%} main_index=0 cpu_enabled=True
2026-06-09 19:00:53,305 - INFO - === Fase 2 PREPARANDO ===
  trimmed={0: 100%} main_index=0 cpu_enabled=True
2026-06-09 19:00:53,324 - INFO - === Fase 2 INICIO (maximizar VRAM, GPU-only) ===
2026-06-09 19:00:53,358 - INFO - === Fase 2 INICIO (maximizar VRAM, GPU-only) ===
2026-06-09 19:00:53,380 - INFO - === Fase 2 CONCLUIDA ===
  weight_map={0: 100%}
  cpu_weight=0
2026-06-09 19:00:53,408 - INFO - === Fase 2 CONCLUIDA ===
  weight_map={0: 100%}
  cpu_weight=0
2026-06-09 19:00:53,425 - INFO - Fase 3: GPU0 já está em 100% — pulando fine-tuning
2026-06-09 19:00:53,453 - INFO - Fase 3: GPU0 já está em 100% — pulando fine-tuning
2026-06-09 19:00:53,472 - INFO - _vram_summary: weight_map={0: 100%} -> summary=GPU0 VRAM 0%
2026-06-09 19:00:53,489 - INFO - === Auto-balance: peso final ===
  weight_label=GPU0=100%
  weight_map={0: 100%}
  cpu_weight=0
2026-06-09 19:00:53,515 - INFO - === Auto-balance: peso final ===
  weight_label=GPU0=100%
  weight_map={0: 100%}
  cpu_weight=0
2026-06-09 19:00:53,542 - INFO - === HARDWARE SNAPSHOT BEFORE FINAL ===
  gpus=[]
2026-06-09 19:00:53,571 - INFO - === HARDWARE SNAPSHOT BEFORE FINAL ===
  gpus=[]
2026-06-09 19:00:53,595 - INFO - === Auto-balance SUCCESS ===
  message=Balance otimizado (GPU0=100%). GPU0 VRAM 0%
  gpu_weights_exported=3 entries
2026-06-09 19:00:53,633 - INFO - === Auto-balance SUCCESS ===
  message=Balance otimizado (GPU0=100%). GPU0 VRAM 0%
  gpu_weights_exported=3 entries
2026-06-09 19:00:53,671 - INFO - === Auto-balance EMPIRICAL START ===
  model=test.gguf path=/models/test.gguf
  context_size=4096 parallel_slots=1
  weights_mb=70000 (68.36 GB)  kv_cache_mb=0  total_mb=70000 (68.36 GB)
  active_gpus=2 | total_vram=40000 MB (39.06 GB)
  gpu_vram={0: 24000, 1: 16000}
  gpu_names={0: GPU0, 1: GPU1}
  main_index=0
  spill_order=[0, 1]
  cpu_enabled=True
  pins_count=0
2026-06-09 19:00:53,718 - INFO - === Auto-balance EMPIRICAL START ===
  model=test.gguf path=/models/test.gguf
  context_size=4096 parallel_slots=1
  weights_mb=70000 (68.36 GB)  kv_cache_mb=0  total_mb=70000 (68.36 GB)
  active_gpus=2 | total_vram=40000 MB (39.06 GB)
  gpu_vram={0: 24000, 1: 16000}
  gpu_names={0: GPU0, 1: GPU1}
  main_index=0
  spill_order=[0, 1]
  cpu_enabled=True
  pins_count=0
2026-06-09 19:00:53,739 - WARNING - Fase 1 — GPUs esgotadas sem split viável; tentando maximizar todas as GPUs antes de CPU
2026-06-09 19:00:53,774 - WARNING - Fase 1 — GPUs esgotadas sem split viável; tentando maximizar todas as GPUs antes de CPU
2026-06-09 19:00:53,804 - WARNING - Fase 1 — maximização GPU-only falhou; iniciando CPU offload (último recurso, +10% por tentativa)
2026-06-09 19:00:53,833 - WARNING - Fase 1 — maximização GPU-only falhou; iniciando CPU offload (último recurso, +10% por tentativa)
2026-06-09 19:00:53,859 - INFO - === Auto-balance: Fase 1 viavel ===
  weight_label=GPU0=50%, GPU1=20%, CPU=30%
  weight_map={0: 50%, 1: 20%}
  cpu_weight=30
2026-06-09 19:00:53,895 - INFO - === Auto-balance: Fase 1 viavel ===
  weight_label=GPU0=50%, GPU1=20%, CPU=30%
  weight_map={0: 50%, 1: 20%}
  cpu_weight=30
2026-06-09 19:00:53,917 - INFO - === Fase 2 PREPARANDO ===
  trimmed={0: 50%, 1: 20%} main_index=0 cpu_enabled=True
2026-06-09 19:00:53,975 - INFO - === Fase 2 PREPARANDO ===
  trimmed={0: 50%, 1: 20%} main_index=0 cpu_enabled=True
2026-06-09 19:00:53,996 - INFO - === Fase 2 INICIO (maximizar VRAM, GPU-only) ===
2026-06-09 19:00:54,032 - INFO - === Fase 2 INICIO (maximizar VRAM, GPU-only) ===
2026-06-09 19:00:54,058 - INFO - === Fase 2 CONCLUIDA ===
  weight_map={0: 50%, 1: 20%}
  cpu_weight=30
2026-06-09 19:00:54,091 - INFO - === Fase 2 CONCLUIDA ===
  weight_map={0: 50%, 1: 20%}
  cpu_weight=30
2026-06-09 19:00:54,110 - INFO - === Fase 3 INICIO (fine-tuning 1%, GPU-only) ===
  main_gpu=0 current_weight=50% max_possible=70%
  secondary_total=20% CPU=desabilitado
2026-06-09 19:00:54,150 - INFO - === Fase 3 INICIO (fine-tuning 1%, GPU-only) ===
  main_gpu=0 current_weight=50% max_possible=70%
  secondary_total=20% CPU=desabilitado
2026-06-09 19:00:54,182 - WARNING - Fase 3: sem incremento possivel — main GPU0 ja em 50%
2026-06-09 19:00:54,246 - WARNING - Fase 3: sem incremento possivel — main GPU0 ja em 50%
2026-06-09 19:00:54,264 - INFO - _vram_summary: weight_map={0: 50%, 1: 20%} -> summary=GPU0 VRAM 0%; GPU1 VRAM 0%
2026-06-09 19:00:54,286 - INFO - === Auto-balance: peso final ===
  weight_label=GPU0=50%, GPU1=20%, CPU=30%
  weight_map={0: 50%, 1: 20%}
  cpu_weight=30
2026-06-09 19:00:54,318 - INFO - === Auto-balance: peso final ===
  weight_label=GPU0=50%, GPU1=20%, CPU=30%
  weight_map={0: 50%, 1: 20%}
  cpu_weight=30
2026-06-09 19:00:54,348 - INFO - === HARDWARE SNAPSHOT BEFORE FINAL ===
  gpus=[]
2026-06-09 19:00:54,383 - INFO - === HARDWARE SNAPSHOT BEFORE FINAL ===
  gpus=[]
2026-06-09 19:00:54,403 - INFO - === Auto-balance SUCCESS ===
  message=Balance otimizado (GPU0=50%, GPU1=20%, CPU=30%). GPU0 VRAM 0%; GPU1 VRAM 0%
  gpu_weights_exported=3 entries
2026-06-09 19:00:54,434 - INFO - === Auto-balance SUCCESS ===
  message=Balance otimizado (GPU0=50%, GPU1=20%, CPU=30%). GPU0 VRAM 0%; GPU1 VRAM 0%
  gpu_weights_exported=3 entries
2026-06-09 19:00:54,462 - INFO - === Auto-balance EMPIRICAL START ===
  model=test.gguf path=/models/test.gguf
  context_size=4096 parallel_slots=1
  weights_mb=70000 (68.36 GB)  kv_cache_mb=0  total_mb=70000 (68.36 GB)
  active_gpus=2 | total_vram=40000 MB (39.06 GB)
  gpu_vram={0: 24000, 1: 16000}
  gpu_names={0: GPU0, 1: GPU1}
  main_index=0
  spill_order=[0, 1]
  cpu_enabled=False
  pins_count=0
2026-06-09 19:00:54,497 - INFO - === Auto-balance EMPIRICAL START ===
  model=test.gguf path=/models/test.gguf
  context_size=4096 parallel_slots=1
  weights_mb=70000 (68.36 GB)  kv_cache_mb=0  total_mb=70000 (68.36 GB)
  active_gpus=2 | total_vram=40000 MB (39.06 GB)
  gpu_vram={0: 24000, 1: 16000}
  gpu_names={0: GPU0, 1: GPU1}
  main_index=0
  spill_order=[0, 1]
  cpu_enabled=False
  pins_count=0
2026-06-09 19:00:54,515 - WARNING - Fase 1 — GPUs esgotadas sem split viável; tentando maximizar todas as GPUs antes de CPU
2026-06-09 19:00:54,542 - WARNING - Fase 1 — GPUs esgotadas sem split viável; tentando maximizar todas as GPUs antes de CPU
2026-06-09 19:00:54,562 - INFO - === HARDWARE CAPACITY FAILURE ===
  reason=no_feasible_split
  model=test.gguf path=/models/test.gguf
  estimated_model_mb=?
  total_vram_mb=40000 total_vram_gb=39.06
  active_gpus=[0, 1]
  gpu_details=[{'index': 0, 'name': 'GPU0', 'vram_mb': 24000}, {'index': 1, 'name': 'GPU1', 'vram_mb': 16000}]
  context_size=4096 parallel_slots=1
  message=Não foi possível carregar "test.gguf" em nenhuma divisão testada entre as GPUs selecionadas. O modelo excede a capacidade do hardware atual (~39.1 GB de VRAM em 2 GPU(s)) com contexto 4096 e 1 slot(s).
2026-06-09 19:00:54,592 - INFO - === HARDWARE CAPACITY FAILURE ===
  reason=no_feasible_split
  model=test.gguf path=/models/test.gguf
  estimated_model_mb=?
  total_vram_mb=40000 total_vram_gb=39.06
  active_gpus=[0, 1]
  gpu_details=[{'index': 0, 'name': 'GPU0', 'vram_mb': 24000}, {'index': 1, 'name': 'GPU1', 'vram_mb': 16000}]
  context_size=4096 parallel_slots=1
  message=Não foi possível carregar "test.gguf" em nenhuma divisão testada entre as GPUs selecionadas. O modelo excede a capacidade do hardware atual (~39.1 GB de VRAM em 2 GPU(s)) com contexto 4096 e 1 slot(s).
2026-06-09 19:00:54,658 - INFO - START: /usr/bin/llama-server -m /fake/model.gguf -ngl 22 --flash-attn on --host 0.0.0.0 --port 8085 --tools all --parallel 1 --ctx-size 8192 --batch-size 2048 --mlock --main-gpu 0 --split-mode layer --tensor-split 1.0 --api-key sk-test --mmproj-auto --jinja --reasoning on --chat-template-kwargs {"enable_thinking":true} (CUDA_VISIBLE_DEVICES=0, ctx_per_slot=8192, server_ctx=8192, batch_size=2048, thinking_enabled=True, mtp_enabled=False, mtp_draft_tokens=3, mtp_applied=False, gpu_pct=70.0, cpu_pct=30.0, n_gpu_layers=22, n_cpu_layers=10)
2026-06-09 19:00:54,679 - INFO - START: /usr/bin/llama-server -m /fake/model.gguf -ngl 6 --flash-attn on --host 0.0.0.0 --port 8085 --tools all --parallel 1 --ctx-size 8192 --batch-size 2048 --mlock --main-gpu 0 --split-mode layer --tensor-split 1.0 --api-key sk-test --mmproj-auto --jinja --reasoning on --chat-template-kwargs {"enable_thinking":true} (CUDA_VISIBLE_DEVICES=0, ctx_per_slot=8192, server_ctx=8192, batch_size=2048, thinking_enabled=True, mtp_enabled=False, mtp_draft_tokens=3, mtp_applied=False, gpu_pct=20.0, cpu_pct=80.0, n_gpu_layers=6, n_cpu_layers=26)
2026-06-09 19:00:54,726 - INFO - START: /usr/bin/llama-server -m /fake/model.gguf -ngl 999 --flash-attn on --host 0.0.0.0 --port 8085 --tools all --parallel 1 --ctx-size 8192 --batch-size 2048 --mlock --main-gpu 0 --split-mode layer --tensor-split 1.0 --api-key sk-test --mmproj-auto --jinja --reasoning on --chat-template-kwargs {"enable_thinking":true} (CUDA_VISIBLE_DEVICES=0, ctx_per_slot=8192, server_ctx=8192, batch_size=2048, thinking_enabled=True, mtp_enabled=False, mtp_draft_tokens=3, mtp_applied=False, gpu_pct=100.0, cpu_pct=0, n_gpu_layers=999, n_cpu_layers=0)
2026-06-09 19:00:54,759 - INFO - START: /usr/bin/llama-server -m /fake/model.gguf -ngl 22 --flash-attn on --host 0.0.0.0 --port 8085 --tools all --parallel 1 --ctx-size 8192 --batch-size 2048 --mlock --main-gpu 0 --split-mode layer --tensor-split 1.0 --api-key sk-test --mmproj-auto --jinja --reasoning on --chat-template-kwargs {"enable_thinking":true} (CUDA_VISIBLE_DEVICES=0, ctx_per_slot=8192, server_ctx=8192, batch_size=2048, thinking_enabled=True, mtp_enabled=False, mtp_draft_tokens=3, mtp_applied=False, gpu_pct=70.0, cpu_pct=30.0, n_gpu_layers=22, n_cpu_layers=10)
2026-06-09 19:00:55,188 - WARNING - llama-server nao encontrado automaticamente; configure LLAMA_SERVER_BIN ou paths.json (llama_server_bin)
2026-06-09 19:00:55,214 - ERROR - GPU detection error: Command 'nvidia-smi' returned non-zero exit status 1.
2026-06-09 19:00:55,253 - ERROR - GPU metrics error: Command 'nvidia-smi' returned non-zero exit status 1.
2026-06-09 19:00:55,286 - ERROR - System metrics error: ram metrics unavailable
2026-06-09 19:00:55,323 - ERROR - GPU metrics error: Command 'nvidia-smi' returned non-zero exit status 1.
2026-06-09 19:00:56,067 - ERROR - GPU metrics error: Command 'nvidia-smi' returned non-zero exit status 1.
2026-06-09 19:00:56,073 - ERROR - System metrics error: ram down
2026-06-09 19:00:56,103 - ERROR - GPU metrics error: Command 'nvidia-smi' returned non-zero exit status 1.
2026-06-09 19:00:56,211 - INFO - MTP requested but model has no MTP head, skipping flags
2026-06-09 19:00:56,316 - WARNING - llama-server nao encontrado automaticamente; configure LLAMA_SERVER_BIN ou paths.json (llama_server_bin)
2026-06-09 19:00:56,345 - WARNING - Could not detect MTP for /fake/model.gguf: boom
1969-12-31 21:16:40,000 - WARNING - OOM detected! Consecutive: 1
1969-12-31 21:16:45,000 - WARNING - OOM detected! Consecutive: 2
1969-12-31 21:16:40,000 - WARNING - OOM detected! Consecutive: 1
1969-12-31 21:17:11,000 - WARNING - OOM detected! Consecutive: 1
1969-12-31 21:16:40,000 - WARNING - OOM detected! Consecutive: 1
1969-12-31 21:16:45,000 - WARNING - OOM detected! Consecutive: 3
2026-06-09 19:00:56,617 - WARNING - Could not detect model layers for /fake/model.gguf: not found
2026-06-09 19:00:56,650 - INFO - START: /usr/bin/llama-server -m /fake/model.gguf -ngl 999 --flash-attn on --host 0.0.0.0 --port 8085 --tools all --parallel 1 --ctx-size 8192 --batch-size 2048 --mlock --main-gpu 0 --split-mode layer --tensor-split 1.0 --api-key test-token --mmproj-auto --jinja --reasoning on --chat-template-kwargs {"enable_thinking":true} (CUDA_VISIBLE_DEVICES=0, ctx_per_slot=8192, server_ctx=8192, batch_size=2048, thinking_enabled=True, mtp_enabled=False, mtp_draft_tokens=3, mtp_applied=False, gpu_pct=100.0, cpu_pct=0, n_gpu_layers=999, n_cpu_layers=0)
2026-06-09 19:00:56,683 - INFO - START: /usr/bin/llama-server -m /fake/model.gguf -ngl 22 --flash-attn on --host 0.0.0.0 --port 8085 --tools all --parallel 1 --ctx-size 8192 --batch-size 2048 --mlock --main-gpu 0 --split-mode layer --tensor-split 1.0 --api-key test-token --mmproj-auto --jinja --reasoning on --chat-template-kwargs {"enable_thinking":true} (CUDA_VISIBLE_DEVICES=0, ctx_per_slot=8192, server_ctx=8192, batch_size=2048, thinking_enabled=True, mtp_enabled=False, mtp_draft_tokens=3, mtp_applied=False, gpu_pct=70.0, cpu_pct=30.0, n_gpu_layers=22, n_cpu_layers=10)
2026-06-09 19:00:56,713 - INFO - START: /usr/bin/llama-server -m /fake/model.gguf -ngl 0 --flash-attn on --host 0.0.0.0 --port 8085 --tools all --parallel 1 --ctx-size 8192 --batch-size 2048 --mlock --main-gpu 0 --split-mode layer --tensor-split 1.0 --api-key test-token --mmproj-auto --jinja --reasoning on --chat-template-kwargs {"enable_thinking":true} (CUDA_VISIBLE_DEVICES=0, ctx_per_slot=8192, server_ctx=8192, batch_size=2048, thinking_enabled=True, mtp_enabled=False, mtp_draft_tokens=3, mtp_applied=False, gpu_pct=0, cpu_pct=0, n_gpu_layers=0, n_cpu_layers=32)
2026-06-09 19:00:56,745 - INFO - START: /usr/bin/llama-server -m /fake/model.gguf -ngl 999 --flash-attn on --host 0.0.0.0 --port 8085 --tools all --parallel 1 --ctx-size 8192 --batch-size 2048 --mlock --main-gpu 0 --split-mode layer --tensor-split 1.0 --api-key test-token --mmproj-auto --jinja --reasoning on --chat-template-kwargs {"enable_thinking":true} (CUDA_VISIBLE_DEVICES=0, ctx_per_slot=8192, server_ctx=8192, batch_size=2048, thinking_enabled=True, mtp_enabled=False, mtp_draft_tokens=3, mtp_applied=False, gpu_pct=100.0, cpu_pct=0, n_gpu_layers=999, n_cpu_layers=0)
2026-06-09 19:00:56,774 - INFO - START: /usr/bin/llama-server -m /fake/model.gguf -ngl 999 --flash-attn on --host 0.0.0.0 --port 8085 --tools all --parallel 1 --ctx-size 8192 --batch-size 2048 --mlock --main-gpu 0 --split-mode layer --tensor-split 1.0 --api-key test-token --mmproj-auto --jinja --reasoning on --chat-template-kwargs {"enable_thinking":true} (CUDA_VISIBLE_DEVICES=0, ctx_per_slot=8192, server_ctx=8192, batch_size=2048, thinking_enabled=True, mtp_enabled=False, mtp_draft_tokens=3, mtp_applied=False, gpu_pct=100.0, cpu_pct=0, n_gpu_layers=999, n_cpu_layers=0)
2026-06-09 19:00:56,805 - INFO - START: /usr/bin/llama-server -m /fake/model.gguf -ngl 56 --flash-attn on --host 0.0.0.0 --port 8085 --tools all --parallel 1 --ctx-size 8192 --batch-size 2048 --mlock --main-gpu 0 --split-mode layer --tensor-split 1.0 --api-key test-token --mmproj-auto --jinja --reasoning on --chat-template-kwargs {"enable_thinking":true} (CUDA_VISIBLE_DEVICES=0, ctx_per_slot=8192, server_ctx=8192, batch_size=2048, thinking_enabled=True, mtp_enabled=False, mtp_draft_tokens=3, mtp_applied=False, gpu_pct=70.0, cpu_pct=30.0, n_gpu_layers=56, n_cpu_layers=24)
2026-06-09 19:00:56,833 - INFO - START: /usr/bin/llama-server -m /fake/model.gguf -ngl 999 --flash-attn on --host 0.0.0.0 --port 8085 --tools all --parallel 1 --ctx-size 8192 --batch-size 2048 --mlock --main-gpu 0 --split-mode layer --tensor-split 1.0 --api-key test-token --mmproj-auto --jinja --reasoning on --chat-template-kwargs {"enable_thinking":true} (CUDA_VISIBLE_DEVICES=0, ctx_per_slot=8192, server_ctx=8192, batch_size=2048, thinking_enabled=True, mtp_enabled=False, mtp_draft_tokens=3, mtp_applied=False, gpu_pct=200.0, cpu_pct=0, n_gpu_layers=999, n_cpu_layers=0)
2026-06-09 19:00:56,859 - INFO - START: /usr/bin/llama-server -m /fake/model.gguf -ngl 999 --flash-attn on --host 0.0.0.0 --port 8085 --tools all --parallel 1 --ctx-size 8192 --batch-size 2048 --mlock --main-gpu 0 --split-mode layer --tensor-split 1.0 --api-key test-token --mmproj-auto --jinja --reasoning on --chat-template-kwargs {"enable_thinking":true} (CUDA_VISIBLE_DEVICES=0, ctx_per_slot=8192, server_ctx=8192, batch_size=2048, thinking_enabled=True, mtp_enabled=False, mtp_draft_tokens=3, mtp_applied=False, gpu_pct=100.0, cpu_pct=0, n_gpu_layers=999, n_cpu_layers=0)
2026-06-09 19:00:56,885 - INFO - START: /usr/bin/llama-server -m /fake/model.gguf -ngl 0 --flash-attn on --host 0.0.0.0 --port 8085 --tools all --parallel 1 --ctx-size 8192 --batch-size 2048 --mlock --main-gpu 0 --split-mode layer --tensor-split 1.0 --api-key test-token --mmproj-auto --jinja --reasoning on --chat-template-kwargs {"enable_thinking":true} (CUDA_VISIBLE_DEVICES=0, ctx_per_slot=8192, server_ctx=8192, batch_size=2048, thinking_enabled=True, mtp_enabled=False, mtp_draft_tokens=3, mtp_applied=False, gpu_pct=0, cpu_pct=0, n_gpu_layers=0, n_cpu_layers=32)
2026-06-09 19:00:57,417 - WARNING - Port 8085 still bound after 0.5s wait — start() may fail to bind
2026-06-09 19:00:57,434 - INFO - llama-server stopped
2026-06-09 19:00:57,592 - INFO - Verificacao de versao iniciada em /tmp/automanager-test
2026-06-09 19:00:57,620 - WARNING - Diretorio nao e um repositorio git: /tmp/automanager-test
2026-06-09 19:00:57,647 - INFO - Verificacao de versao iniciada em /tmp/automanager-test
2026-06-09 19:00:57,661 - INFO - Versao atualizada (branch=main, ref=aaa1111)
2026-06-09 19:00:57,685 - INFO - Verificacao de versao iniciada em /tmp/automanager-test
2026-06-09 19:00:57,702 - INFO - Atualizacao disponivel (branch=main, ahead=2, aaa1111 -> ddd4444)
2026-06-09 19:00:57,731 - INFO - Verificacao de versao iniciada em /tmp/automanager-test
2026-06-09 19:00:57,748 - WARNING - git fetch falhou (branch=main): fatal: could not read from remote
2026-06-09 19:00:57,773 - INFO - Verificacao de versao iniciada em /tmp/automanager-test
2026-06-09 19:00:57,788 - WARNING - git fetch expirou apos 30s (branch=main)
2026-06-09 19:00:57,815 - INFO - Verificacao de versao iniciada em /tmp/automanager-test
2026-06-09 19:00:57,829 - INFO - Versao atualizada (branch=feature/foo, ref=1111111)
2026-06-09 19:00:57,855 - INFO - Verificacao de versao iniciada em /tmp/automanager-test
2026-06-09 19:00:57,876 - INFO - Atualizacao disponivel (branch=main, ahead=12, local00 -> remote0)
2026-06-09 19:15:01,693 - INFO - estimate_model_vram_mb [DISK] model=C:\Users\s293\AppData\Local\Temp\pytest-of-s293\pytest-261\test_estimate_model_vram_uses_0\qwen-49b.gguf disk_mb=100 runtime_overhead_mb=256 weights_mb=356 kv_cache_mb=6553 total_mb=6909
2026-06-09 19:15:01,714 - INFO - estimate_model_vram_mb [DISK] model=C:\Users\s293\AppData\Local\Temp\pytest-of-s293\pytest-261\test_estimate_model_vram_uses_0\qwen-49b.gguf disk_mb=100 runtime_overhead_mb=256 weights_mb=356 kv_cache_mb=6553 total_mb=6909
2026-06-09 19:15:01,783 - INFO - === HARDWARE CAPACITY FAILURE ===
  reason=no_feasible_split
  model=huge-model.gguf path=/models/huge-model.gguf
  estimated_model_mb=?
  total_vram_mb=24576 total_vram_gb=24.00
  active_gpus=[0]
  gpu_details=[{'index': 0, 'name': 'RTX 3090', 'vram_mb': 24576}]
  context_size=32768 parallel_slots=2
  message=Não foi possível carregar "huge-model.gguf" em nenhuma divisão testada entre as GPUs selecionadas. O modelo excede a capacidade do hardware atual (~24.0 GB de VRAM em 1 GPU(s)) com contexto 32768 e 2 slot(s).
2026-06-09 19:15:01,825 - INFO - === HARDWARE CAPACITY FAILURE ===
  reason=no_feasible_split
  model=huge-model.gguf path=/models/huge-model.gguf
  estimated_model_mb=?
  total_vram_mb=24576 total_vram_gb=24.00
  active_gpus=[0]
  gpu_details=[{'index': 0, 'name': 'RTX 3090', 'vram_mb': 24576}]
  context_size=32768 parallel_slots=2
  message=Não foi possível carregar "huge-model.gguf" em nenhuma divisão testada entre as GPUs selecionadas. O modelo excede a capacidade do hardware atual (~24.0 GB de VRAM em 1 GPU(s)) com contexto 32768 e 2 slot(s).
2026-06-09 19:15:01,856 - WARNING - OOM detected! Consecutive: 1
2026-06-09 19:15:02,135 - INFO - === Fase 1 INICIO (GPUs primeiro, CPU permitido neste passo) ===
2026-06-09 19:15:02,159 - INFO - === Fase 1 INICIO (GPUs primeiro, CPU permitido neste passo) ===
2026-06-09 19:15:02,176 - INFO - Fase 1 — Tentativa 1: Main GPU2 100%
2026-06-09 19:15:02,211 - INFO - Fase 1 — Tentativa 1: Main GPU2 100%
2026-06-09 19:15:02,354 - INFO - Fase 1 — Tentativa 2: Main + 1ª GPU (cascata: GPU2=90%, GPU0=10%)
2026-06-09 19:15:02,394 - INFO - Fase 1 — Tentativa 2: Main + 1ª GPU (cascata: GPU2=90%, GPU0=10%)
2026-06-09 19:15:02,562 - INFO - Fase 1 — Tentativa 3: Main + 2ª GPU (cascata: GPU2=80%, GPU0=10%, GPU1=10%)
2026-06-09 19:15:02,607 - INFO - Fase 1 — Tentativa 3: Main + 2ª GPU (cascata: GPU2=80%, GPU0=10%, GPU1=10%)
2026-06-09 19:15:02,727 - INFO - Fase 1 — Tentativa 3: Main + 2ª GPU (cascata: GPU2=70%, GPU0=10%, GPU1=10%)
2026-06-09 19:15:02,755 - INFO - Fase 1 — Tentativa 3: Main + 2ª GPU (cascata: GPU2=70%, GPU0=10%, GPU1=10%)
2026-06-09 19:15:02,883 - INFO - Fase 1 — Tentativa 3: Main + 2ª GPU (cascata: GPU2=60%, GPU0=10%, GPU1=10%)
2026-06-09 19:15:02,913 - INFO - Fase 1 — Tentativa 3: Main + 2ª GPU (cascata: GPU2=60%, GPU0=10%, GPU1=10%)
2026-06-09 19:15:03,056 - INFO - Fase 1 — Tentativa 3: Main + 2ª GPU (cascata: GPU2=50%, GPU0=10%, GPU1=10%)
2026-06-09 19:15:03,082 - INFO - Fase 1 — Tentativa 3: Main + 2ª GPU (cascata: GPU2=50%, GPU0=10%, GPU1=10%)
2026-06-09 19:15:03,231 - INFO - Fase 1 — Tentativa 3: Main + 2ª GPU (cascata: GPU2=40%, GPU0=10%, GPU1=10%)
2026-06-09 19:15:03,251 - INFO - Fase 1 — Tentativa 3: Main + 2ª GPU (cascata: GPU2=40%, GPU0=10%, GPU1=10%)
2026-06-09 19:15:03,428 - INFO - Fase 1 — Tentativa 3: Main + 2ª GPU (cascata: GPU2=30%, GPU0=10%, GPU1=10%)
2026-06-09 19:15:03,474 - INFO - Fase 1 — Tentativa 3: Main + 2ª GPU (cascata: GPU2=30%, GPU0=10%, GPU1=10%)
2026-06-09 19:15:03,602 - INFO - Fase 1 — Tentativa 3: Main + 2ª GPU (cascata: GPU2=20%, GPU0=10%, GPU1=10%)
2026-06-09 19:15:03,697 - INFO - Fase 1 — Tentativa 3: Main + 2ª GPU (cascata: GPU2=20%, GPU0=10%, GPU1=10%)
2026-06-09 19:15:03,850 - INFO - Fase 1 — Tentativa 3: Main + 2ª GPU (cascata: GPU2=10%, GPU0=10%, GPU1=10%)
2026-06-09 19:15:03,900 - INFO - Fase 1 — Tentativa 3: Main + 2ª GPU (cascata: GPU2=10%, GPU0=10%, GPU1=10%)
2026-06-09 19:15:04,048 - INFO - === Fase 1 INICIO (GPUs primeiro, CPU permitido neste passo) ===
2026-06-09 19:15:04,078 - INFO - === Fase 1 INICIO (GPUs primeiro, CPU permitido neste passo) ===
2026-06-09 19:15:04,108 - INFO - Fase 1 — Tentativa 1: Main GPU2 100%
2026-06-09 19:15:04,161 - INFO - Fase 1 — Tentativa 1: Main GPU2 100%
2026-06-09 19:15:04,287 - INFO - PROBE #1 START (gpus=1): weight_map={0: 100%} synced={0: 100%} cpu=10->0 [gpu[0]=100.0%, cpu[-1]=0.0%]
2026-06-09 19:15:04,295 - INFO - PROBE #1 START (gpus=1): weight_map={0: 100%} synced={0: 100%} cpu=10->0 [gpu[0]=100.0%, cpu[-1]=0.0%]
2026-06-09 19:15:04,311 - INFO - PROBE #1 RESULT: ready | synced={0: 100%} cpu=0
2026-06-09 19:15:04,353 - INFO - PROBE #1 RESULT: ready | synced={0: 100%} cpu=0
2026-06-09 19:15:04,423 - WARNING - _wait_for_outcome: OOM-on-exit after 0.0s (log=/tmp/server.log) | preview=['ggml CUDA error: out of memory']
2026-06-09 19:15:04,450 - WARNING - _wait_for_outcome: CRASHED after 0.0s (log=/tmp/server.log) | preview=["error: unknown model architecture 'qwen3-next'"]
2026-06-09 19:15:04,490 - INFO - PROBE #1 START (gpus=1): weight_map={0: 100%} synced={0: 100%} cpu=0->0 [gpu[0]=100.0%]
2026-06-09 19:15:04,559 - INFO - PROBE #1 START (gpus=1): weight_map={0: 100%} synced={0: 100%} cpu=0->0 [gpu[0]=100.0%]
2026-06-09 19:15:04,581 - WARNING - PROBE #1 RESULT: crashed | synced={0: 100%} cpu=0
2026-06-09 19:15:04,635 - WARNING - PROBE #1 RESULT: crashed | synced={0: 100%} cpu=0
2026-06-09 19:15:04,745 - WARNING - PROBE #1 RESULT: crashed | synced={0: 100%} cpu=0
2026-06-09 19:15:04,763 - WARNING - PROBE #1 RESULT: crashed | synced={0: 100%} cpu=0
2026-06-09 19:15:04,900 - WARNING - PROBE #1 RESULT: crashed | synced={0: 100%} cpu=0
2026-06-09 19:15:04,936 - WARNING - PROBE #1 RESULT: crashed | synced={0: 100%} cpu=0
2026-06-09 19:15:05,082 - INFO - PROBE #1 START (gpus=1): weight_map={0: 100%} synced={0: 100%} cpu=0->0 [gpu[0]=100.0%]
2026-06-09 19:15:05,110 - INFO - PROBE #1 START (gpus=1): weight_map={0: 100%} synced={0: 100%} cpu=0->0 [gpu[0]=100.0%]
2026-06-09 19:15:05,141 - WARNING - PROBE #1 RESULT: crashed | synced={0: 100%} cpu=0
2026-06-09 19:15:05,178 - WARNING - PROBE #1 RESULT: crashed | synced={0: 100%} cpu=0
2026-06-09 19:15:05,283 - INFO - PROBE #1 RESULT: ready | synced={0: 100%} cpu=0
2026-06-09 19:15:05,291 - INFO - PROBE #1 RESULT: ready | synced={0: 100%} cpu=0
2026-06-09 19:15:05,332 - INFO - PROBE #1 START (gpus=1): weight_map={0: 100%} synced={0: 100%} cpu=0->0 [gpu[0]=100.0%]
2026-06-09 19:15:05,420 - INFO - PROBE #1 START (gpus=1): weight_map={0: 100%} synced={0: 100%} cpu=0->0 [gpu[0]=100.0%]
2026-06-09 19:15:05,459 - WARNING - PROBE #1 RESULT: crashed | synced={0: 100%} cpu=0
2026-06-09 19:15:05,507 - WARNING - PROBE #1 RESULT: crashed | synced={0: 100%} cpu=0
2026-06-09 19:15:05,545 - INFO - estimate_model_vram_mb [DISK] model=/models/Qwen3-Coder-Next.gguf disk_mb=20000 runtime_overhead_mb=1000 weights_mb=21000 kv_cache_mb=409 total_mb=21409
2026-06-09 19:15:05,598 - INFO - estimate_model_vram_mb [DISK] model=/models/Qwen3-Coder-Next.gguf disk_mb=20000 runtime_overhead_mb=1000 weights_mb=21000 kv_cache_mb=409 total_mb=21409
2026-06-09 19:15:05,620 - INFO - estimate_model_vram_mb [DISK] model=/models/Qwen3-Coder-Next.gguf disk_mb=20000 runtime_overhead_mb=1000 weights_mb=21000 kv_cache_mb=409 total_mb=21409
2026-06-09 19:15:05,649 - INFO - estimate_model_vram_mb [DISK] model=/models/Qwen3-Coder-Next.gguf disk_mb=20000 runtime_overhead_mb=1000 weights_mb=21000 kv_cache_mb=409 total_mb=21409
2026-06-09 19:15:05,673 - INFO - === Auto-balance EMPIRICAL START ===
  model=Qwen3-Coder-Next.gguf path=/models/Qwen3-Coder-Next.gguf
  context_size=4096 parallel_slots=1
  weights_mb=21000 (20.51 GB)  kv_cache_mb=409  total_mb=21409 (20.91 GB)
  active_gpus=3 | total_vram=57344 MB (56.00 GB)
  gpu_vram={0: 16384, 1: 16384, 2: 24576}
  gpu_names={0: Tesla P100-PCIE-16GB, 1: Tesla P100-PCIE-16GB, 2: NVIDIA GeForce RTX 3090}
  main_index=2
  spill_order=[2, 0, 1]
  cpu_enabled=True
  pins_count=0
2026-06-09 19:15:05,703 - INFO - === Auto-balance EMPIRICAL START ===
  model=Qwen3-Coder-Next.gguf path=/models/Qwen3-Coder-Next.gguf
  context_size=4096 parallel_slots=1
  weights_mb=21000 (20.51 GB)  kv_cache_mb=409  total_mb=21409 (20.91 GB)
  active_gpus=3 | total_vram=57344 MB (56.00 GB)
  gpu_vram={0: 16384, 1: 16384, 2: 24576}
  gpu_names={0: Tesla P100-PCIE-16GB, 1: Tesla P100-PCIE-16GB, 2: NVIDIA GeForce RTX 3090}
  main_index=2
  spill_order=[2, 0, 1]
  cpu_enabled=True
  pins_count=0
2026-06-09 19:15:05,725 - INFO - === Fase 1 INICIO (GPUs primeiro) ===
2026-06-09 19:15:05,754 - INFO - === Fase 1 INICIO (GPUs primeiro) ===
2026-06-09 19:15:05,776 - INFO - Fase 1 — Tentativa 1: Main GPU2 100%
2026-06-09 19:15:05,812 - INFO - Fase 1 — Tentativa 1: Main GPU2 100%
2026-06-09 19:15:05,838 - ERROR - === SERVER CRASH FAILURE (não-OOM) ===
  model=Qwen3-Coder-Next.gguf path=/models/Qwen3-Coder-Next.gguf
  elapsed=1.0s crashed_split={2: 100} cpu=0%
  server_log=/tmp/server.log
  log_tail=['unknown architecture']
  message=O servidor encerrou inesperadamente (~1.0s) ao carregar "Qwen3-Coder-Next.gguf", sem indício de falta de memória (OOM). Isso indica incompatibilidade do modelo/binário llama.cpp ou um parâmetro de inicialização inválido — não falta de VRAM. O auto-balance foi interrompido.
2026-06-09 19:15:05,871 - ERROR - === SERVER CRASH FAILURE (não-OOM) ===
  model=Qwen3-Coder-Next.gguf path=/models/Qwen3-Coder-Next.gguf
  elapsed=1.0s crashed_split={2: 100} cpu=0%
  server_log=/tmp/server.log
  log_tail=['unknown architecture']
  message=O servidor encerrou inesperadamente (~1.0s) ao carregar "Qwen3-Coder-Next.gguf", sem indício de falta de memória (OOM). Isso indica incompatibilidade do modelo/binário llama.cpp ou um parâmetro de inicialização inválido — não falta de VRAM. O auto-balance foi interrompido.
2026-06-09 19:15:05,919 - INFO - === Fase 1c — busca GPU-only (maximizar principal) ===
  principal=GPU2 faixa=[43%, 50%] resto por VRAM em [0, 1]
2026-06-09 19:15:05,947 - INFO - === Fase 1c — busca GPU-only (maximizar principal) ===
  principal=GPU2 faixa=[43%, 50%] resto por VRAM em [0, 1]
2026-06-09 19:15:06,264 - INFO - Auto-balance: split GPU-only viável (principal maximizado): GPU2=45%, GPU0=28%, GPU1=27%
2026-06-09 19:15:06,276 - INFO - === Fase 1c — busca GPU-only (maximizar principal) ===
  principal=GPU2 faixa=[43%, 50%] resto por VRAM em [0, 1]
2026-06-09 19:15:06,304 - INFO - === Fase 1c — busca GPU-only (maximizar principal) ===
  principal=GPU2 faixa=[43%, 50%] resto por VRAM em [0, 1]
2026-06-09 19:15:06,785 - INFO - Fase 2: input weight_map={2: 80%, 0: 10%, 1: 10%} main_index=2
2026-06-09 19:15:06,793 - INFO - Fase 2: input weight_map={2: 80%, 0: 10%, 1: 10%} main_index=2
2026-06-09 19:15:06,821 - INFO - Auto-balance GPU 2: weight=80% vram=0.0%
2026-06-09 19:15:06,838 - INFO - Auto-balance GPU 0: weight=10% vram=0.0%
2026-06-09 19:15:06,873 - INFO - Auto-balance GPU 1: weight=10% vram=0.0%
2026-06-09 19:15:06,901 - INFO - TRIM: GPU1 removida — 10% redistribuido para GPU2 | GPU2=90%, GPU0=10%
2026-06-09 19:15:06,929 - INFO - TRIM: GPU1 removida — 10% redistribuido para GPU2 | GPU2=90%, GPU0=10%
2026-06-09 19:15:06,950 - WARNING - TRIM: GPU0 mantida (10%) — probe=oom
2026-06-09 19:15:07,012 - WARNING - TRIM: GPU0 mantida (10%) — probe=oom
2026-06-09 19:15:07,046 - WARNING - TRIM: GPU1 mantida (10%) — probe=oom
2026-06-09 19:15:07,075 - WARNING - TRIM: GPU1 mantida (10%) — probe=oom
2026-06-09 19:15:07,102 - WARNING - TRIM: GPU0 mantida (10%) — probe=oom
2026-06-09 19:15:07,144 - WARNING - TRIM: GPU0 mantida (10%) — probe=oom
2026-06-09 19:15:07,251 - INFO - === Auto-balance EMPIRICAL START ===
  model=test.gguf path=/models/test.gguf
  context_size=4096 parallel_slots=1
  weights_mb=30000 (29.30 GB)  kv_cache_mb=0  total_mb=30000 (29.30 GB)
  active_gpus=3 | total_vram=57344 MB (56.00 GB)
  gpu_vram={0: 16384, 1: 16384, 2: 24576}
  gpu_names={0: Tesla P100-PCIE-16GB, 1: Tesla P100-PCIE-16GB, 2: NVIDIA GeForce RTX 3090}
  main_index=2
  spill_order=[2, 0, 1]
  cpu_enabled=True
  pins_count=0
2026-06-09 19:15:07,263 - INFO - === Auto-balance EMPIRICAL START ===
  model=test.gguf path=/models/test.gguf
  context_size=4096 parallel_slots=1
  weights_mb=30000 (29.30 GB)  kv_cache_mb=0  total_mb=30000 (29.30 GB)
  active_gpus=3 | total_vram=57344 MB (56.00 GB)
  gpu_vram={0: 16384, 1: 16384, 2: 24576}
  gpu_names={0: Tesla P100-PCIE-16GB, 1: Tesla P100-PCIE-16GB, 2: NVIDIA GeForce RTX 3090}
  main_index=2
  spill_order=[2, 0, 1]
  cpu_enabled=True
  pins_count=0
2026-06-09 19:15:07,294 - INFO - === Fase 1 INICIO (GPUs primeiro) ===
2026-06-09 19:15:07,344 - INFO - === Fase 1 INICIO (GPUs primeiro) ===
2026-06-09 19:15:07,377 - INFO - Fase 1 — Tentativa 1: Main GPU2 100%
2026-06-09 19:15:07,421 - INFO - Fase 1 — Tentativa 1: Main GPU2 100%
2026-06-09 19:15:07,534 - INFO - Fase 1 — Tentativa 2: Main + 1ª GPU (cascata: GPU2=81%, GPU0=19%)
2026-06-09 19:15:07,580 - INFO - Fase 1 — Tentativa 2: Main + 1ª GPU (cascata: GPU2=81%, GPU0=19%)
2026-06-09 19:15:07,718 - INFO - === Auto-balance: Fase 1 viavel ===
  weight_label=GPU2=81%, GPU0=19%
  weight_map={2: 81%, 0: 19%}
  cpu_weight=0
2026-06-09 19:15:07,733 - INFO - === Auto-balance: Fase 1 viavel ===
  weight_label=GPU2=81%, GPU0=19%
  weight_map={2: 81%, 0: 19%}
  cpu_weight=0
2026-06-09 19:15:07,759 - WARNING - TRIM: GPU0 mantida (19%) — probe=oom
2026-06-09 19:15:07,808 - WARNING - TRIM: GPU0 mantida (19%) — probe=oom
2026-06-09 19:15:07,827 - INFO - === Fase 2 PREPARANDO ===
  trimmed={2: 81%, 0: 19%} main_index=2 cpu_enabled=True
2026-06-09 19:15:07,865 - INFO - === Fase 2 PREPARANDO ===
  trimmed={2: 81%, 0: 19%} main_index=2 cpu_enabled=True
2026-06-09 19:15:07,886 - INFO - === Fase 2 INICIO (maximizar VRAM, GPU-only) ===
2026-06-09 19:15:07,918 - INFO - === Fase 2 INICIO (maximizar VRAM, GPU-only) ===
2026-06-09 19:15:07,951 - INFO - Fase 2: input weight_map={2: 81%, 0: 19%} main_index=2
2026-06-09 19:15:07,981 - INFO - Fase 2: input weight_map={2: 81%, 0: 19%} main_index=2
2026-06-09 19:15:08,001 - INFO - Auto-balance GPU 2: weight=81% vram=96.0%
2026-06-09 19:15:08,018 - INFO - Auto-balance GPU 0: weight=19% vram=19.0%
2026-06-09 19:15:08,048 - INFO - === Fase 2 CONCLUIDA ===
  weight_map={2: 81%, 0: 19%}
  cpu_weight=0
2026-06-09 19:15:08,076 - INFO - === Fase 2 CONCLUIDA ===
  weight_map={2: 81%, 0: 19%}
  cpu_weight=0
2026-06-09 19:15:08,095 - INFO - === Fase 3 INICIO (fine-tuning 1%, GPU-only) ===
  main_gpu=2 current_weight=81% max_possible=100%
  secondary_total=19% CPU=desabilitado
2026-06-09 19:15:08,127 - INFO - === Fase 3 INICIO (fine-tuning 1%, GPU-only) ===
  main_gpu=2 current_weight=81% max_possible=100%
  secondary_total=19% CPU=desabilitado
2026-06-09 19:15:08,257 - WARNING - Fase 3: sem incremento possivel — main GPU2 ja em 81%
2026-06-09 19:15:08,277 - WARNING - Fase 3: sem incremento possivel — main GPU2 ja em 81%
2026-06-09 19:15:08,305 - INFO - _vram_summary: weight_map={2: 81%, 0: 19%} -> summary=GPU2 VRAM 97%; GPU0 VRAM 18%
2026-06-09 19:15:08,331 - INFO - === Auto-balance: peso final ===
  weight_label=GPU2=81%, GPU0=19%
  weight_map={2: 81%, 0: 19%}
  cpu_weight=0
2026-06-09 19:15:08,374 - INFO - === Auto-balance: peso final ===
  weight_label=GPU2=81%, GPU0=19%
  weight_map={2: 81%, 0: 19%}
  cpu_weight=0
2026-06-09 19:15:08,397 - INFO - === HARDWARE SNAPSHOT BEFORE FINAL ===
  gpus=[GPU0: used=2949MB total=16384MB util=0%; GPU1: used=0MB total=16384MB util=0%; GPU2: used=23839MB total=24576MB util=0%]
2026-06-09 19:15:08,435 - INFO - === HARDWARE SNAPSHOT BEFORE FINAL ===
  gpus=[GPU0: used=2949MB total=16384MB util=0%; GPU1: used=0MB total=16384MB util=0%; GPU2: used=23839MB total=24576MB util=0%]
2026-06-09 19:15:08,459 - INFO - === Auto-balance SUCCESS ===
  message=Balance otimizado (GPU2=81%, GPU0=19%). GPU2 VRAM 97%; GPU0 VRAM 18%
  gpu_weights_exported=4 entries
2026-06-09 19:15:08,490 - INFO - === Auto-balance SUCCESS ===
  message=Balance otimizado (GPU2=81%, GPU0=19%). GPU2 VRAM 97%; GPU0 VRAM 18%
  gpu_weights_exported=4 entries
2026-06-09 19:15:08,688 - INFO - Session expired due to inactivity
2026-06-09 19:15:08,974 - INFO - START: /usr/bin/llama-server -m /fake/model.gguf -ngl 999 --flash-attn on --host 0.0.0.0 --port 8085 --tools all --parallel 1 --ctx-size 8192 --batch-size 2048 --mlock --main-gpu 0 --split-mode layer --tensor-split 1.0000 --api-key sk-test --mmproj-auto --jinja --reasoning on --chat-template-kwargs {"enable_thinking":true} (CUDA_VISIBLE_DEVICES=0, ctx_per_slot=8192, server_ctx=8192, batch_size=2048, thinking_enabled=True, mtp_enabled=False, mtp_draft_tokens=3, mtp_applied=False, gpu_pct=100.0, cpu_pct=0, n_gpu_layers=999, n_cpu_layers=0)
2026-06-09 19:15:08,994 - INFO - START: /usr/bin/llama-server -m /fake/model.gguf -ngl 999 --flash-attn on --host 0.0.0.0 --port 8085 --tools all --parallel 1 --ctx-size 8192 --batch-size 2048 --mlock --main-gpu 0 --split-mode layer --tensor-split 0.5000,0.5000 --api-key sk-test --mmproj-auto --jinja --reasoning on --chat-template-kwargs {"enable_thinking":true} (CUDA_VISIBLE_DEVICES=0,1, ctx_per_slot=8192, server_ctx=8192, batch_size=2048, thinking_enabled=True, mtp_enabled=False, mtp_draft_tokens=3, mtp_applied=False, gpu_pct=100.0, cpu_pct=0, n_gpu_layers=999, n_cpu_layers=0)
2026-06-09 19:15:09,023 - INFO - START: /usr/bin/llama-server -m /fake/model.gguf -ngl 999 --flash-attn on --host 0.0.0.0 --port 8085 --tools all --parallel 1 --ctx-size 8192 --batch-size 2048 --mlock --main-gpu 0 --split-mode layer --tensor-split 1.0000 --api-key sk-test --mmproj-auto --jinja --reasoning on --chat-template-kwargs {"enable_thinking":true} (CUDA_VISIBLE_DEVICES=0, ctx_per_slot=8192, server_ctx=8192, batch_size=2048, thinking_enabled=True, mtp_enabled=False, mtp_draft_tokens=3, mtp_applied=False, gpu_pct=100.0, cpu_pct=0, n_gpu_layers=999, n_cpu_layers=0)
2026-06-09 19:15:09,068 - INFO - START: /usr/bin/llama-server -m /fake/model.gguf -ngl 22 --flash-attn on --host 0.0.0.0 --port 8085 --tools all --parallel 1 --ctx-size 8192 --batch-size 2048 --mlock --main-gpu 0 --split-mode layer --tensor-split 1.0000 --api-key sk-test --mmproj-auto --jinja --reasoning on --chat-template-kwargs {"enable_thinking":true} (CUDA_VISIBLE_DEVICES=0, ctx_per_slot=8192, server_ctx=8192, batch_size=2048, thinking_enabled=True, mtp_enabled=False, mtp_draft_tokens=3, mtp_applied=False, gpu_pct=70.0, cpu_pct=30.0, n_gpu_layers=22, n_cpu_layers=10)
2026-06-09 19:15:09,106 - ERROR - GPU metrics error: not enough values to unpack (expected 2, got 0)
2026-06-09 19:15:09,228 - INFO - START: /usr/bin/llama-server -m /fake/model.gguf -ngl 999 --flash-attn on --host 0.0.0.0 --port 8085 --tools all --parallel 1 --ctx-size 8192 --batch-size 2048 --mlock --main-gpu 0 --split-mode layer --tensor-split 1.0000 --api-key sk-test --mmproj-auto --jinja --reasoning on --chat-template-kwargs {"enable_thinking":true} (CUDA_VISIBLE_DEVICES=0, ctx_per_slot=8192, server_ctx=8192, batch_size=2048, thinking_enabled=True, mtp_enabled=False, mtp_draft_tokens=3, mtp_applied=False, gpu_pct=70.0, cpu_pct=0.0, n_gpu_layers=999, n_cpu_layers=0)
2026-06-09 19:15:09,296 - INFO - START: /usr/bin/llama-server -m /fake/model.gguf -ngl 22 --flash-attn on --host 0.0.0.0 --port 8085 --tools all --parallel 1 --ctx-size 8192 --batch-size 2048 --mlock --main-gpu 0 --split-mode layer --tensor-split 1.0000 --api-key sk-test --mmproj-auto --jinja --reasoning on --chat-template-kwargs {"enable_thinking":true} (CUDA_VISIBLE_DEVICES=0, ctx_per_slot=8192, server_ctx=8192, batch_size=2048, thinking_enabled=True, mtp_enabled=False, mtp_draft_tokens=3, mtp_applied=False, gpu_pct=70.0, cpu_pct=30.0, n_gpu_layers=22, n_cpu_layers=10)
2026-06-09 19:15:09,332 - ERROR - GPU metrics error: not enough values to unpack (expected 2, got 0)
2026-06-09 19:15:09,457 - INFO - START: /usr/bin/llama-server -m /fake/model.gguf -ngl 999 --flash-attn on --host 0.0.0.0 --port 8085 --tools all --parallel 1 --ctx-size 8192 --batch-size 2048 --mlock --main-gpu 0 --split-mode layer --tensor-split 1.0000 --api-key sk-test --mmproj-auto --jinja --reasoning on --chat-template-kwargs {"enable_thinking":true} (CUDA_VISIBLE_DEVICES=0, ctx_per_slot=8192, server_ctx=8192, batch_size=2048, thinking_enabled=True, mtp_enabled=False, mtp_draft_tokens=3, mtp_applied=False, gpu_pct=70.0, cpu_pct=0.0, n_gpu_layers=999, n_cpu_layers=0)
2026-06-09 19:15:09,514 - INFO - START: /usr/bin/llama-server -m /fake/model.gguf -ngl 70 --flash-attn on --host 0.0.0.0 --port 8085 --tools all --parallel 1 --ctx-size 8192 --batch-size 2048 --mlock --main-gpu 0 --split-mode layer --tensor-split 0.7143,0.2857 --api-key sk-test --mmproj-auto --jinja --reasoning on --chat-template-kwargs {"enable_thinking":true} (CUDA_VISIBLE_DEVICES=0,1, ctx_per_slot=8192, server_ctx=8192, batch_size=2048, thinking_enabled=True, mtp_enabled=False, mtp_draft_tokens=3, mtp_applied=False, gpu_pct=70.0, cpu_pct=30.0, n_gpu_layers=70, n_cpu_layers=30)
2026-06-09 19:15:09,544 - INFO - START: /usr/bin/llama-server -m /fake/model.gguf -ngl 999 --flash-attn on --host 0.0.0.0 --port 8085 --tools all --parallel 1 --ctx-size 8192 --batch-size 2048 --mlock --main-gpu 1 --split-mode layer --tensor-split 0.6000,0.4000 --api-key sk-test --mmproj-auto --jinja --reasoning on --chat-template-kwargs {"enable_thinking":true} (CUDA_VISIBLE_DEVICES=0,1, ctx_per_slot=8192, server_ctx=8192, batch_size=2048, thinking_enabled=True, mtp_enabled=False, mtp_draft_tokens=3, mtp_applied=False, gpu_pct=100.0, cpu_pct=0, n_gpu_layers=999, n_cpu_layers=0)
2026-06-09 19:15:09,572 - INFO - === Auto-balance EMPIRICAL START ===
  model=test.gguf path=/models/test.gguf
  context_size=4096 parallel_slots=1
  weights_mb=20000 (19.53 GB)  kv_cache_mb=0  total_mb=20000 (19.53 GB)
  active_gpus=2 | total_vram=40000 MB (39.06 GB)
  gpu_vram={0: 24000, 1: 16000}
  gpu_names={0: GPU0, 1: GPU1}
  main_index=0
  spill_order=[0, 1]
  cpu_enabled=True
  pins_count=0
2026-06-09 19:15:09,599 - INFO - === Auto-balance EMPIRICAL START ===
  model=test.gguf path=/models/test.gguf
  context_size=4096 parallel_slots=1
  weights_mb=20000 (19.53 GB)  kv_cache_mb=0  total_mb=20000 (19.53 GB)
  active_gpus=2 | total_vram=40000 MB (39.06 GB)
  gpu_vram={0: 24000, 1: 16000}
  gpu_names={0: GPU0, 1: GPU1}
  main_index=0
  spill_order=[0, 1]
  cpu_enabled=True
  pins_count=0
2026-06-09 19:15:09,635 - INFO - === Fase 1 INICIO (GPUs primeiro) ===
2026-06-09 19:15:09,669 - INFO - === Fase 1 INICIO (GPUs primeiro) ===
2026-06-09 19:15:09,691 - INFO - Fase 1 — Tentativa 1: Main GPU0 100%
2026-06-09 19:15:09,717 - INFO - Fase 1 — Tentativa 1: Main GPU0 100%
2026-06-09 19:15:09,831 - INFO - === Auto-balance: Fase 1 viavel ===
  weight_label=GPU0=100%
  weight_map={0: 100%}
  cpu_weight=0
2026-06-09 19:15:09,850 - INFO - === Auto-balance: Fase 1 viavel ===
  weight_label=GPU0=100%
  weight_map={0: 100%}
  cpu_weight=0
2026-06-09 19:15:09,867 - INFO - === Fase 2 PREPARANDO ===
  trimmed={0: 100%} main_index=0 cpu_enabled=True
2026-06-09 19:15:09,943 - INFO - === Fase 2 PREPARANDO ===
  trimmed={0: 100%} main_index=0 cpu_enabled=True
2026-06-09 19:15:09,964 - INFO - === Fase 2 INICIO (maximizar VRAM, GPU-only) ===
2026-06-09 19:15:09,991 - INFO - === Fase 2 INICIO (maximizar VRAM, GPU-only) ===
2026-06-09 19:15:10,012 - INFO - === Fase 2 CONCLUIDA ===
  weight_map={0: 100%}
  cpu_weight=0
2026-06-09 19:15:10,076 - INFO - === Fase 2 CONCLUIDA ===
  weight_map={0: 100%}
  cpu_weight=0
2026-06-09 19:15:10,097 - INFO - Fase 3: GPU0 já está em 100% — pulando fine-tuning
2026-06-09 19:15:10,123 - INFO - Fase 3: GPU0 já está em 100% — pulando fine-tuning
2026-06-09 19:15:10,152 - INFO - _vram_summary: weight_map={0: 100%} -> summary=GPU0 VRAM 0%
2026-06-09 19:15:10,169 - INFO - === Auto-balance: peso final ===
  weight_label=GPU0=100%
  weight_map={0: 100%}
  cpu_weight=0
2026-06-09 19:15:10,205 - INFO - === Auto-balance: peso final ===
  weight_label=GPU0=100%
  weight_map={0: 100%}
  cpu_weight=0
2026-06-09 19:15:10,223 - INFO - === HARDWARE SNAPSHOT BEFORE FINAL ===
  gpus=[]
2026-06-09 19:15:10,251 - INFO - === HARDWARE SNAPSHOT BEFORE FINAL ===
  gpus=[]
2026-06-09 19:15:10,268 - INFO - === Auto-balance SUCCESS ===
  message=Balance otimizado (GPU0=100%). GPU0 VRAM 0%
  gpu_weights_exported=3 entries
2026-06-09 19:15:10,324 - INFO - === Auto-balance SUCCESS ===
  message=Balance otimizado (GPU0=100%). GPU0 VRAM 0%
  gpu_weights_exported=3 entries
2026-06-09 19:15:10,364 - INFO - === Auto-balance EMPIRICAL START ===
  model=test.gguf path=/models/test.gguf
  context_size=4096 parallel_slots=1
  weights_mb=20000 (19.53 GB)  kv_cache_mb=0  total_mb=20000 (19.53 GB)
  active_gpus=1 | total_vram=24000 MB (23.44 GB)
  gpu_vram={0: 24000}
  gpu_names={0: GPU0}
  main_index=0
  spill_order=[0]
  cpu_enabled=True
  pins_count=1
2026-06-09 19:15:10,395 - INFO - === Auto-balance EMPIRICAL START ===
  model=test.gguf path=/models/test.gguf
  context_size=4096 parallel_slots=1
  weights_mb=20000 (19.53 GB)  kv_cache_mb=0  total_mb=20000 (19.53 GB)
  active_gpus=1 | total_vram=24000 MB (23.44 GB)
  gpu_vram={0: 24000}
  gpu_names={0: GPU0}
  main_index=0
  spill_order=[0]
  cpu_enabled=True
  pins_count=1
2026-06-09 19:15:10,414 - INFO - === Auto-balance: Fase 1 viavel ===
  weight_label=GPU0=100%
  weight_map={0: 100%}
  cpu_weight=0
2026-06-09 19:15:10,446 - INFO - === Auto-balance: Fase 1 viavel ===
  weight_label=GPU0=100%
  weight_map={0: 100%}
  cpu_weight=0
2026-06-09 19:15:10,463 - INFO - === Fase 2 PREPARANDO ===
  trimmed={0: 100%} main_index=0 cpu_enabled=True
2026-06-09 19:15:10,495 - INFO - === Fase 2 PREPARANDO ===
  trimmed={0: 100%} main_index=0 cpu_enabled=True
2026-06-09 19:15:10,514 - INFO - === Fase 2 INICIO (maximizar VRAM, GPU-only) ===
2026-06-09 19:15:10,571 - INFO - === Fase 2 INICIO (maximizar VRAM, GPU-only) ===
2026-06-09 19:15:10,597 - INFO - === Fase 2 CONCLUIDA ===
  weight_map={0: 100%}
  cpu_weight=0
2026-06-09 19:15:10,633 - INFO - === Fase 2 CONCLUIDA ===
  weight_map={0: 100%}
  cpu_weight=0
2026-06-09 19:15:10,652 - INFO - Fase 3: GPU0 já está em 100% — pulando fine-tuning
2026-06-09 19:15:10,693 - INFO - Fase 3: GPU0 já está em 100% — pulando fine-tuning
2026-06-09 19:15:10,715 - INFO - _vram_summary: weight_map={0: 100%} -> summary=GPU0 VRAM 0%
2026-06-09 19:15:10,730 - INFO - === Auto-balance: peso final ===
  weight_label=GPU0=100%
  weight_map={0: 100%}
  cpu_weight=0
2026-06-09 19:15:10,761 - INFO - === Auto-balance: peso final ===
  weight_label=GPU0=100%
  weight_map={0: 100%}
  cpu_weight=0
2026-06-09 19:15:10,783 - INFO - === HARDWARE SNAPSHOT BEFORE FINAL ===
  gpus=[]
2026-06-09 19:15:10,823 - INFO - === HARDWARE SNAPSHOT BEFORE FINAL ===
  gpus=[]
2026-06-09 19:15:10,843 - INFO - === Auto-balance SUCCESS ===
  message=Balance otimizado (GPU0=100%). GPU0 VRAM 0%
  gpu_weights_exported=2 entries
2026-06-09 19:15:10,873 - INFO - === Auto-balance SUCCESS ===
  message=Balance otimizado (GPU0=100%). GPU0 VRAM 0%
  gpu_weights_exported=2 entries
2026-06-09 19:15:10,900 - INFO - === Fase 1 INICIO (GPUs primeiro, CPU permitido neste passo) ===
2026-06-09 19:15:10,942 - INFO - === Fase 1 INICIO (GPUs primeiro, CPU permitido neste passo) ===
2026-06-09 19:15:10,967 - INFO - Fase 1 — Tentativa 1: Main GPU0 100%
2026-06-09 19:15:10,997 - INFO - Fase 1 — Tentativa 1: Main GPU0 100%
2026-06-09 19:15:11,251 - INFO - Fase 1 — Tentativa 2: Main + 1ª GPU (cascata: GPU0=90%, GPU1=10%)
2026-06-09 19:15:11,283 - INFO - Fase 1 — Tentativa 2: Main + 1ª GPU (cascata: GPU0=90%, GPU1=10%)
2026-06-09 19:15:11,408 - INFO - Fase 1 — Tentativa 2: Main + 1ª GPU (cascata: GPU0=80%, GPU1=10%)
2026-06-09 19:15:11,446 - INFO - Fase 1 — Tentativa 2: Main + 1ª GPU (cascata: GPU0=80%, GPU1=10%)
2026-06-09 19:15:11,583 - INFO - Fase 1 — Tentativa 2: Main + 1ª GPU (cascata: GPU0=70%, GPU1=10%)
2026-06-09 19:15:11,614 - INFO - Fase 1 — Tentativa 2: Main + 1ª GPU (cascata: GPU0=70%, GPU1=10%)
2026-06-09 19:15:11,766 - INFO - === Auto-balance EMPIRICAL START ===
  model=test.gguf path=/models/test.gguf
  context_size=4096 parallel_slots=1
  weights_mb=30000 (29.30 GB)  kv_cache_mb=0  total_mb=30000 (29.30 GB)
  active_gpus=2 | total_vram=40000 MB (39.06 GB)
  gpu_vram={0: 24000, 1: 16000}
  gpu_names={0: GPU0, 1: GPU1}
  main_index=0
  spill_order=[0, 1]
  cpu_enabled=True
  pins_count=0
2026-06-09 19:15:11,780 - INFO - === Auto-balance EMPIRICAL START ===
  model=test.gguf path=/models/test.gguf
  context_size=4096 parallel_slots=1
  weights_mb=30000 (29.30 GB)  kv_cache_mb=0  total_mb=30000 (29.30 GB)
  active_gpus=2 | total_vram=40000 MB (39.06 GB)
  gpu_vram={0: 24000, 1: 16000}
  gpu_names={0: GPU0, 1: GPU1}
  main_index=0
  spill_order=[0, 1]
  cpu_enabled=True
  pins_count=0
2026-06-09 19:15:11,821 - INFO - === Auto-balance: Fase 1 viavel ===
  weight_label=GPU0=100%
  weight_map={0: 100%}
  cpu_weight=0
2026-06-09 19:15:11,858 - INFO - === Auto-balance: Fase 1 viavel ===
  weight_label=GPU0=100%
  weight_map={0: 100%}
  cpu_weight=0
2026-06-09 19:15:11,882 - INFO - === Fase 2 PREPARANDO ===
  trimmed={0: 100%} main_index=0 cpu_enabled=True
2026-06-09 19:15:11,913 - INFO - === Fase 2 PREPARANDO ===
  trimmed={0: 100%} main_index=0 cpu_enabled=True
2026-06-09 19:15:11,933 - INFO - === Fase 2 INICIO (maximizar VRAM, GPU-only) ===
2026-06-09 19:15:11,964 - INFO - === Fase 2 INICIO (maximizar VRAM, GPU-only) ===
2026-06-09 19:15:11,985 - INFO - === Fase 2 CONCLUIDA ===
  weight_map={0: 100%}
  cpu_weight=0
2026-06-09 19:15:12,018 - INFO - === Fase 2 CONCLUIDA ===
  weight_map={0: 100%}
  cpu_weight=0
2026-06-09 19:15:12,036 - INFO - Fase 3: GPU0 já está em 100% — pulando fine-tuning
2026-06-09 19:15:12,068 - INFO - Fase 3: GPU0 já está em 100% — pulando fine-tuning
2026-06-09 19:15:12,089 - INFO - _vram_summary: weight_map={0: 100%} -> summary=GPU0 VRAM 0%
2026-06-09 19:15:12,106 - INFO - === Auto-balance: peso final ===
  weight_label=GPU0=100%
  weight_map={0: 100%}
  cpu_weight=0
2026-06-09 19:15:12,138 - INFO - === Auto-balance: peso final ===
  weight_label=GPU0=100%
  weight_map={0: 100%}
  cpu_weight=0
2026-06-09 19:15:12,158 - INFO - === HARDWARE SNAPSHOT BEFORE FINAL ===
  gpus=[]
2026-06-09 19:15:12,193 - INFO - === HARDWARE SNAPSHOT BEFORE FINAL ===
  gpus=[]
2026-06-09 19:15:12,211 - INFO - === Auto-balance SUCCESS ===
  message=Balance otimizado (GPU0=100%). GPU0 VRAM 0%
  gpu_weights_exported=3 entries
2026-06-09 19:15:12,244 - INFO - === Auto-balance SUCCESS ===
  message=Balance otimizado (GPU0=100%). GPU0 VRAM 0%
  gpu_weights_exported=3 entries
2026-06-09 19:15:12,276 - INFO - === Auto-balance EMPIRICAL START ===
  model=test.gguf path=/models/test.gguf
  context_size=4096 parallel_slots=1
  weights_mb=70000 (68.36 GB)  kv_cache_mb=0  total_mb=70000 (68.36 GB)
  active_gpus=2 | total_vram=40000 MB (39.06 GB)
  gpu_vram={0: 24000, 1: 16000}
  gpu_names={0: GPU0, 1: GPU1}
  main_index=0
  spill_order=[0, 1]
  cpu_enabled=True
  pins_count=0
2026-06-09 19:15:12,343 - INFO - === Auto-balance EMPIRICAL START ===
  model=test.gguf path=/models/test.gguf
  context_size=4096 parallel_slots=1
  weights_mb=70000 (68.36 GB)  kv_cache_mb=0  total_mb=70000 (68.36 GB)
  active_gpus=2 | total_vram=40000 MB (39.06 GB)
  gpu_vram={0: 24000, 1: 16000}
  gpu_names={0: GPU0, 1: GPU1}
  main_index=0
  spill_order=[0, 1]
  cpu_enabled=True
  pins_count=0
2026-06-09 19:15:12,366 - WARNING - Fase 1 — cascata GPU-only deu OOM; buscando split GPU-only maximizando o principal (resto balanceado por VRAM) antes do CPU
2026-06-09 19:15:12,407 - WARNING - Fase 1 — cascata GPU-only deu OOM; buscando split GPU-only maximizando o principal (resto balanceado por VRAM) antes do CPU
2026-06-09 19:15:12,424 - WARNING - Fase 1 — maximização GPU-only falhou; iniciando CPU offload (último recurso, +10% por tentativa)
2026-06-09 19:15:12,460 - WARNING - Fase 1 — maximização GPU-only falhou; iniciando CPU offload (último recurso, +10% por tentativa)
2026-06-09 19:15:12,478 - INFO - === Auto-balance: Fase 1 viavel ===
  weight_label=GPU0=50%, GPU1=20%, CPU=30%
  weight_map={0: 50%, 1: 20%}
  cpu_weight=30
2026-06-09 19:15:12,504 - INFO - === Auto-balance: Fase 1 viavel ===
  weight_label=GPU0=50%, GPU1=20%, CPU=30%
  weight_map={0: 50%, 1: 20%}
  cpu_weight=30
2026-06-09 19:15:12,522 - INFO - === Fase 2 PREPARANDO ===
  trimmed={0: 50%, 1: 20%} main_index=0 cpu_enabled=True
2026-06-09 19:15:12,547 - INFO - === Fase 2 PREPARANDO ===
  trimmed={0: 50%, 1: 20%} main_index=0 cpu_enabled=True
2026-06-09 19:15:12,562 - INFO - === Fase 2 INICIO (maximizar VRAM, GPU-only) ===
2026-06-09 19:15:12,586 - INFO - === Fase 2 INICIO (maximizar VRAM, GPU-only) ===
2026-06-09 19:15:12,603 - INFO - === Fase 2 CONCLUIDA ===
  weight_map={0: 50%, 1: 20%}
  cpu_weight=30
2026-06-09 19:15:12,627 - INFO - === Fase 2 CONCLUIDA ===
  weight_map={0: 50%, 1: 20%}
  cpu_weight=30
2026-06-09 19:15:12,644 - INFO - === Fase 3 INICIO (fine-tuning 1%, GPU-only) ===
  main_gpu=0 current_weight=50% max_possible=70%
  secondary_total=20% CPU=desabilitado
2026-06-09 19:15:12,672 - INFO - === Fase 3 INICIO (fine-tuning 1%, GPU-only) ===
  main_gpu=0 current_weight=50% max_possible=70%
  secondary_total=20% CPU=desabilitado
2026-06-09 19:15:12,690 - WARNING - Fase 3: sem incremento possivel — main GPU0 ja em 50%
2026-06-09 19:15:12,725 - WARNING - Fase 3: sem incremento possivel — main GPU0 ja em 50%
2026-06-09 19:15:12,763 - INFO - _vram_summary: weight_map={0: 50%, 1: 20%} -> summary=GPU0 VRAM 0%; GPU1 VRAM 0%
2026-06-09 19:15:12,780 - INFO - === Auto-balance: peso final ===
  weight_label=GPU0=50%, GPU1=20%, CPU=30%
  weight_map={0: 50%, 1: 20%}
  cpu_weight=30
2026-06-09 19:15:12,826 - INFO - === Auto-balance: peso final ===
  weight_label=GPU0=50%, GPU1=20%, CPU=30%
  weight_map={0: 50%, 1: 20%}
  cpu_weight=30
2026-06-09 19:15:12,857 - INFO - === HARDWARE SNAPSHOT BEFORE FINAL ===
  gpus=[]
2026-06-09 19:15:12,888 - INFO - === HARDWARE SNAPSHOT BEFORE FINAL ===
  gpus=[]
2026-06-09 19:15:12,907 - INFO - === Auto-balance SUCCESS ===
  message=Balance otimizado (GPU0=50%, GPU1=20%, CPU=30%). GPU0 VRAM 0%; GPU1 VRAM 0%
  gpu_weights_exported=3 entries
2026-06-09 19:15:12,949 - INFO - === Auto-balance SUCCESS ===
  message=Balance otimizado (GPU0=50%, GPU1=20%, CPU=30%). GPU0 VRAM 0%; GPU1 VRAM 0%
  gpu_weights_exported=3 entries
2026-06-09 19:15:12,997 - INFO - === Auto-balance EMPIRICAL START ===
  model=test.gguf path=/models/test.gguf
  context_size=4096 parallel_slots=1
  weights_mb=70000 (68.36 GB)  kv_cache_mb=0  total_mb=70000 (68.36 GB)
  active_gpus=2 | total_vram=40000 MB (39.06 GB)
  gpu_vram={0: 24000, 1: 16000}
  gpu_names={0: GPU0, 1: GPU1}
  main_index=0
  spill_order=[0, 1]
  cpu_enabled=False
  pins_count=0
2026-06-09 19:15:13,027 - INFO - === Auto-balance EMPIRICAL START ===
  model=test.gguf path=/models/test.gguf
  context_size=4096 parallel_slots=1
  weights_mb=70000 (68.36 GB)  kv_cache_mb=0  total_mb=70000 (68.36 GB)
  active_gpus=2 | total_vram=40000 MB (39.06 GB)
  gpu_vram={0: 24000, 1: 16000}
  gpu_names={0: GPU0, 1: GPU1}
  main_index=0
  spill_order=[0, 1]
  cpu_enabled=False
  pins_count=0
2026-06-09 19:15:13,043 - WARNING - Fase 1 — cascata GPU-only deu OOM; buscando split GPU-only maximizando o principal (resto balanceado por VRAM) antes do CPU
2026-06-09 19:15:13,072 - WARNING - Fase 1 — cascata GPU-only deu OOM; buscando split GPU-only maximizando o principal (resto balanceado por VRAM) antes do CPU
2026-06-09 19:15:13,088 - INFO - === HARDWARE CAPACITY FAILURE ===
  reason=no_feasible_split
  model=test.gguf path=/models/test.gguf
  estimated_model_mb=?
  total_vram_mb=40000 total_vram_gb=39.06
  active_gpus=[0, 1]
  gpu_details=[{'index': 0, 'name': 'GPU0', 'vram_mb': 24000}, {'index': 1, 'name': 'GPU1', 'vram_mb': 16000}]
  context_size=4096 parallel_slots=1
  message=Não foi possível carregar "test.gguf" em nenhuma divisão testada entre as GPUs selecionadas. O modelo excede a capacidade do hardware atual (~39.1 GB de VRAM em 2 GPU(s)) com contexto 4096 e 1 slot(s).
2026-06-09 19:15:13,118 - INFO - === HARDWARE CAPACITY FAILURE ===
  reason=no_feasible_split
  model=test.gguf path=/models/test.gguf
  estimated_model_mb=?
  total_vram_mb=40000 total_vram_gb=39.06
  active_gpus=[0, 1]
  gpu_details=[{'index': 0, 'name': 'GPU0', 'vram_mb': 24000}, {'index': 1, 'name': 'GPU1', 'vram_mb': 16000}]
  context_size=4096 parallel_slots=1
  message=Não foi possível carregar "test.gguf" em nenhuma divisão testada entre as GPUs selecionadas. O modelo excede a capacidade do hardware atual (~39.1 GB de VRAM em 2 GPU(s)) com contexto 4096 e 1 slot(s).
2026-06-09 19:15:13,194 - INFO - START: /usr/bin/llama-server -m /fake/model.gguf -ngl 22 --flash-attn on --host 0.0.0.0 --port 8085 --tools all --parallel 1 --ctx-size 8192 --batch-size 2048 --mlock --main-gpu 0 --split-mode layer --tensor-split 1.0 --api-key sk-test --mmproj-auto --jinja --reasoning on --chat-template-kwargs {"enable_thinking":true} (CUDA_VISIBLE_DEVICES=0, ctx_per_slot=8192, server_ctx=8192, batch_size=2048, thinking_enabled=True, mtp_enabled=False, mtp_draft_tokens=3, mtp_applied=False, gpu_pct=70.0, cpu_pct=30.0, n_gpu_layers=22, n_cpu_layers=10)
2026-06-09 19:15:13,222 - INFO - START: /usr/bin/llama-server -m /fake/model.gguf -ngl 6 --flash-attn on --host 0.0.0.0 --port 8085 --tools all --parallel 1 --ctx-size 8192 --batch-size 2048 --mlock --main-gpu 0 --split-mode layer --tensor-split 1.0 --api-key sk-test --mmproj-auto --jinja --reasoning on --chat-template-kwargs {"enable_thinking":true} (CUDA_VISIBLE_DEVICES=0, ctx_per_slot=8192, server_ctx=8192, batch_size=2048, thinking_enabled=True, mtp_enabled=False, mtp_draft_tokens=3, mtp_applied=False, gpu_pct=20.0, cpu_pct=80.0, n_gpu_layers=6, n_cpu_layers=26)
2026-06-09 19:15:13,263 - INFO - START: /usr/bin/llama-server -m /fake/model.gguf -ngl 999 --flash-attn on --host 0.0.0.0 --port 8085 --tools all --parallel 1 --ctx-size 8192 --batch-size 2048 --mlock --main-gpu 0 --split-mode layer --tensor-split 1.0 --api-key sk-test --mmproj-auto --jinja --reasoning on --chat-template-kwargs {"enable_thinking":true} (CUDA_VISIBLE_DEVICES=0, ctx_per_slot=8192, server_ctx=8192, batch_size=2048, thinking_enabled=True, mtp_enabled=False, mtp_draft_tokens=3, mtp_applied=False, gpu_pct=100.0, cpu_pct=0, n_gpu_layers=999, n_cpu_layers=0)
2026-06-09 19:15:13,296 - INFO - START: /usr/bin/llama-server -m /fake/model.gguf -ngl 22 --flash-attn on --host 0.0.0.0 --port 8085 --tools all --parallel 1 --ctx-size 8192 --batch-size 2048 --mlock --main-gpu 0 --split-mode layer --tensor-split 1.0 --api-key sk-test --mmproj-auto --jinja --reasoning on --chat-template-kwargs {"enable_thinking":true} (CUDA_VISIBLE_DEVICES=0, ctx_per_slot=8192, server_ctx=8192, batch_size=2048, thinking_enabled=True, mtp_enabled=False, mtp_draft_tokens=3, mtp_applied=False, gpu_pct=70.0, cpu_pct=30.0, n_gpu_layers=22, n_cpu_layers=10)
2026-06-09 19:15:13,758 - WARNING - llama-server nao encontrado automaticamente; configure LLAMA_SERVER_BIN ou paths.json (llama_server_bin)
2026-06-09 19:15:13,778 - ERROR - GPU detection error: Command 'nvidia-smi' returned non-zero exit status 1.
2026-06-09 19:15:13,821 - ERROR - GPU metrics error: Command 'nvidia-smi' returned non-zero exit status 1.
2026-06-09 19:15:13,835 - ERROR - System metrics error: ram metrics unavailable
2026-06-09 19:15:13,861 - ERROR - GPU metrics error: Command 'nvidia-smi' returned non-zero exit status 1.
2026-06-09 19:15:14,656 - ERROR - GPU metrics error: Command 'nvidia-smi' returned non-zero exit status 1.
2026-06-09 19:15:14,660 - ERROR - System metrics error: ram down
2026-06-09 19:15:14,699 - ERROR - GPU metrics error: Command 'nvidia-smi' returned non-zero exit status 1.
2026-06-09 19:15:14,827 - INFO - MTP requested but model has no MTP head, skipping flags
2026-06-09 19:15:14,951 - WARNING - llama-server nao encontrado automaticamente; configure LLAMA_SERVER_BIN ou paths.json (llama_server_bin)
2026-06-09 19:15:14,986 - WARNING - Could not detect MTP for /fake/model.gguf: boom
1969-12-31 21:16:40,000 - WARNING - OOM detected! Consecutive: 1
1969-12-31 21:16:45,000 - WARNING - OOM detected! Consecutive: 2
1969-12-31 21:16:40,000 - WARNING - OOM detected! Consecutive: 1
1969-12-31 21:17:11,000 - WARNING - OOM detected! Consecutive: 1
1969-12-31 21:16:40,000 - WARNING - OOM detected! Consecutive: 1
1969-12-31 21:16:45,000 - WARNING - OOM detected! Consecutive: 3
2026-06-09 19:15:15,349 - WARNING - Could not detect model layers for /fake/model.gguf: not found
2026-06-09 19:15:15,388 - INFO - START: /usr/bin/llama-server -m /fake/model.gguf -ngl 999 --flash-attn on --host 0.0.0.0 --port 8085 --tools all --parallel 1 --ctx-size 8192 --batch-size 2048 --mlock --main-gpu 0 --split-mode layer --tensor-split 1.0 --api-key test-token --mmproj-auto --jinja --reasoning on --chat-template-kwargs {"enable_thinking":true} (CUDA_VISIBLE_DEVICES=0, ctx_per_slot=8192, server_ctx=8192, batch_size=2048, thinking_enabled=True, mtp_enabled=False, mtp_draft_tokens=3, mtp_applied=False, gpu_pct=100.0, cpu_pct=0, n_gpu_layers=999, n_cpu_layers=0)
2026-06-09 19:15:15,423 - INFO - START: /usr/bin/llama-server -m /fake/model.gguf -ngl 22 --flash-attn on --host 0.0.0.0 --port 8085 --tools all --parallel 1 --ctx-size 8192 --batch-size 2048 --mlock --main-gpu 0 --split-mode layer --tensor-split 1.0 --api-key test-token --mmproj-auto --jinja --reasoning on --chat-template-kwargs {"enable_thinking":true} (CUDA_VISIBLE_DEVICES=0, ctx_per_slot=8192, server_ctx=8192, batch_size=2048, thinking_enabled=True, mtp_enabled=False, mtp_draft_tokens=3, mtp_applied=False, gpu_pct=70.0, cpu_pct=30.0, n_gpu_layers=22, n_cpu_layers=10)
2026-06-09 19:15:15,461 - INFO - START: /usr/bin/llama-server -m /fake/model.gguf -ngl 0 --flash-attn on --host 0.0.0.0 --port 8085 --tools all --parallel 1 --ctx-size 8192 --batch-size 2048 --mlock --main-gpu 0 --split-mode layer --tensor-split 1.0 --api-key test-token --mmproj-auto --jinja --reasoning on --chat-template-kwargs {"enable_thinking":true} (CUDA_VISIBLE_DEVICES=0, ctx_per_slot=8192, server_ctx=8192, batch_size=2048, thinking_enabled=True, mtp_enabled=False, mtp_draft_tokens=3, mtp_applied=False, gpu_pct=0, cpu_pct=0, n_gpu_layers=0, n_cpu_layers=32)
2026-06-09 19:15:15,492 - INFO - START: /usr/bin/llama-server -m /fake/model.gguf -ngl 999 --flash-attn on --host 0.0.0.0 --port 8085 --tools all --parallel 1 --ctx-size 8192 --batch-size 2048 --mlock --main-gpu 0 --split-mode layer --tensor-split 1.0 --api-key test-token --mmproj-auto --jinja --reasoning on --chat-template-kwargs {"enable_thinking":true} (CUDA_VISIBLE_DEVICES=0, ctx_per_slot=8192, server_ctx=8192, batch_size=2048, thinking_enabled=True, mtp_enabled=False, mtp_draft_tokens=3, mtp_applied=False, gpu_pct=100.0, cpu_pct=0, n_gpu_layers=999, n_cpu_layers=0)
2026-06-09 19:15:15,520 - INFO - START: /usr/bin/llama-server -m /fake/model.gguf -ngl 999 --flash-attn on --host 0.0.0.0 --port 8085 --tools all --parallel 1 --ctx-size 8192 --batch-size 2048 --mlock --main-gpu 0 --split-mode layer --tensor-split 1.0 --api-key test-token --mmproj-auto --jinja --reasoning on --chat-template-kwargs {"enable_thinking":true} (CUDA_VISIBLE_DEVICES=0, ctx_per_slot=8192, server_ctx=8192, batch_size=2048, thinking_enabled=True, mtp_enabled=False, mtp_draft_tokens=3, mtp_applied=False, gpu_pct=100.0, cpu_pct=0, n_gpu_layers=999, n_cpu_layers=0)
2026-06-09 19:15:15,550 - INFO - START: /usr/bin/llama-server -m /fake/model.gguf -ngl 56 --flash-attn on --host 0.0.0.0 --port 8085 --tools all --parallel 1 --ctx-size 8192 --batch-size 2048 --mlock --main-gpu 0 --split-mode layer --tensor-split 1.0 --api-key test-token --mmproj-auto --jinja --reasoning on --chat-template-kwargs {"enable_thinking":true} (CUDA_VISIBLE_DEVICES=0, ctx_per_slot=8192, server_ctx=8192, batch_size=2048, thinking_enabled=True, mtp_enabled=False, mtp_draft_tokens=3, mtp_applied=False, gpu_pct=70.0, cpu_pct=30.0, n_gpu_layers=56, n_cpu_layers=24)
2026-06-09 19:15:15,578 - INFO - START: /usr/bin/llama-server -m /fake/model.gguf -ngl 999 --flash-attn on --host 0.0.0.0 --port 8085 --tools all --parallel 1 --ctx-size 8192 --batch-size 2048 --mlock --main-gpu 0 --split-mode layer --tensor-split 1.0 --api-key test-token --mmproj-auto --jinja --reasoning on --chat-template-kwargs {"enable_thinking":true} (CUDA_VISIBLE_DEVICES=0, ctx_per_slot=8192, server_ctx=8192, batch_size=2048, thinking_enabled=True, mtp_enabled=False, mtp_draft_tokens=3, mtp_applied=False, gpu_pct=200.0, cpu_pct=0, n_gpu_layers=999, n_cpu_layers=0)
2026-06-09 19:15:15,605 - INFO - START: /usr/bin/llama-server -m /fake/model.gguf -ngl 999 --flash-attn on --host 0.0.0.0 --port 8085 --tools all --parallel 1 --ctx-size 8192 --batch-size 2048 --mlock --main-gpu 0 --split-mode layer --tensor-split 1.0 --api-key test-token --mmproj-auto --jinja --reasoning on --chat-template-kwargs {"enable_thinking":true} (CUDA_VISIBLE_DEVICES=0, ctx_per_slot=8192, server_ctx=8192, batch_size=2048, thinking_enabled=True, mtp_enabled=False, mtp_draft_tokens=3, mtp_applied=False, gpu_pct=100.0, cpu_pct=0, n_gpu_layers=999, n_cpu_layers=0)
2026-06-09 19:15:15,632 - INFO - START: /usr/bin/llama-server -m /fake/model.gguf -ngl 0 --flash-attn on --host 0.0.0.0 --port 8085 --tools all --parallel 1 --ctx-size 8192 --batch-size 2048 --mlock --main-gpu 0 --split-mode layer --tensor-split 1.0 --api-key test-token --mmproj-auto --jinja --reasoning on --chat-template-kwargs {"enable_thinking":true} (CUDA_VISIBLE_DEVICES=0, ctx_per_slot=8192, server_ctx=8192, batch_size=2048, thinking_enabled=True, mtp_enabled=False, mtp_draft_tokens=3, mtp_applied=False, gpu_pct=0, cpu_pct=0, n_gpu_layers=0, n_cpu_layers=32)
2026-06-09 19:15:16,171 - WARNING - Port 8085 still bound after 0.5s wait — start() may fail to bind
2026-06-09 19:15:16,185 - INFO - llama-server stopped
2026-06-09 19:15:16,332 - INFO - Verificacao de versao iniciada em /tmp/automanager-test
2026-06-09 19:15:16,348 - WARNING - Diretorio nao e um repositorio git: /tmp/automanager-test
2026-06-09 19:15:16,388 - INFO - Verificacao de versao iniciada em /tmp/automanager-test
2026-06-09 19:15:16,409 - INFO - Versao atualizada (branch=main, ref=aaa1111)
2026-06-09 19:15:16,456 - INFO - Verificacao de versao iniciada em /tmp/automanager-test
2026-06-09 19:15:16,474 - INFO - Atualizacao disponivel (branch=main, ahead=2, aaa1111 -> ddd4444)
2026-06-09 19:15:16,503 - INFO - Verificacao de versao iniciada em /tmp/automanager-test
2026-06-09 19:15:16,523 - WARNING - git fetch falhou (branch=main): fatal: could not read from remote
2026-06-09 19:15:16,575 - INFO - Verificacao de versao iniciada em /tmp/automanager-test
2026-06-09 19:15:16,597 - WARNING - git fetch expirou apos 30s (branch=main)
2026-06-09 19:15:16,630 - INFO - Verificacao de versao iniciada em /tmp/automanager-test
2026-06-09 19:15:16,649 - INFO - Versao atualizada (branch=feature/foo, ref=1111111)
2026-06-09 19:15:16,682 - INFO - Verificacao de versao iniciada em /tmp/automanager-test
2026-06-09 19:15:16,702 - INFO - Atualizacao disponivel (branch=main, ahead=12, local00 -> remote0)
2026-06-09 19:30:18,201 - INFO - estimate_model_vram_mb [DISK] model=C:\Users\s293\AppData\Local\Temp\pytest-of-s293\pytest-263\test_estimate_model_vram_uses_0\qwen-49b.gguf disk_mb=100 runtime_overhead_mb=256 weights_mb=356 kv_cache_mb=6553 total_mb=6909
2026-06-09 19:30:18,234 - INFO - estimate_model_vram_mb [DISK] model=C:\Users\s293\AppData\Local\Temp\pytest-of-s293\pytest-263\test_estimate_model_vram_uses_0\qwen-49b.gguf disk_mb=100 runtime_overhead_mb=256 weights_mb=356 kv_cache_mb=6553 total_mb=6909
2026-06-09 19:30:18,331 - INFO - === HARDWARE CAPACITY FAILURE ===
  reason=no_feasible_split
  model=huge-model.gguf path=/models/huge-model.gguf
  estimated_model_mb=?
  total_vram_mb=24576 total_vram_gb=24.00
  active_gpus=[0]
  gpu_details=[{'index': 0, 'name': 'RTX 3090', 'vram_mb': 24576}]
  context_size=32768 parallel_slots=2
  message=Não foi possível carregar "huge-model.gguf" em nenhuma divisão testada entre as GPUs selecionadas. O modelo excede a capacidade do hardware atual (~24.0 GB de VRAM em 1 GPU(s)) com contexto 32768 e 2 slot(s).
2026-06-09 19:30:18,453 - INFO - === HARDWARE CAPACITY FAILURE ===
  reason=no_feasible_split
  model=huge-model.gguf path=/models/huge-model.gguf
  estimated_model_mb=?
  total_vram_mb=24576 total_vram_gb=24.00
  active_gpus=[0]
  gpu_details=[{'index': 0, 'name': 'RTX 3090', 'vram_mb': 24576}]
  context_size=32768 parallel_slots=2
  message=Não foi possível carregar "huge-model.gguf" em nenhuma divisão testada entre as GPUs selecionadas. O modelo excede a capacidade do hardware atual (~24.0 GB de VRAM em 1 GPU(s)) com contexto 32768 e 2 slot(s).
2026-06-09 19:30:18,495 - WARNING - OOM detected! Consecutive: 1
2026-06-09 19:30:18,938 - INFO - === Fase 1 INICIO (GPUs primeiro, CPU permitido neste passo) ===
2026-06-09 19:30:19,023 - INFO - === Fase 1 INICIO (GPUs primeiro, CPU permitido neste passo) ===
2026-06-09 19:30:19,076 - INFO - Fase 1 — Tentativa 1: Main GPU2 100%
2026-06-09 19:30:19,160 - INFO - Fase 1 — Tentativa 1: Main GPU2 100%
2026-06-09 19:30:19,584 - INFO - Fase 1 — Tentativa 2: Main + 1ª GPU (cascata: GPU2=90%, GPU0=10%)
2026-06-09 19:30:19,631 - INFO - Fase 1 — Tentativa 2: Main + 1ª GPU (cascata: GPU2=90%, GPU0=10%)
2026-06-09 19:30:19,822 - INFO - Fase 1 — Tentativa 3: Main + 2ª GPU (cascata: GPU2=80%, GPU0=10%, GPU1=10%)
2026-06-09 19:30:19,920 - INFO - Fase 1 — Tentativa 3: Main + 2ª GPU (cascata: GPU2=80%, GPU0=10%, GPU1=10%)
2026-06-09 19:30:20,347 - INFO - Fase 1 — Tentativa 3: Main + 2ª GPU (cascata: GPU2=70%, GPU0=10%, GPU1=10%)
2026-06-09 19:30:20,400 - INFO - Fase 1 — Tentativa 3: Main + 2ª GPU (cascata: GPU2=70%, GPU0=10%, GPU1=10%)
2026-06-09 19:30:20,802 - INFO - Fase 1 — Tentativa 3: Main + 2ª GPU (cascata: GPU2=60%, GPU0=10%, GPU1=10%)
2026-06-09 19:30:20,831 - INFO - Fase 1 — Tentativa 3: Main + 2ª GPU (cascata: GPU2=60%, GPU0=10%, GPU1=10%)
2026-06-09 19:30:21,032 - INFO - Fase 1 — Tentativa 3: Main + 2ª GPU (cascata: GPU2=50%, GPU0=10%, GPU1=10%)
2026-06-09 19:30:21,119 - INFO - Fase 1 — Tentativa 3: Main + 2ª GPU (cascata: GPU2=50%, GPU0=10%, GPU1=10%)
2026-06-09 19:30:21,334 - INFO - Fase 1 — Tentativa 3: Main + 2ª GPU (cascata: GPU2=40%, GPU0=10%, GPU1=10%)
2026-06-09 19:30:21,384 - INFO - Fase 1 — Tentativa 3: Main + 2ª GPU (cascata: GPU2=40%, GPU0=10%, GPU1=10%)
2026-06-09 19:30:21,561 - INFO - Fase 1 — Tentativa 3: Main + 2ª GPU (cascata: GPU2=30%, GPU0=10%, GPU1=10%)
2026-06-09 19:30:21,662 - INFO - Fase 1 — Tentativa 3: Main + 2ª GPU (cascata: GPU2=30%, GPU0=10%, GPU1=10%)
2026-06-09 19:30:21,882 - INFO - Fase 1 — Tentativa 3: Main + 2ª GPU (cascata: GPU2=20%, GPU0=10%, GPU1=10%)
2026-06-09 19:30:21,922 - INFO - Fase 1 — Tentativa 3: Main + 2ª GPU (cascata: GPU2=20%, GPU0=10%, GPU1=10%)
2026-06-09 19:30:22,116 - INFO - Fase 1 — Tentativa 3: Main + 2ª GPU (cascata: GPU2=10%, GPU0=10%, GPU1=10%)
2026-06-09 19:30:22,189 - INFO - Fase 1 — Tentativa 3: Main + 2ª GPU (cascata: GPU2=10%, GPU0=10%, GPU1=10%)
2026-06-09 19:30:22,384 - INFO - === Fase 1 INICIO (GPUs primeiro, CPU permitido neste passo) ===
2026-06-09 19:30:22,434 - INFO - === Fase 1 INICIO (GPUs primeiro, CPU permitido neste passo) ===
2026-06-09 19:30:22,458 - INFO - Fase 1 — Tentativa 1: Main GPU2 100%
2026-06-09 19:30:22,516 - INFO - Fase 1 — Tentativa 1: Main GPU2 100%
2026-06-09 19:30:22,715 - INFO - PROBE #1 START (gpus=1): weight_map={0: 100%} synced={0: 100%} cpu=10->0 [gpu[0]=100.0%, cpu[-1]=0.0%]
2026-06-09 19:30:22,785 - INFO - PROBE #1 START (gpus=1): weight_map={0: 100%} synced={0: 100%} cpu=10->0 [gpu[0]=100.0%, cpu[-1]=0.0%]
2026-06-09 19:30:22,823 - INFO - PROBE #1 RESULT: ready | synced={0: 100%} cpu=0
2026-06-09 19:30:22,875 - INFO - PROBE #1 RESULT: ready | synced={0: 100%} cpu=0
2026-06-09 19:30:22,961 - WARNING - _wait_for_outcome: OOM-on-exit after 0.0s (log=/tmp/server.log) | preview=['ggml CUDA error: out of memory']
2026-06-09 19:30:22,994 - WARNING - _wait_for_outcome: CRASHED after 0.0s (log=/tmp/server.log) | preview=["error: unknown model architecture 'qwen3-next'"]
2026-06-09 19:30:23,029 - INFO - PROBE #1 START (gpus=1): weight_map={0: 100%} synced={0: 100%} cpu=0->0 [gpu[0]=100.0%]
2026-06-09 19:30:23,124 - INFO - PROBE #1 START (gpus=1): weight_map={0: 100%} synced={0: 100%} cpu=0->0 [gpu[0]=100.0%]
2026-06-09 19:30:23,166 - WARNING - PROBE #1 RESULT: crashed | synced={0: 100%} cpu=0
2026-06-09 19:30:23,237 - WARNING - PROBE #1 RESULT: crashed | synced={0: 100%} cpu=0
2026-06-09 19:30:23,522 - WARNING - PROBE #1 RESULT: crashed | synced={0: 100%} cpu=0
2026-06-09 19:30:23,587 - WARNING - PROBE #1 RESULT: crashed | synced={0: 100%} cpu=0
2026-06-09 19:30:23,827 - WARNING - PROBE #1 RESULT: crashed | synced={0: 100%} cpu=0
2026-06-09 19:30:23,856 - WARNING - PROBE #1 RESULT: crashed | synced={0: 100%} cpu=0
2026-06-09 19:30:24,079 - INFO - PROBE #1 START (gpus=1): weight_map={0: 100%} synced={0: 100%} cpu=0->0 [gpu[0]=100.0%]
2026-06-09 19:30:24,140 - INFO - PROBE #1 START (gpus=1): weight_map={0: 100%} synced={0: 100%} cpu=0->0 [gpu[0]=100.0%]
2026-06-09 19:30:24,180 - WARNING - PROBE #1 RESULT: crashed | synced={0: 100%} cpu=0
2026-06-09 19:30:24,223 - WARNING - PROBE #1 RESULT: crashed | synced={0: 100%} cpu=0
2026-06-09 19:30:24,488 - INFO - PROBE #1 RESULT: ready | synced={0: 100%} cpu=0
2026-06-09 19:30:24,527 - INFO - PROBE #1 RESULT: ready | synced={0: 100%} cpu=0
2026-06-09 19:30:24,583 - INFO - PROBE #1 START (gpus=1): weight_map={0: 100%} synced={0: 100%} cpu=0->0 [gpu[0]=100.0%]
2026-06-09 19:30:24,662 - INFO - PROBE #1 START (gpus=1): weight_map={0: 100%} synced={0: 100%} cpu=0->0 [gpu[0]=100.0%]
2026-06-09 19:30:24,693 - WARNING - PROBE #1 RESULT: crashed | synced={0: 100%} cpu=0
2026-06-09 19:30:24,730 - WARNING - PROBE #1 RESULT: crashed | synced={0: 100%} cpu=0
2026-06-09 19:30:24,791 - INFO - estimate_model_vram_mb [DISK] model=/models/Qwen3-Coder-Next.gguf disk_mb=20000 runtime_overhead_mb=1000 weights_mb=21000 kv_cache_mb=409 total_mb=21409
2026-06-09 19:30:24,861 - INFO - estimate_model_vram_mb [DISK] model=/models/Qwen3-Coder-Next.gguf disk_mb=20000 runtime_overhead_mb=1000 weights_mb=21000 kv_cache_mb=409 total_mb=21409
2026-06-09 19:30:24,886 - INFO - estimate_model_vram_mb [DISK] model=/models/Qwen3-Coder-Next.gguf disk_mb=20000 runtime_overhead_mb=1000 weights_mb=21000 kv_cache_mb=409 total_mb=21409
2026-06-09 19:30:24,957 - INFO - estimate_model_vram_mb [DISK] model=/models/Qwen3-Coder-Next.gguf disk_mb=20000 runtime_overhead_mb=1000 weights_mb=21000 kv_cache_mb=409 total_mb=21409
2026-06-09 19:30:25,013 - INFO - === Auto-balance EMPIRICAL START ===
  model=Qwen3-Coder-Next.gguf path=/models/Qwen3-Coder-Next.gguf
  context_size=4096 parallel_slots=1
  weights_mb=21000 (20.51 GB)  kv_cache_mb=409  total_mb=21409 (20.91 GB)
  active_gpus=3 | total_vram=57344 MB (56.00 GB)
  gpu_vram={0: 16384, 1: 16384, 2: 24576}
  gpu_names={0: Tesla P100-PCIE-16GB, 1: Tesla P100-PCIE-16GB, 2: NVIDIA GeForce RTX 3090}
  main_index=2
  spill_order=[2, 0, 1]
  cpu_enabled=True
  pins_count=0
2026-06-09 19:30:25,077 - INFO - === Auto-balance EMPIRICAL START ===
  model=Qwen3-Coder-Next.gguf path=/models/Qwen3-Coder-Next.gguf
  context_size=4096 parallel_slots=1
  weights_mb=21000 (20.51 GB)  kv_cache_mb=409  total_mb=21409 (20.91 GB)
  active_gpus=3 | total_vram=57344 MB (56.00 GB)
  gpu_vram={0: 16384, 1: 16384, 2: 24576}
  gpu_names={0: Tesla P100-PCIE-16GB, 1: Tesla P100-PCIE-16GB, 2: NVIDIA GeForce RTX 3090}
  main_index=2
  spill_order=[2, 0, 1]
  cpu_enabled=True
  pins_count=0
2026-06-09 19:30:25,114 - INFO - === Fase 1 INICIO (GPUs primeiro) ===
2026-06-09 19:30:25,193 - INFO - === Fase 1 INICIO (GPUs primeiro) ===
2026-06-09 19:30:25,229 - INFO - Fase 1 — Tentativa 1: Main GPU2 100%
2026-06-09 19:30:25,410 - INFO - Fase 1 — Tentativa 1: Main GPU2 100%
2026-06-09 19:30:25,463 - ERROR - === SERVER CRASH FAILURE (não-OOM) ===
  model=Qwen3-Coder-Next.gguf path=/models/Qwen3-Coder-Next.gguf
  elapsed=1.0s crashed_split={2: 100} cpu=0%
  server_log=/tmp/server.log
  log_tail=['unknown architecture']
  message=O servidor encerrou inesperadamente (~1.0s) ao carregar "Qwen3-Coder-Next.gguf", sem indício de falta de memória (OOM). Isso indica incompatibilidade do modelo/binário llama.cpp ou um parâmetro de inicialização inválido — não falta de VRAM. O auto-balance foi interrompido.
2026-06-09 19:30:25,541 - ERROR - === SERVER CRASH FAILURE (não-OOM) ===
  model=Qwen3-Coder-Next.gguf path=/models/Qwen3-Coder-Next.gguf
  elapsed=1.0s crashed_split={2: 100} cpu=0%
  server_log=/tmp/server.log
  log_tail=['unknown architecture']
  message=O servidor encerrou inesperadamente (~1.0s) ao carregar "Qwen3-Coder-Next.gguf", sem indício de falta de memória (OOM). Isso indica incompatibilidade do modelo/binário llama.cpp ou um parâmetro de inicialização inválido — não falta de VRAM. O auto-balance foi interrompido.
2026-06-09 19:30:25,590 - INFO - === Fase 1c — busca GPU-only (maximizar principal) ===
  principal=GPU2 faixa=[43%, 50%] resto por VRAM em [0, 1]
2026-06-09 19:30:25,649 - INFO - === Fase 1c — busca GPU-only (maximizar principal) ===
  principal=GPU2 faixa=[43%, 50%] resto por VRAM em [0, 1]
2026-06-09 19:30:26,081 - INFO - Auto-balance: split GPU-only viável (principal maximizado): GPU2=45%, GPU0=28%, GPU1=27%
2026-06-09 19:30:26,107 - INFO - === Fase 1c — busca GPU-only (maximizar principal) ===
  principal=GPU2 faixa=[43%, 50%] resto por VRAM em [0, 1]
2026-06-09 19:30:26,155 - INFO - === Fase 1c — busca GPU-only (maximizar principal) ===
  principal=GPU2 faixa=[43%, 50%] resto por VRAM em [0, 1]
2026-06-09 19:30:26,788 - INFO - Fase 2: input weight_map={2: 80%, 0: 10%, 1: 10%} main_index=2
2026-06-09 19:30:26,817 - INFO - Fase 2: input weight_map={2: 80%, 0: 10%, 1: 10%} main_index=2
2026-06-09 19:30:26,841 - INFO - Auto-balance GPU 2: weight=80% vram=0.0%
2026-06-09 19:30:26,862 - INFO - Auto-balance GPU 0: weight=10% vram=0.0%
2026-06-09 19:30:26,884 - INFO - Auto-balance GPU 1: weight=10% vram=0.0%
2026-06-09 19:30:26,937 - INFO - TRIM: GPU1 removida — 10% redistribuido para GPU2 | GPU2=90%, GPU0=10%
2026-06-09 19:30:27,004 - INFO - TRIM: GPU1 removida — 10% redistribuido para GPU2 | GPU2=90%, GPU0=10%
2026-06-09 19:30:27,026 - WARNING - TRIM: GPU0 mantida (10%) — probe=oom
2026-06-09 19:30:27,075 - WARNING - TRIM: GPU0 mantida (10%) — probe=oom
2026-06-09 19:30:27,117 - WARNING - TRIM: GPU1 mantida (10%) — probe=oom
2026-06-09 19:30:27,166 - WARNING - TRIM: GPU1 mantida (10%) — probe=oom
2026-06-09 19:30:27,191 - WARNING - TRIM: GPU0 mantida (10%) — probe=oom
2026-06-09 19:30:27,235 - WARNING - TRIM: GPU0 mantida (10%) — probe=oom
2026-06-09 19:30:27,381 - INFO - === Auto-balance EMPIRICAL START ===
  model=test.gguf path=/models/test.gguf
  context_size=4096 parallel_slots=1
  weights_mb=30000 (29.30 GB)  kv_cache_mb=0  total_mb=30000 (29.30 GB)
  active_gpus=3 | total_vram=57344 MB (56.00 GB)
  gpu_vram={0: 16384, 1: 16384, 2: 24576}
  gpu_names={0: Tesla P100-PCIE-16GB, 1: Tesla P100-PCIE-16GB, 2: NVIDIA GeForce RTX 3090}
  main_index=2
  spill_order=[2, 0, 1]
  cpu_enabled=True
  pins_count=0
2026-06-09 19:30:27,458 - INFO - === Auto-balance EMPIRICAL START ===
  model=test.gguf path=/models/test.gguf
  context_size=4096 parallel_slots=1
  weights_mb=30000 (29.30 GB)  kv_cache_mb=0  total_mb=30000 (29.30 GB)
  active_gpus=3 | total_vram=57344 MB (56.00 GB)
  gpu_vram={0: 16384, 1: 16384, 2: 24576}
  gpu_names={0: Tesla P100-PCIE-16GB, 1: Tesla P100-PCIE-16GB, 2: NVIDIA GeForce RTX 3090}
  main_index=2
  spill_order=[2, 0, 1]
  cpu_enabled=True
  pins_count=0
2026-06-09 19:30:27,493 - INFO - === Fase 1 INICIO (GPUs primeiro) ===
2026-06-09 19:30:27,556 - INFO - === Fase 1 INICIO (GPUs primeiro) ===
2026-06-09 19:30:27,580 - INFO - Fase 1 — Tentativa 1: Main GPU2 100%
2026-06-09 19:30:27,618 - INFO - Fase 1 — Tentativa 1: Main GPU2 100%
2026-06-09 19:30:27,820 - INFO - Fase 1 — Tentativa 2: Main + 1ª GPU (cascata: GPU2=81%, GPU0=19%)
2026-06-09 19:30:27,879 - INFO - Fase 1 — Tentativa 2: Main + 1ª GPU (cascata: GPU2=81%, GPU0=19%)
2026-06-09 19:30:28,115 - INFO - === Auto-balance: Fase 1 viavel ===
  weight_label=GPU2=81%, GPU0=19%
  weight_map={2: 81%, 0: 19%}
  cpu_weight=0
2026-06-09 19:30:28,154 - INFO - === Auto-balance: Fase 1 viavel ===
  weight_label=GPU2=81%, GPU0=19%
  weight_map={2: 81%, 0: 19%}
  cpu_weight=0
2026-06-09 19:30:28,186 - WARNING - TRIM: GPU0 mantida (19%) — probe=oom
2026-06-09 19:30:28,221 - WARNING - TRIM: GPU0 mantida (19%) — probe=oom
2026-06-09 19:30:28,252 - INFO - === Fase 2 PREPARANDO ===
  trimmed={2: 81%, 0: 19%} main_index=2 cpu_enabled=True
2026-06-09 19:30:28,296 - INFO - === Fase 2 PREPARANDO ===
  trimmed={2: 81%, 0: 19%} main_index=2 cpu_enabled=True
2026-06-09 19:30:28,318 - INFO - === Fase 2 INICIO (maximizar VRAM, GPU-only) ===
2026-06-09 19:30:28,358 - INFO - === Fase 2 INICIO (maximizar VRAM, GPU-only) ===
2026-06-09 19:30:28,388 - INFO - Fase 2: input weight_map={2: 81%, 0: 19%} main_index=2
2026-06-09 19:30:28,433 - INFO - Fase 2: input weight_map={2: 81%, 0: 19%} main_index=2
2026-06-09 19:30:28,459 - INFO - Auto-balance GPU 2: weight=81% vram=96.0%
2026-06-09 19:30:28,479 - INFO - Auto-balance GPU 0: weight=19% vram=19.0%
2026-06-09 19:30:28,518 - INFO - === Fase 2 CONCLUIDA ===
  weight_map={2: 81%, 0: 19%}
  cpu_weight=0
2026-06-09 19:30:28,559 - INFO - === Fase 2 CONCLUIDA ===
  weight_map={2: 81%, 0: 19%}
  cpu_weight=0
2026-06-09 19:30:28,612 - INFO - === Fase 3 INICIO (fine-tuning 1%, GPU-only) ===
  main_gpu=2 current_weight=81% max_possible=100%
  secondary_total=19% CPU=desabilitado
2026-06-09 19:30:28,653 - INFO - === Fase 3 INICIO (fine-tuning 1%, GPU-only) ===
  main_gpu=2 current_weight=81% max_possible=100%
  secondary_total=19% CPU=desabilitado
2026-06-09 19:30:28,839 - WARNING - Fase 3: sem incremento possivel — main GPU2 ja em 81%
2026-06-09 19:30:28,878 - WARNING - Fase 3: sem incremento possivel — main GPU2 ja em 81%
2026-06-09 19:30:28,920 - INFO - _vram_summary: weight_map={2: 81%, 0: 19%} -> summary=GPU2 VRAM 97%; GPU0 VRAM 18%
2026-06-09 19:30:28,953 - INFO - === Auto-balance: peso final ===
  weight_label=GPU2=81%, GPU0=19%
  weight_map={2: 81%, 0: 19%}
  cpu_weight=0
2026-06-09 19:30:29,018 - INFO - === Auto-balance: peso final ===
  weight_label=GPU2=81%, GPU0=19%
  weight_map={2: 81%, 0: 19%}
  cpu_weight=0
2026-06-09 19:30:29,045 - INFO - === HARDWARE SNAPSHOT BEFORE FINAL ===
  gpus=[GPU0: used=2949MB total=16384MB util=0%; GPU1: used=0MB total=16384MB util=0%; GPU2: used=23839MB total=24576MB util=0%]
2026-06-09 19:30:29,081 - INFO - === HARDWARE SNAPSHOT BEFORE FINAL ===
  gpus=[GPU0: used=2949MB total=16384MB util=0%; GPU1: used=0MB total=16384MB util=0%; GPU2: used=23839MB total=24576MB util=0%]
2026-06-09 19:30:29,120 - INFO - === Auto-balance SUCCESS ===
  message=Balance otimizado (GPU2=81%, GPU0=19%). GPU2 VRAM 97%; GPU0 VRAM 18%
  gpu_weights_exported=3 entries
2026-06-09 19:30:29,158 - INFO - === Auto-balance SUCCESS ===
  message=Balance otimizado (GPU2=81%, GPU0=19%). GPU2 VRAM 97%; GPU0 VRAM 18%
  gpu_weights_exported=3 entries
2026-06-09 19:30:29,561 - INFO - Session expired due to inactivity
2026-06-09 19:30:30,038 - INFO - START: /usr/bin/llama-server -m /fake/model.gguf -ngl 999 --flash-attn on --host 0.0.0.0 --port 8085 --tools all --parallel 1 --ctx-size 8192 --batch-size 2048 --mlock --main-gpu 0 --split-mode layer --tensor-split 1.0000 --api-key sk-test --mmproj-auto --jinja --reasoning on --chat-template-kwargs {"enable_thinking":true} (CUDA_VISIBLE_DEVICES=0, ctx_per_slot=8192, server_ctx=8192, batch_size=2048, thinking_enabled=True, mtp_enabled=False, mtp_draft_tokens=3, mtp_applied=False, gpu_pct=100.0, cpu_pct=0, n_gpu_layers=999, n_cpu_layers=0)
2026-06-09 19:30:30,079 - INFO - START: /usr/bin/llama-server -m /fake/model.gguf -ngl 999 --flash-attn on --host 0.0.0.0 --port 8085 --tools all --parallel 1 --ctx-size 8192 --batch-size 2048 --mlock --main-gpu 0 --split-mode layer --tensor-split 0.5000,0.5000 --api-key sk-test --mmproj-auto --jinja --reasoning on --chat-template-kwargs {"enable_thinking":true} (CUDA_VISIBLE_DEVICES=0,1, ctx_per_slot=8192, server_ctx=8192, batch_size=2048, thinking_enabled=True, mtp_enabled=False, mtp_draft_tokens=3, mtp_applied=False, gpu_pct=100.0, cpu_pct=0, n_gpu_layers=999, n_cpu_layers=0)
2026-06-09 19:30:30,119 - INFO - START: /usr/bin/llama-server -m /fake/model.gguf -ngl 999 --flash-attn on --host 0.0.0.0 --port 8085 --tools all --parallel 1 --ctx-size 8192 --batch-size 2048 --mlock --main-gpu 0 --split-mode layer --tensor-split 1.0000 --api-key sk-test --mmproj-auto --jinja --reasoning on --chat-template-kwargs {"enable_thinking":true} (CUDA_VISIBLE_DEVICES=0, ctx_per_slot=8192, server_ctx=8192, batch_size=2048, thinking_enabled=True, mtp_enabled=False, mtp_draft_tokens=3, mtp_applied=False, gpu_pct=100.0, cpu_pct=0, n_gpu_layers=999, n_cpu_layers=0)
2026-06-09 19:30:30,191 - INFO - START: /usr/bin/llama-server -m /fake/model.gguf -ngl 22 --flash-attn on --host 0.0.0.0 --port 8085 --tools all --parallel 1 --ctx-size 8192 --batch-size 2048 --mlock --main-gpu 0 --split-mode layer --tensor-split 1.0000 --api-key sk-test --mmproj-auto --jinja --reasoning on --chat-template-kwargs {"enable_thinking":true} (CUDA_VISIBLE_DEVICES=0, ctx_per_slot=8192, server_ctx=8192, batch_size=2048, thinking_enabled=True, mtp_enabled=False, mtp_draft_tokens=3, mtp_applied=False, gpu_pct=70.0, cpu_pct=30.0, n_gpu_layers=22, n_cpu_layers=10)
2026-06-09 19:30:30,247 - ERROR - GPU metrics error: not enough values to unpack (expected 2, got 0)
2026-06-09 19:30:30,401 - INFO - START: /usr/bin/llama-server -m /fake/model.gguf -ngl 999 --flash-attn on --host 0.0.0.0 --port 8085 --tools all --parallel 1 --ctx-size 8192 --batch-size 2048 --mlock --main-gpu 0 --split-mode layer --tensor-split 1.0000 --api-key sk-test --mmproj-auto --jinja --reasoning on --chat-template-kwargs {"enable_thinking":true} (CUDA_VISIBLE_DEVICES=0, ctx_per_slot=8192, server_ctx=8192, batch_size=2048, thinking_enabled=True, mtp_enabled=False, mtp_draft_tokens=3, mtp_applied=False, gpu_pct=70.0, cpu_pct=0.0, n_gpu_layers=999, n_cpu_layers=0)
2026-06-09 19:30:30,454 - INFO - START: /usr/bin/llama-server -m /fake/model.gguf -ngl 22 --flash-attn on --host 0.0.0.0 --port 8085 --tools all --parallel 1 --ctx-size 8192 --batch-size 2048 --mlock --main-gpu 0 --split-mode layer --tensor-split 1.0000 --api-key sk-test --mmproj-auto --jinja --reasoning on --chat-template-kwargs {"enable_thinking":true} (CUDA_VISIBLE_DEVICES=0, ctx_per_slot=8192, server_ctx=8192, batch_size=2048, thinking_enabled=True, mtp_enabled=False, mtp_draft_tokens=3, mtp_applied=False, gpu_pct=70.0, cpu_pct=30.0, n_gpu_layers=22, n_cpu_layers=10)
2026-06-09 19:30:30,500 - ERROR - GPU metrics error: not enough values to unpack (expected 2, got 0)
2026-06-09 19:30:30,641 - INFO - START: /usr/bin/llama-server -m /fake/model.gguf -ngl 999 --flash-attn on --host 0.0.0.0 --port 8085 --tools all --parallel 1 --ctx-size 8192 --batch-size 2048 --mlock --main-gpu 0 --split-mode layer --tensor-split 1.0000 --api-key sk-test --mmproj-auto --jinja --reasoning on --chat-template-kwargs {"enable_thinking":true} (CUDA_VISIBLE_DEVICES=0, ctx_per_slot=8192, server_ctx=8192, batch_size=2048, thinking_enabled=True, mtp_enabled=False, mtp_draft_tokens=3, mtp_applied=False, gpu_pct=70.0, cpu_pct=0.0, n_gpu_layers=999, n_cpu_layers=0)
2026-06-09 19:30:30,749 - INFO - START: /usr/bin/llama-server -m /fake/model.gguf -ngl 70 --flash-attn on --host 0.0.0.0 --port 8085 --tools all --parallel 1 --ctx-size 8192 --batch-size 2048 --mlock --main-gpu 0 --split-mode layer --tensor-split 0.7143,0.2857 --api-key sk-test --mmproj-auto --jinja --reasoning on --chat-template-kwargs {"enable_thinking":true} (CUDA_VISIBLE_DEVICES=0,1, ctx_per_slot=8192, server_ctx=8192, batch_size=2048, thinking_enabled=True, mtp_enabled=False, mtp_draft_tokens=3, mtp_applied=False, gpu_pct=70.0, cpu_pct=30.0, n_gpu_layers=70, n_cpu_layers=30)
2026-06-09 19:30:30,821 - INFO - START: /usr/bin/llama-server -m /fake/model.gguf -ngl 999 --flash-attn on --host 0.0.0.0 --port 8085 --tools all --parallel 1 --ctx-size 8192 --batch-size 2048 --mlock --main-gpu 1 --split-mode layer --tensor-split 0.6000,0.4000 --api-key sk-test --mmproj-auto --jinja --reasoning on --chat-template-kwargs {"enable_thinking":true} (CUDA_VISIBLE_DEVICES=0,1, ctx_per_slot=8192, server_ctx=8192, batch_size=2048, thinking_enabled=True, mtp_enabled=False, mtp_draft_tokens=3, mtp_applied=False, gpu_pct=100.0, cpu_pct=0, n_gpu_layers=999, n_cpu_layers=0)
2026-06-09 19:30:30,902 - INFO - === Auto-balance EMPIRICAL START ===
  model=test.gguf path=/models/test.gguf
  context_size=4096 parallel_slots=1
  weights_mb=20000 (19.53 GB)  kv_cache_mb=0  total_mb=20000 (19.53 GB)
  active_gpus=2 | total_vram=40000 MB (39.06 GB)
  gpu_vram={0: 24000, 1: 16000}
  gpu_names={0: GPU0, 1: GPU1}
  main_index=0
  spill_order=[0, 1]
  cpu_enabled=True
  pins_count=0
2026-06-09 19:30:30,980 - INFO - === Auto-balance EMPIRICAL START ===
  model=test.gguf path=/models/test.gguf
  context_size=4096 parallel_slots=1
  weights_mb=20000 (19.53 GB)  kv_cache_mb=0  total_mb=20000 (19.53 GB)
  active_gpus=2 | total_vram=40000 MB (39.06 GB)
  gpu_vram={0: 24000, 1: 16000}
  gpu_names={0: GPU0, 1: GPU1}
  main_index=0
  spill_order=[0, 1]
  cpu_enabled=True
  pins_count=0
2026-06-09 19:30:31,016 - INFO - === Fase 1 INICIO (GPUs primeiro) ===
2026-06-09 19:30:31,079 - INFO - === Fase 1 INICIO (GPUs primeiro) ===
2026-06-09 19:30:31,110 - INFO - Fase 1 — Tentativa 1: Main GPU0 100%
2026-06-09 19:30:31,159 - INFO - Fase 1 — Tentativa 1: Main GPU0 100%
2026-06-09 19:30:31,383 - INFO - === Auto-balance: Fase 1 viavel ===
  weight_label=GPU0=100%
  weight_map={0: 100%}
  cpu_weight=0
2026-06-09 19:30:31,422 - INFO - === Auto-balance: Fase 1 viavel ===
  weight_label=GPU0=100%
  weight_map={0: 100%}
  cpu_weight=0
2026-06-09 19:30:31,469 - INFO - === Fase 2 PREPARANDO ===
  trimmed={0: 100%} main_index=0 cpu_enabled=True
2026-06-09 19:30:31,519 - INFO - === Fase 2 PREPARANDO ===
  trimmed={0: 100%} main_index=0 cpu_enabled=True
2026-06-09 19:30:31,548 - INFO - === Fase 2 INICIO (maximizar VRAM, GPU-only) ===
2026-06-09 19:30:31,595 - INFO - === Fase 2 INICIO (maximizar VRAM, GPU-only) ===
2026-06-09 19:30:31,621 - INFO - === Fase 2 CONCLUIDA ===
  weight_map={0: 100%}
  cpu_weight=0
2026-06-09 19:30:31,678 - INFO - === Fase 2 CONCLUIDA ===
  weight_map={0: 100%}
  cpu_weight=0
2026-06-09 19:30:31,706 - INFO - Fase 3: GPU0 já está em 100% — pulando fine-tuning
2026-06-09 19:30:31,757 - INFO - Fase 3: GPU0 já está em 100% — pulando fine-tuning
2026-06-09 19:30:31,803 - INFO - _vram_summary: weight_map={0: 100%} -> summary=GPU0 VRAM 0%
2026-06-09 19:30:31,829 - INFO - === Auto-balance: peso final ===
  weight_label=GPU0=100%
  weight_map={0: 100%}
  cpu_weight=0
2026-06-09 19:30:31,858 - INFO - === Auto-balance: peso final ===
  weight_label=GPU0=100%
  weight_map={0: 100%}
  cpu_weight=0
2026-06-09 19:30:31,918 - INFO - === HARDWARE SNAPSHOT BEFORE FINAL ===
  gpus=[]
2026-06-09 19:30:31,969 - INFO - === HARDWARE SNAPSHOT BEFORE FINAL ===
  gpus=[]
2026-06-09 19:30:32,008 - INFO - === Auto-balance SUCCESS ===
  message=Balance otimizado (GPU0=100%). GPU0 VRAM 0%
  gpu_weights_exported=2 entries
2026-06-09 19:30:32,077 - INFO - === Auto-balance SUCCESS ===
  message=Balance otimizado (GPU0=100%). GPU0 VRAM 0%
  gpu_weights_exported=2 entries
2026-06-09 19:30:32,130 - INFO - === Auto-balance EMPIRICAL START ===
  model=test.gguf path=/models/test.gguf
  context_size=4096 parallel_slots=1
  weights_mb=20000 (19.53 GB)  kv_cache_mb=0  total_mb=20000 (19.53 GB)
  active_gpus=1 | total_vram=24000 MB (23.44 GB)
  gpu_vram={0: 24000}
  gpu_names={0: GPU0}
  main_index=0
  spill_order=[0]
  cpu_enabled=True
  pins_count=1
2026-06-09 19:30:32,193 - INFO - === Auto-balance EMPIRICAL START ===
  model=test.gguf path=/models/test.gguf
  context_size=4096 parallel_slots=1
  weights_mb=20000 (19.53 GB)  kv_cache_mb=0  total_mb=20000 (19.53 GB)
  active_gpus=1 | total_vram=24000 MB (23.44 GB)
  gpu_vram={0: 24000}
  gpu_names={0: GPU0}
  main_index=0
  spill_order=[0]
  cpu_enabled=True
  pins_count=1
2026-06-09 19:30:32,215 - INFO - === Auto-balance: Fase 1 viavel ===
  weight_label=GPU0=100%
  weight_map={0: 100%}
  cpu_weight=0
2026-06-09 19:30:32,253 - INFO - === Auto-balance: Fase 1 viavel ===
  weight_label=GPU0=100%
  weight_map={0: 100%}
  cpu_weight=0
2026-06-09 19:30:32,305 - INFO - === Fase 2 PREPARANDO ===
  trimmed={0: 100%} main_index=0 cpu_enabled=True
2026-06-09 19:30:32,372 - INFO - === Fase 2 PREPARANDO ===
  trimmed={0: 100%} main_index=0 cpu_enabled=True
2026-06-09 19:30:32,404 - INFO - === Fase 2 INICIO (maximizar VRAM, GPU-only) ===
2026-06-09 19:30:32,448 - INFO - === Fase 2 INICIO (maximizar VRAM, GPU-only) ===
2026-06-09 19:30:32,503 - INFO - === Fase 2 CONCLUIDA ===
  weight_map={0: 100%}
  cpu_weight=0
2026-06-09 19:30:32,573 - INFO - === Fase 2 CONCLUIDA ===
  weight_map={0: 100%}
  cpu_weight=0
2026-06-09 19:30:32,603 - INFO - Fase 3: GPU0 já está em 100% — pulando fine-tuning
2026-06-09 19:30:32,653 - INFO - Fase 3: GPU0 já está em 100% — pulando fine-tuning
2026-06-09 19:30:32,700 - INFO - _vram_summary: weight_map={0: 100%} -> summary=GPU0 VRAM 0%
2026-06-09 19:30:32,727 - INFO - === Auto-balance: peso final ===
  weight_label=GPU0=100%
  weight_map={0: 100%}
  cpu_weight=0
2026-06-09 19:30:32,764 - INFO - === Auto-balance: peso final ===
  weight_label=GPU0=100%
  weight_map={0: 100%}
  cpu_weight=0
2026-06-09 19:30:32,798 - INFO - === HARDWARE SNAPSHOT BEFORE FINAL ===
  gpus=[]
2026-06-09 19:30:32,849 - INFO - === HARDWARE SNAPSHOT BEFORE FINAL ===
  gpus=[]
2026-06-09 19:30:32,875 - INFO - === Auto-balance SUCCESS ===
  message=Balance otimizado (GPU0=100%). GPU0 VRAM 0%
  gpu_weights_exported=1 entries
2026-06-09 19:30:32,920 - INFO - === Auto-balance SUCCESS ===
  message=Balance otimizado (GPU0=100%). GPU0 VRAM 0%
  gpu_weights_exported=1 entries
2026-06-09 19:30:33,024 - INFO - === Fase 1 INICIO (GPUs primeiro, CPU permitido neste passo) ===
2026-06-09 19:30:33,093 - INFO - === Fase 1 INICIO (GPUs primeiro, CPU permitido neste passo) ===
2026-06-09 19:30:33,126 - INFO - Fase 1 — Tentativa 1: Main GPU0 100%
2026-06-09 19:30:33,201 - INFO - Fase 1 — Tentativa 1: Main GPU0 100%
2026-06-09 19:30:33,461 - INFO - Fase 1 — Tentativa 2: Main + 1ª GPU (cascata: GPU0=90%, GPU1=10%)
2026-06-09 19:30:33,516 - INFO - Fase 1 — Tentativa 2: Main + 1ª GPU (cascata: GPU0=90%, GPU1=10%)
2026-06-09 19:30:33,799 - INFO - Fase 1 — Tentativa 2: Main + 1ª GPU (cascata: GPU0=80%, GPU1=10%)
2026-06-09 19:30:33,852 - INFO - Fase 1 — Tentativa 2: Main + 1ª GPU (cascata: GPU0=80%, GPU1=10%)
2026-06-09 19:30:34,104 - INFO - Fase 1 — Tentativa 2: Main + 1ª GPU (cascata: GPU0=70%, GPU1=10%)
2026-06-09 19:30:34,156 - INFO - Fase 1 — Tentativa 2: Main + 1ª GPU (cascata: GPU0=70%, GPU1=10%)
2026-06-09 19:30:34,358 - INFO - === Auto-balance EMPIRICAL START ===
  model=test.gguf path=/models/test.gguf
  context_size=4096 parallel_slots=1
  weights_mb=30000 (29.30 GB)  kv_cache_mb=0  total_mb=30000 (29.30 GB)
  active_gpus=2 | total_vram=40000 MB (39.06 GB)
  gpu_vram={0: 24000, 1: 16000}
  gpu_names={0: GPU0, 1: GPU1}
  main_index=0
  spill_order=[0, 1]
  cpu_enabled=True
  pins_count=0
2026-06-09 19:30:34,408 - INFO - === Auto-balance EMPIRICAL START ===
  model=test.gguf path=/models/test.gguf
  context_size=4096 parallel_slots=1
  weights_mb=30000 (29.30 GB)  kv_cache_mb=0  total_mb=30000 (29.30 GB)
  active_gpus=2 | total_vram=40000 MB (39.06 GB)
  gpu_vram={0: 24000, 1: 16000}
  gpu_names={0: GPU0, 1: GPU1}
  main_index=0
  spill_order=[0, 1]
  cpu_enabled=True
  pins_count=0
2026-06-09 19:30:34,446 - INFO - === Auto-balance: Fase 1 viavel ===
  weight_label=GPU0=100%
  weight_map={0: 100%}
  cpu_weight=0
2026-06-09 19:30:34,490 - INFO - === Auto-balance: Fase 1 viavel ===
  weight_label=GPU0=100%
  weight_map={0: 100%}
  cpu_weight=0
2026-06-09 19:30:34,516 - INFO - === Fase 2 PREPARANDO ===
  trimmed={0: 100%} main_index=0 cpu_enabled=True
2026-06-09 19:30:34,560 - INFO - === Fase 2 PREPARANDO ===
  trimmed={0: 100%} main_index=0 cpu_enabled=True
2026-06-09 19:30:34,586 - INFO - === Fase 2 INICIO (maximizar VRAM, GPU-only) ===
2026-06-09 19:30:34,621 - INFO - === Fase 2 INICIO (maximizar VRAM, GPU-only) ===
2026-06-09 19:30:34,650 - INFO - === Fase 2 CONCLUIDA ===
  weight_map={0: 100%}
  cpu_weight=0
2026-06-09 19:30:34,689 - INFO - === Fase 2 CONCLUIDA ===
  weight_map={0: 100%}
  cpu_weight=0
2026-06-09 19:30:34,728 - INFO - Fase 3: GPU0 já está em 100% — pulando fine-tuning
2026-06-09 19:30:34,771 - INFO - Fase 3: GPU0 já está em 100% — pulando fine-tuning
2026-06-09 19:30:34,814 - INFO - _vram_summary: weight_map={0: 100%} -> summary=GPU0 VRAM 0%
2026-06-09 19:30:34,842 - INFO - === Auto-balance: peso final ===
  weight_label=GPU0=100%
  weight_map={0: 100%}
  cpu_weight=0
2026-06-09 19:30:34,923 - INFO - === Auto-balance: peso final ===
  weight_label=GPU0=100%
  weight_map={0: 100%}
  cpu_weight=0
2026-06-09 19:30:34,964 - INFO - === HARDWARE SNAPSHOT BEFORE FINAL ===
  gpus=[]
2026-06-09 19:30:35,024 - INFO - === HARDWARE SNAPSHOT BEFORE FINAL ===
  gpus=[]
2026-06-09 19:30:35,060 - INFO - === Auto-balance SUCCESS ===
  message=Balance otimizado (GPU0=100%). GPU0 VRAM 0%
  gpu_weights_exported=2 entries
2026-06-09 19:30:35,106 - INFO - === Auto-balance SUCCESS ===
  message=Balance otimizado (GPU0=100%). GPU0 VRAM 0%
  gpu_weights_exported=2 entries
2026-06-09 19:30:35,181 - INFO - === Auto-balance EMPIRICAL START ===
  model=test.gguf path=/models/test.gguf
  context_size=4096 parallel_slots=1
  weights_mb=70000 (68.36 GB)  kv_cache_mb=0  total_mb=70000 (68.36 GB)
  active_gpus=2 | total_vram=40000 MB (39.06 GB)
  gpu_vram={0: 24000, 1: 16000}
  gpu_names={0: GPU0, 1: GPU1}
  main_index=0
  spill_order=[0, 1]
  cpu_enabled=True
  pins_count=0
2026-06-09 19:30:35,244 - INFO - === Auto-balance EMPIRICAL START ===
  model=test.gguf path=/models/test.gguf
  context_size=4096 parallel_slots=1
  weights_mb=70000 (68.36 GB)  kv_cache_mb=0  total_mb=70000 (68.36 GB)
  active_gpus=2 | total_vram=40000 MB (39.06 GB)
  gpu_vram={0: 24000, 1: 16000}
  gpu_names={0: GPU0, 1: GPU1}
  main_index=0
  spill_order=[0, 1]
  cpu_enabled=True
  pins_count=0
2026-06-09 19:30:35,292 - WARNING - Fase 1 — cascata GPU-only deu OOM; buscando split GPU-only maximizando o principal (resto balanceado por VRAM) antes do CPU
2026-06-09 19:30:35,341 - WARNING - Fase 1 — cascata GPU-only deu OOM; buscando split GPU-only maximizando o principal (resto balanceado por VRAM) antes do CPU
2026-06-09 19:30:35,367 - WARNING - Fase 1 — maximização GPU-only falhou; iniciando CPU offload (último recurso, +10% por tentativa)
2026-06-09 19:30:35,435 - WARNING - Fase 1 — maximização GPU-only falhou; iniciando CPU offload (último recurso, +10% por tentativa)
2026-06-09 19:30:35,483 - INFO - === Auto-balance: Fase 1 viavel ===
  weight_label=GPU0=50%, GPU1=20%, CPU=30%
  weight_map={0: 50%, 1: 20%}
  cpu_weight=30
2026-06-09 19:30:35,523 - INFO - === Auto-balance: Fase 1 viavel ===
  weight_label=GPU0=50%, GPU1=20%, CPU=30%
  weight_map={0: 50%, 1: 20%}
  cpu_weight=30
2026-06-09 19:30:35,570 - INFO - === Fase 2 PREPARANDO ===
  trimmed={0: 50%, 1: 20%} main_index=0 cpu_enabled=True
2026-06-09 19:30:35,764 - INFO - === Fase 2 PREPARANDO ===
  trimmed={0: 50%, 1: 20%} main_index=0 cpu_enabled=True
2026-06-09 19:30:35,850 - INFO - === Fase 2 INICIO (maximizar VRAM, GPU-only) ===
2026-06-09 19:30:35,935 - INFO - === Fase 2 INICIO (maximizar VRAM, GPU-only) ===
2026-06-09 19:30:36,003 - INFO - === Fase 2 CONCLUIDA ===
  weight_map={0: 50%, 1: 20%}
  cpu_weight=30
2026-06-09 19:30:36,078 - INFO - === Fase 2 CONCLUIDA ===
  weight_map={0: 50%, 1: 20%}
  cpu_weight=30
2026-06-09 19:30:36,133 - INFO - === Fase 3 INICIO (fine-tuning 1%, GPU-only) ===
  main_gpu=0 current_weight=50% max_possible=70%
  secondary_total=20% CPU=desabilitado
2026-06-09 19:30:36,206 - INFO - === Fase 3 INICIO (fine-tuning 1%, GPU-only) ===
  main_gpu=0 current_weight=50% max_possible=70%
  secondary_total=20% CPU=desabilitado
2026-06-09 19:30:36,267 - WARNING - Fase 3: sem incremento possivel — main GPU0 ja em 50%
2026-06-09 19:30:36,323 - WARNING - Fase 3: sem incremento possivel — main GPU0 ja em 50%
2026-06-09 19:30:36,355 - INFO - _vram_summary: weight_map={0: 50%, 1: 20%} -> summary=GPU0 VRAM 0%; GPU1 VRAM 0%
2026-06-09 19:30:36,376 - INFO - === Auto-balance: peso final ===
  weight_label=GPU0=50%, GPU1=20%, CPU=30%
  weight_map={0: 50%, 1: 20%}
  cpu_weight=30
2026-06-09 19:30:36,468 - INFO - === Auto-balance: peso final ===
  weight_label=GPU0=50%, GPU1=20%, CPU=30%
  weight_map={0: 50%, 1: 20%}
  cpu_weight=30
2026-06-09 19:30:36,544 - INFO - === HARDWARE SNAPSHOT BEFORE FINAL ===
  gpus=[]
2026-06-09 19:30:36,617 - INFO - === HARDWARE SNAPSHOT BEFORE FINAL ===
  gpus=[]
2026-06-09 19:30:36,663 - INFO - === Auto-balance SUCCESS ===
  message=Balance otimizado (GPU0=50%, GPU1=20%, CPU=30%). GPU0 VRAM 0%; GPU1 VRAM 0%
  gpu_weights_exported=3 entries
2026-06-09 19:30:36,734 - INFO - === Auto-balance SUCCESS ===
  message=Balance otimizado (GPU0=50%, GPU1=20%, CPU=30%). GPU0 VRAM 0%; GPU1 VRAM 0%
  gpu_weights_exported=3 entries
2026-06-09 19:30:36,782 - INFO - === Auto-balance EMPIRICAL START ===
  model=test.gguf path=/models/test.gguf
  context_size=4096 parallel_slots=1
  weights_mb=70000 (68.36 GB)  kv_cache_mb=0  total_mb=70000 (68.36 GB)
  active_gpus=2 | total_vram=40000 MB (39.06 GB)
  gpu_vram={0: 24000, 1: 16000}
  gpu_names={0: GPU0, 1: GPU1}
  main_index=0
  spill_order=[0, 1]
  cpu_enabled=False
  pins_count=0
2026-06-09 19:30:36,833 - INFO - === Auto-balance EMPIRICAL START ===
  model=test.gguf path=/models/test.gguf
  context_size=4096 parallel_slots=1
  weights_mb=70000 (68.36 GB)  kv_cache_mb=0  total_mb=70000 (68.36 GB)
  active_gpus=2 | total_vram=40000 MB (39.06 GB)
  gpu_vram={0: 24000, 1: 16000}
  gpu_names={0: GPU0, 1: GPU1}
  main_index=0
  spill_order=[0, 1]
  cpu_enabled=False
  pins_count=0
2026-06-09 19:30:36,868 - WARNING - Fase 1 — cascata GPU-only deu OOM; buscando split GPU-only maximizando o principal (resto balanceado por VRAM) antes do CPU
2026-06-09 19:30:36,943 - WARNING - Fase 1 — cascata GPU-only deu OOM; buscando split GPU-only maximizando o principal (resto balanceado por VRAM) antes do CPU
2026-06-09 19:30:36,969 - INFO - === HARDWARE CAPACITY FAILURE ===
  reason=no_feasible_split
  model=test.gguf path=/models/test.gguf
  estimated_model_mb=?
  total_vram_mb=40000 total_vram_gb=39.06
  active_gpus=[0, 1]
  gpu_details=[{'index': 0, 'name': 'GPU0', 'vram_mb': 24000}, {'index': 1, 'name': 'GPU1', 'vram_mb': 16000}]
  context_size=4096 parallel_slots=1
  message=Não foi possível carregar "test.gguf" em nenhuma divisão testada entre as GPUs selecionadas. O modelo excede a capacidade do hardware atual (~39.1 GB de VRAM em 2 GPU(s)) com contexto 4096 e 1 slot(s).
2026-06-09 19:30:37,010 - INFO - === HARDWARE CAPACITY FAILURE ===
  reason=no_feasible_split
  model=test.gguf path=/models/test.gguf
  estimated_model_mb=?
  total_vram_mb=40000 total_vram_gb=39.06
  active_gpus=[0, 1]
  gpu_details=[{'index': 0, 'name': 'GPU0', 'vram_mb': 24000}, {'index': 1, 'name': 'GPU1', 'vram_mb': 16000}]
  context_size=4096 parallel_slots=1
  message=Não foi possível carregar "test.gguf" em nenhuma divisão testada entre as GPUs selecionadas. O modelo excede a capacidade do hardware atual (~39.1 GB de VRAM em 2 GPU(s)) com contexto 4096 e 1 slot(s).
2026-06-09 19:30:37,134 - INFO - START: /usr/bin/llama-server -m /fake/model.gguf -ngl 22 --flash-attn on --host 0.0.0.0 --port 8085 --tools all --parallel 1 --ctx-size 8192 --batch-size 2048 --mlock --main-gpu 0 --split-mode layer --tensor-split 1.0 --api-key sk-test --mmproj-auto --jinja --reasoning on --chat-template-kwargs {"enable_thinking":true} (CUDA_VISIBLE_DEVICES=0, ctx_per_slot=8192, server_ctx=8192, batch_size=2048, thinking_enabled=True, mtp_enabled=False, mtp_draft_tokens=3, mtp_applied=False, gpu_pct=70.0, cpu_pct=30.0, n_gpu_layers=22, n_cpu_layers=10)
2026-06-09 19:30:37,200 - INFO - START: /usr/bin/llama-server -m /fake/model.gguf -ngl 6 --flash-attn on --host 0.0.0.0 --port 8085 --tools all --parallel 1 --ctx-size 8192 --batch-size 2048 --mlock --main-gpu 0 --split-mode layer --tensor-split 1.0 --api-key sk-test --mmproj-auto --jinja --reasoning on --chat-template-kwargs {"enable_thinking":true} (CUDA_VISIBLE_DEVICES=0, ctx_per_slot=8192, server_ctx=8192, batch_size=2048, thinking_enabled=True, mtp_enabled=False, mtp_draft_tokens=3, mtp_applied=False, gpu_pct=20.0, cpu_pct=80.0, n_gpu_layers=6, n_cpu_layers=26)
2026-06-09 19:30:37,371 - INFO - START: /usr/bin/llama-server -m /fake/model.gguf -ngl 999 --flash-attn on --host 0.0.0.0 --port 8085 --tools all --parallel 1 --ctx-size 8192 --batch-size 2048 --mlock --main-gpu 0 --split-mode layer --tensor-split 1.0 --api-key sk-test --mmproj-auto --jinja --reasoning on --chat-template-kwargs {"enable_thinking":true} (CUDA_VISIBLE_DEVICES=0, ctx_per_slot=8192, server_ctx=8192, batch_size=2048, thinking_enabled=True, mtp_enabled=False, mtp_draft_tokens=3, mtp_applied=False, gpu_pct=100.0, cpu_pct=0, n_gpu_layers=999, n_cpu_layers=0)
2026-06-09 19:30:37,419 - INFO - START: /usr/bin/llama-server -m /fake/model.gguf -ngl 22 --flash-attn on --host 0.0.0.0 --port 8085 --tools all --parallel 1 --ctx-size 8192 --batch-size 2048 --mlock --main-gpu 0 --split-mode layer --tensor-split 1.0 --api-key sk-test --mmproj-auto --jinja --reasoning on --chat-template-kwargs {"enable_thinking":true} (CUDA_VISIBLE_DEVICES=0, ctx_per_slot=8192, server_ctx=8192, batch_size=2048, thinking_enabled=True, mtp_enabled=False, mtp_draft_tokens=3, mtp_applied=False, gpu_pct=70.0, cpu_pct=30.0, n_gpu_layers=22, n_cpu_layers=10)
2026-06-09 19:30:38,369 - WARNING - llama-server nao encontrado automaticamente; configure LLAMA_SERVER_BIN ou paths.json (llama_server_bin)
2026-06-09 19:30:38,406 - ERROR - GPU detection error: Command 'nvidia-smi' returned non-zero exit status 1.
2026-06-09 19:30:38,450 - ERROR - GPU metrics error: Command 'nvidia-smi' returned non-zero exit status 1.
2026-06-09 19:30:38,473 - ERROR - System metrics error: ram metrics unavailable
2026-06-09 19:30:38,577 - ERROR - GPU metrics error: Command 'nvidia-smi' returned non-zero exit status 1.
2026-06-09 19:30:40,065 - ERROR - GPU metrics error: Command 'nvidia-smi' returned non-zero exit status 1.
2026-06-09 19:30:40,079 - ERROR - System metrics error: ram down
2026-06-09 19:30:40,119 - ERROR - GPU metrics error: Command 'nvidia-smi' returned non-zero exit status 1.
2026-06-09 19:30:40,518 - INFO - MTP requested but model has no MTP head, skipping flags
2026-06-09 19:30:40,756 - WARNING - llama-server nao encontrado automaticamente; configure LLAMA_SERVER_BIN ou paths.json (llama_server_bin)
2026-06-09 19:30:40,811 - WARNING - Could not detect MTP for /fake/model.gguf: boom
1969-12-31 21:16:40,000 - WARNING - OOM detected! Consecutive: 1
1969-12-31 21:16:45,000 - WARNING - OOM detected! Consecutive: 2
1969-12-31 21:16:40,000 - WARNING - OOM detected! Consecutive: 1
1969-12-31 21:17:11,000 - WARNING - OOM detected! Consecutive: 1
1969-12-31 21:16:40,000 - WARNING - OOM detected! Consecutive: 1
1969-12-31 21:16:45,000 - WARNING - OOM detected! Consecutive: 3
2026-06-09 19:30:41,408 - WARNING - Could not detect model layers for /fake/model.gguf: not found
2026-06-09 19:30:41,468 - INFO - START: /usr/bin/llama-server -m /fake/model.gguf -ngl 999 --flash-attn on --host 0.0.0.0 --port 8085 --tools all --parallel 1 --ctx-size 8192 --batch-size 2048 --mlock --main-gpu 0 --split-mode layer --tensor-split 1.0 --api-key test-token --mmproj-auto --jinja --reasoning on --chat-template-kwargs {"enable_thinking":true} (CUDA_VISIBLE_DEVICES=0, ctx_per_slot=8192, server_ctx=8192, batch_size=2048, thinking_enabled=True, mtp_enabled=False, mtp_draft_tokens=3, mtp_applied=False, gpu_pct=100.0, cpu_pct=0, n_gpu_layers=999, n_cpu_layers=0)
2026-06-09 19:30:41,510 - INFO - START: /usr/bin/llama-server -m /fake/model.gguf -ngl 22 --flash-attn on --host 0.0.0.0 --port 8085 --tools all --parallel 1 --ctx-size 8192 --batch-size 2048 --mlock --main-gpu 0 --split-mode layer --tensor-split 1.0 --api-key test-token --mmproj-auto --jinja --reasoning on --chat-template-kwargs {"enable_thinking":true} (CUDA_VISIBLE_DEVICES=0, ctx_per_slot=8192, server_ctx=8192, batch_size=2048, thinking_enabled=True, mtp_enabled=False, mtp_draft_tokens=3, mtp_applied=False, gpu_pct=70.0, cpu_pct=30.0, n_gpu_layers=22, n_cpu_layers=10)
2026-06-09 19:30:41,553 - INFO - START: /usr/bin/llama-server -m /fake/model.gguf -ngl 0 --flash-attn on --host 0.0.0.0 --port 8085 --tools all --parallel 1 --ctx-size 8192 --batch-size 2048 --mlock --main-gpu 0 --split-mode layer --tensor-split 1.0 --api-key test-token --mmproj-auto --jinja --reasoning on --chat-template-kwargs {"enable_thinking":true} (CUDA_VISIBLE_DEVICES=0, ctx_per_slot=8192, server_ctx=8192, batch_size=2048, thinking_enabled=True, mtp_enabled=False, mtp_draft_tokens=3, mtp_applied=False, gpu_pct=0, cpu_pct=0, n_gpu_layers=0, n_cpu_layers=32)
2026-06-09 19:30:41,617 - INFO - START: /usr/bin/llama-server -m /fake/model.gguf -ngl 999 --flash-attn on --host 0.0.0.0 --port 8085 --tools all --parallel 1 --ctx-size 8192 --batch-size 2048 --mlock --main-gpu 0 --split-mode layer --tensor-split 1.0 --api-key test-token --mmproj-auto --jinja --reasoning on --chat-template-kwargs {"enable_thinking":true} (CUDA_VISIBLE_DEVICES=0, ctx_per_slot=8192, server_ctx=8192, batch_size=2048, thinking_enabled=True, mtp_enabled=False, mtp_draft_tokens=3, mtp_applied=False, gpu_pct=100.0, cpu_pct=0, n_gpu_layers=999, n_cpu_layers=0)
2026-06-09 19:30:41,712 - INFO - START: /usr/bin/llama-server -m /fake/model.gguf -ngl 999 --flash-attn on --host 0.0.0.0 --port 8085 --tools all --parallel 1 --ctx-size 8192 --batch-size 2048 --mlock --main-gpu 0 --split-mode layer --tensor-split 1.0 --api-key test-token --mmproj-auto --jinja --reasoning on --chat-template-kwargs {"enable_thinking":true} (CUDA_VISIBLE_DEVICES=0, ctx_per_slot=8192, server_ctx=8192, batch_size=2048, thinking_enabled=True, mtp_enabled=False, mtp_draft_tokens=3, mtp_applied=False, gpu_pct=100.0, cpu_pct=0, n_gpu_layers=999, n_cpu_layers=0)
2026-06-09 19:30:41,771 - INFO - START: /usr/bin/llama-server -m /fake/model.gguf -ngl 56 --flash-attn on --host 0.0.0.0 --port 8085 --tools all --parallel 1 --ctx-size 8192 --batch-size 2048 --mlock --main-gpu 0 --split-mode layer --tensor-split 1.0 --api-key test-token --mmproj-auto --jinja --reasoning on --chat-template-kwargs {"enable_thinking":true} (CUDA_VISIBLE_DEVICES=0, ctx_per_slot=8192, server_ctx=8192, batch_size=2048, thinking_enabled=True, mtp_enabled=False, mtp_draft_tokens=3, mtp_applied=False, gpu_pct=70.0, cpu_pct=30.0, n_gpu_layers=56, n_cpu_layers=24)
2026-06-09 19:30:41,834 - INFO - START: /usr/bin/llama-server -m /fake/model.gguf -ngl 999 --flash-attn on --host 0.0.0.0 --port 8085 --tools all --parallel 1 --ctx-size 8192 --batch-size 2048 --mlock --main-gpu 0 --split-mode layer --tensor-split 1.0 --api-key test-token --mmproj-auto --jinja --reasoning on --chat-template-kwargs {"enable_thinking":true} (CUDA_VISIBLE_DEVICES=0, ctx_per_slot=8192, server_ctx=8192, batch_size=2048, thinking_enabled=True, mtp_enabled=False, mtp_draft_tokens=3, mtp_applied=False, gpu_pct=200.0, cpu_pct=0, n_gpu_layers=999, n_cpu_layers=0)
2026-06-09 19:30:41,885 - INFO - START: /usr/bin/llama-server -m /fake/model.gguf -ngl 999 --flash-attn on --host 0.0.0.0 --port 8085 --tools all --parallel 1 --ctx-size 8192 --batch-size 2048 --mlock --main-gpu 0 --split-mode layer --tensor-split 1.0 --api-key test-token --mmproj-auto --jinja --reasoning on --chat-template-kwargs {"enable_thinking":true} (CUDA_VISIBLE_DEVICES=0, ctx_per_slot=8192, server_ctx=8192, batch_size=2048, thinking_enabled=True, mtp_enabled=False, mtp_draft_tokens=3, mtp_applied=False, gpu_pct=100.0, cpu_pct=0, n_gpu_layers=999, n_cpu_layers=0)
2026-06-09 19:30:41,929 - INFO - START: /usr/bin/llama-server -m /fake/model.gguf -ngl 0 --flash-attn on --host 0.0.0.0 --port 8085 --tools all --parallel 1 --ctx-size 8192 --batch-size 2048 --mlock --main-gpu 0 --split-mode layer --tensor-split 1.0 --api-key test-token --mmproj-auto --jinja --reasoning on --chat-template-kwargs {"enable_thinking":true} (CUDA_VISIBLE_DEVICES=0, ctx_per_slot=8192, server_ctx=8192, batch_size=2048, thinking_enabled=True, mtp_enabled=False, mtp_draft_tokens=3, mtp_applied=False, gpu_pct=0, cpu_pct=0, n_gpu_layers=0, n_cpu_layers=32)
2026-06-09 19:30:42,560 - WARNING - Port 8085 still bound after 0.5s wait — start() may fail to bind
2026-06-09 19:30:42,585 - INFO - llama-server stopped
2026-06-09 19:30:42,879 - INFO - Verificacao de versao iniciada em /tmp/automanager-test
2026-06-09 19:30:42,914 - WARNING - Diretorio nao e um repositorio git: /tmp/automanager-test
2026-06-09 19:30:42,987 - INFO - Verificacao de versao iniciada em /tmp/automanager-test
2026-06-09 19:30:43,005 - INFO - Versao atualizada (branch=main, ref=aaa1111)
2026-06-09 19:30:43,057 - INFO - Verificacao de versao iniciada em /tmp/automanager-test
2026-06-09 19:30:43,094 - INFO - Atualizacao disponivel (branch=main, ahead=2, aaa1111 -> ddd4444)
2026-06-09 19:30:43,157 - INFO - Verificacao de versao iniciada em /tmp/automanager-test
2026-06-09 19:30:43,177 - WARNING - git fetch falhou (branch=main): fatal: could not read from remote
2026-06-09 19:30:43,233 - INFO - Verificacao de versao iniciada em /tmp/automanager-test
2026-06-09 19:30:43,269 - WARNING - git fetch expirou apos 30s (branch=main)
2026-06-09 19:30:43,326 - INFO - Verificacao de versao iniciada em /tmp/automanager-test
2026-06-09 19:30:43,342 - INFO - Versao atualizada (branch=feature/foo, ref=1111111)
2026-06-09 19:30:43,382 - INFO - Verificacao de versao iniciada em /tmp/automanager-test
2026-06-09 19:30:43,466 - INFO - Atualizacao disponivel (branch=main, ahead=12, local00 -> remote0)
2026-06-09 20:40:30,056 - INFO - estimate_model_vram_mb [DISK] model=C:\Users\s293\AppData\Local\Temp\pytest-of-s293\pytest-264\test_estimate_model_vram_uses_0\qwen-49b.gguf disk_mb=100 runtime_overhead_mb=256 weights_mb=356 kv_cache_mb=6553 total_mb=6909
2026-06-09 20:40:30,084 - INFO - estimate_model_vram_mb [DISK] model=C:\Users\s293\AppData\Local\Temp\pytest-of-s293\pytest-264\test_estimate_model_vram_uses_0\qwen-49b.gguf disk_mb=100 runtime_overhead_mb=256 weights_mb=356 kv_cache_mb=6553 total_mb=6909
2026-06-09 20:40:30,155 - INFO - === HARDWARE CAPACITY FAILURE ===
  reason=no_feasible_split
  model=huge-model.gguf path=/models/huge-model.gguf
  estimated_model_mb=?
  total_vram_mb=24576 total_vram_gb=24.00
  active_gpus=[0]
  gpu_details=[{'index': 0, 'name': 'RTX 3090', 'vram_mb': 24576}]
  context_size=32768 parallel_slots=2
  message=Não foi possível carregar "huge-model.gguf" em nenhuma divisão testada entre as GPUs selecionadas. O modelo excede a capacidade do hardware atual (~24.0 GB de VRAM em 1 GPU(s)) com contexto 32768 e 2 slot(s).
2026-06-09 20:40:30,252 - INFO - === HARDWARE CAPACITY FAILURE ===
  reason=no_feasible_split
  model=huge-model.gguf path=/models/huge-model.gguf
  estimated_model_mb=?
  total_vram_mb=24576 total_vram_gb=24.00
  active_gpus=[0]
  gpu_details=[{'index': 0, 'name': 'RTX 3090', 'vram_mb': 24576}]
  context_size=32768 parallel_slots=2
  message=Não foi possível carregar "huge-model.gguf" em nenhuma divisão testada entre as GPUs selecionadas. O modelo excede a capacidade do hardware atual (~24.0 GB de VRAM em 1 GPU(s)) com contexto 32768 e 2 slot(s).
2026-06-09 20:40:30,288 - WARNING - OOM detected! Consecutive: 1
2026-06-09 20:40:30,626 - INFO - === Fase 1 INICIO (GPUs primeiro, CPU permitido neste passo) ===
2026-06-09 20:40:30,658 - INFO - === Fase 1 INICIO (GPUs primeiro, CPU permitido neste passo) ===
2026-06-09 20:40:30,676 - INFO - Fase 1 — Tentativa 1: Main GPU2 100%
2026-06-09 20:40:30,717 - INFO - Fase 1 — Tentativa 1: Main GPU2 100%
2026-06-09 20:40:30,911 - INFO - Fase 1 — Tentativa 2: Main + 1ª GPU (cascata: GPU2=90%, GPU0=10%)
2026-06-09 20:40:30,953 - INFO - Fase 1 — Tentativa 2: Main + 1ª GPU (cascata: GPU2=90%, GPU0=10%)
2026-06-09 20:40:31,077 - INFO - Fase 1 — Tentativa 3: Main + 2ª GPU (cascata: GPU2=80%, GPU0=10%, GPU1=10%)
2026-06-09 20:40:31,102 - INFO - Fase 1 — Tentativa 3: Main + 2ª GPU (cascata: GPU2=80%, GPU0=10%, GPU1=10%)
2026-06-09 20:40:31,256 - INFO - Fase 1 — Tentativa 3: Main + 2ª GPU (cascata: GPU2=70%, GPU0=10%, GPU1=10%)
2026-06-09 20:40:31,300 - INFO - Fase 1 — Tentativa 3: Main + 2ª GPU (cascata: GPU2=70%, GPU0=10%, GPU1=10%)
2026-06-09 20:40:31,475 - INFO - Fase 1 — Tentativa 3: Main + 2ª GPU (cascata: GPU2=60%, GPU0=10%, GPU1=10%)
2026-06-09 20:40:31,519 - INFO - Fase 1 — Tentativa 3: Main + 2ª GPU (cascata: GPU2=60%, GPU0=10%, GPU1=10%)
2026-06-09 20:40:31,666 - INFO - Fase 1 — Tentativa 3: Main + 2ª GPU (cascata: GPU2=50%, GPU0=10%, GPU1=10%)
2026-06-09 20:40:31,696 - INFO - Fase 1 — Tentativa 3: Main + 2ª GPU (cascata: GPU2=50%, GPU0=10%, GPU1=10%)
2026-06-09 20:40:31,866 - INFO - Fase 1 — Tentativa 3: Main + 2ª GPU (cascata: GPU2=40%, GPU0=10%, GPU1=10%)
2026-06-09 20:40:31,911 - INFO - Fase 1 — Tentativa 3: Main + 2ª GPU (cascata: GPU2=40%, GPU0=10%, GPU1=10%)
2026-06-09 20:40:32,018 - INFO - Fase 1 — Tentativa 3: Main + 2ª GPU (cascata: GPU2=30%, GPU0=10%, GPU1=10%)
2026-06-09 20:40:32,052 - INFO - Fase 1 — Tentativa 3: Main + 2ª GPU (cascata: GPU2=30%, GPU0=10%, GPU1=10%)
2026-06-09 20:40:32,220 - INFO - Fase 1 — Tentativa 3: Main + 2ª GPU (cascata: GPU2=20%, GPU0=10%, GPU1=10%)
2026-06-09 20:40:32,267 - INFO - Fase 1 — Tentativa 3: Main + 2ª GPU (cascata: GPU2=20%, GPU0=10%, GPU1=10%)
2026-06-09 20:40:32,423 - INFO - Fase 1 — Tentativa 3: Main + 2ª GPU (cascata: GPU2=10%, GPU0=10%, GPU1=10%)
2026-06-09 20:40:32,464 - INFO - Fase 1 — Tentativa 3: Main + 2ª GPU (cascata: GPU2=10%, GPU0=10%, GPU1=10%)
2026-06-09 20:40:32,609 - INFO - === Fase 1 INICIO (GPUs primeiro, CPU permitido neste passo) ===
2026-06-09 20:40:32,627 - INFO - === Fase 1 INICIO (GPUs primeiro, CPU permitido neste passo) ===
2026-06-09 20:40:32,668 - INFO - Fase 1 — Tentativa 1: Main GPU2 100%
2026-06-09 20:40:32,709 - INFO - Fase 1 — Tentativa 1: Main GPU2 100%
2026-06-09 20:40:32,909 - INFO - PROBE #1 START (gpus=1): weight_map={0: 100%} synced={0: 100%} cpu=10->0 [gpu[0]=100.0%, cpu[-1]=0.0%]
2026-06-09 20:40:32,990 - INFO - PROBE #1 START (gpus=1): weight_map={0: 100%} synced={0: 100%} cpu=10->0 [gpu[0]=100.0%, cpu[-1]=0.0%]
2026-06-09 20:40:33,024 - INFO - PROBE #1 RESULT: ready | synced={0: 100%} cpu=0
2026-06-09 20:40:33,080 - INFO - PROBE #1 RESULT: ready | synced={0: 100%} cpu=0
2026-06-09 20:40:33,145 - WARNING - _wait_for_outcome: OOM-on-exit after 0.0s (log=/tmp/server.log) | preview=['ggml CUDA error: out of memory']
2026-06-09 20:40:33,176 - WARNING - _wait_for_outcome: CRASHED after 0.0s (log=/tmp/server.log) | preview=["error: unknown model architecture 'qwen3-next'"]
2026-06-09 20:40:33,200 - INFO - PROBE #1 START (gpus=1): weight_map={0: 100%} synced={0: 100%} cpu=0->0 [gpu[0]=100.0%]
2026-06-09 20:40:33,237 - INFO - PROBE #1 START (gpus=1): weight_map={0: 100%} synced={0: 100%} cpu=0->0 [gpu[0]=100.0%]
2026-06-09 20:40:33,296 - WARNING - PROBE #1 RESULT: crashed | synced={0: 100%} cpu=0
2026-06-09 20:40:33,339 - WARNING - PROBE #1 RESULT: crashed | synced={0: 100%} cpu=0
2026-06-09 20:40:33,484 - WARNING - PROBE #1 RESULT: crashed | synced={0: 100%} cpu=0
2026-06-09 20:40:33,521 - WARNING - PROBE #1 RESULT: crashed | synced={0: 100%} cpu=0
2026-06-09 20:40:33,657 - WARNING - PROBE #1 RESULT: crashed | synced={0: 100%} cpu=0
2026-06-09 20:40:33,688 - WARNING - PROBE #1 RESULT: crashed | synced={0: 100%} cpu=0
2026-06-09 20:40:33,850 - INFO - PROBE #1 START (gpus=1): weight_map={0: 100%} synced={0: 100%} cpu=0->0 [gpu[0]=100.0%]
2026-06-09 20:40:33,900 - INFO - PROBE #1 START (gpus=1): weight_map={0: 100%} synced={0: 100%} cpu=0->0 [gpu[0]=100.0%]
2026-06-09 20:40:33,926 - WARNING - PROBE #1 RESULT: crashed | synced={0: 100%} cpu=0
2026-06-09 20:40:33,961 - WARNING - PROBE #1 RESULT: crashed | synced={0: 100%} cpu=0
2026-06-09 20:40:34,095 - INFO - PROBE #1 RESULT: ready | synced={0: 100%} cpu=0
2026-06-09 20:40:34,107 - INFO - PROBE #1 RESULT: ready | synced={0: 100%} cpu=0
2026-06-09 20:40:34,138 - INFO - PROBE #1 START (gpus=1): weight_map={0: 100%} synced={0: 100%} cpu=0->0 [gpu[0]=100.0%]
2026-06-09 20:40:34,206 - INFO - PROBE #1 START (gpus=1): weight_map={0: 100%} synced={0: 100%} cpu=0->0 [gpu[0]=100.0%]
2026-06-09 20:40:34,229 - WARNING - PROBE #1 RESULT: crashed | synced={0: 100%} cpu=0
2026-06-09 20:40:34,260 - WARNING - PROBE #1 RESULT: crashed | synced={0: 100%} cpu=0
2026-06-09 20:40:34,313 - INFO - estimate_model_vram_mb [DISK] model=/models/Qwen3-Coder-Next.gguf disk_mb=20000 runtime_overhead_mb=1000 weights_mb=21000 kv_cache_mb=409 total_mb=21409
2026-06-09 20:40:34,356 - INFO - estimate_model_vram_mb [DISK] model=/models/Qwen3-Coder-Next.gguf disk_mb=20000 runtime_overhead_mb=1000 weights_mb=21000 kv_cache_mb=409 total_mb=21409
2026-06-09 20:40:34,375 - INFO - estimate_model_vram_mb [DISK] model=/models/Qwen3-Coder-Next.gguf disk_mb=20000 runtime_overhead_mb=1000 weights_mb=21000 kv_cache_mb=409 total_mb=21409
2026-06-09 20:40:34,415 - INFO - estimate_model_vram_mb [DISK] model=/models/Qwen3-Coder-Next.gguf disk_mb=20000 runtime_overhead_mb=1000 weights_mb=21000 kv_cache_mb=409 total_mb=21409
2026-06-09 20:40:34,434 - INFO - === Auto-balance EMPIRICAL START ===
  model=Qwen3-Coder-Next.gguf path=/models/Qwen3-Coder-Next.gguf
  context_size=4096 parallel_slots=1
  weights_mb=21000 (20.51 GB)  kv_cache_mb=409  total_mb=21409 (20.91 GB)
  active_gpus=3 | total_vram=57344 MB (56.00 GB)
  gpu_vram={0: 16384, 1: 16384, 2: 24576}
  gpu_names={0: Tesla P100-PCIE-16GB, 1: Tesla P100-PCIE-16GB, 2: NVIDIA GeForce RTX 3090}
  main_index=2
  spill_order=[2, 0, 1]
  cpu_enabled=True
  pins_count=0
2026-06-09 20:40:34,482 - INFO - === Auto-balance EMPIRICAL START ===
  model=Qwen3-Coder-Next.gguf path=/models/Qwen3-Coder-Next.gguf
  context_size=4096 parallel_slots=1
  weights_mb=21000 (20.51 GB)  kv_cache_mb=409  total_mb=21409 (20.91 GB)
  active_gpus=3 | total_vram=57344 MB (56.00 GB)
  gpu_vram={0: 16384, 1: 16384, 2: 24576}
  gpu_names={0: Tesla P100-PCIE-16GB, 1: Tesla P100-PCIE-16GB, 2: NVIDIA GeForce RTX 3090}
  main_index=2
  spill_order=[2, 0, 1]
  cpu_enabled=True
  pins_count=0
2026-06-09 20:40:34,503 - INFO - === Fase 1 INICIO (GPUs primeiro) ===
2026-06-09 20:40:34,544 - INFO - === Fase 1 INICIO (GPUs primeiro) ===
2026-06-09 20:40:34,562 - INFO - Fase 1 — Tentativa 1: Main GPU2 100%
2026-06-09 20:40:34,596 - INFO - Fase 1 — Tentativa 1: Main GPU2 100%
2026-06-09 20:40:34,614 - ERROR - === SERVER CRASH FAILURE (não-OOM) ===
  model=Qwen3-Coder-Next.gguf path=/models/Qwen3-Coder-Next.gguf
  elapsed=1.0s crashed_split={2: 100} cpu=0%
  server_log=/tmp/server.log
  log_tail=['unknown architecture']
  message=O servidor encerrou inesperadamente (~1.0s) ao carregar "Qwen3-Coder-Next.gguf", sem indício de falta de memória (OOM). Isso indica incompatibilidade do modelo/binário llama.cpp ou um parâmetro de inicialização inválido — não falta de VRAM. O auto-balance foi interrompido.
2026-06-09 20:40:34,651 - ERROR - === SERVER CRASH FAILURE (não-OOM) ===
  model=Qwen3-Coder-Next.gguf path=/models/Qwen3-Coder-Next.gguf
  elapsed=1.0s crashed_split={2: 100} cpu=0%
  server_log=/tmp/server.log
  log_tail=['unknown architecture']
  message=O servidor encerrou inesperadamente (~1.0s) ao carregar "Qwen3-Coder-Next.gguf", sem indício de falta de memória (OOM). Isso indica incompatibilidade do modelo/binário llama.cpp ou um parâmetro de inicialização inválido — não falta de VRAM. O auto-balance foi interrompido.
2026-06-09 20:40:34,684 - INFO - === Fase 1c — busca GPU-only (maximizar principal) ===
  principal=GPU2 faixa=[43%, 50%] resto por VRAM em [0, 1]
2026-06-09 20:40:34,716 - INFO - === Fase 1c — busca GPU-only (maximizar principal) ===
  principal=GPU2 faixa=[43%, 50%] resto por VRAM em [0, 1]
2026-06-09 20:40:35,094 - INFO - Auto-balance: split GPU-only viável (principal maximizado): GPU2=45%, GPU0=28%, GPU1=27%
2026-06-09 20:40:35,105 - INFO - === Fase 1c — busca GPU-only (maximizar principal) ===
  principal=GPU2 faixa=[43%, 50%] resto por VRAM em [0, 1]
2026-06-09 20:40:35,141 - INFO - === Fase 1c — busca GPU-only (maximizar principal) ===
  principal=GPU2 faixa=[43%, 50%] resto por VRAM em [0, 1]
2026-06-09 20:40:35,685 - INFO - Fase 2: input weight_map={2: 80%, 0: 10%, 1: 10%} main_index=2
2026-06-09 20:40:35,704 - INFO - Fase 2: input weight_map={2: 80%, 0: 10%, 1: 10%} main_index=2
2026-06-09 20:40:35,722 - INFO - Auto-balance GPU 2: weight=80% vram=0.0%
2026-06-09 20:40:35,751 - INFO - Auto-balance GPU 0: weight=10% vram=0.0%
2026-06-09 20:40:35,768 - INFO - Auto-balance GPU 1: weight=10% vram=0.0%
2026-06-09 20:40:35,797 - INFO - TRIM: GPU1 removida — 10% redistribuido para GPU2 | GPU2=90%, GPU0=10%
2026-06-09 20:40:35,838 - INFO - TRIM: GPU1 removida — 10% redistribuido para GPU2 | GPU2=90%, GPU0=10%
2026-06-09 20:40:35,877 - WARNING - TRIM: GPU0 mantida (10%) — probe=oom
2026-06-09 20:40:35,923 - WARNING - TRIM: GPU0 mantida (10%) — probe=oom
2026-06-09 20:40:35,952 - WARNING - TRIM: GPU1 mantida (10%) — probe=oom
2026-06-09 20:40:35,986 - WARNING - TRIM: GPU1 mantida (10%) — probe=oom
2026-06-09 20:40:36,006 - WARNING - TRIM: GPU0 mantida (10%) — probe=oom
2026-06-09 20:40:36,041 - WARNING - TRIM: GPU0 mantida (10%) — probe=oom
2026-06-09 20:40:36,139 - INFO - === Auto-balance EMPIRICAL START ===
  model=test.gguf path=/models/test.gguf
  context_size=4096 parallel_slots=1
  weights_mb=30000 (29.30 GB)  kv_cache_mb=0  total_mb=30000 (29.30 GB)
  active_gpus=3 | total_vram=57344 MB (56.00 GB)
  gpu_vram={0: 16384, 1: 16384, 2: 24576}
  gpu_names={0: Tesla P100-PCIE-16GB, 1: Tesla P100-PCIE-16GB, 2: NVIDIA GeForce RTX 3090}
  main_index=2
  spill_order=[2, 0, 1]
  cpu_enabled=True
  pins_count=0
2026-06-09 20:40:36,147 - INFO - === Auto-balance EMPIRICAL START ===
  model=test.gguf path=/models/test.gguf
  context_size=4096 parallel_slots=1
  weights_mb=30000 (29.30 GB)  kv_cache_mb=0  total_mb=30000 (29.30 GB)
  active_gpus=3 | total_vram=57344 MB (56.00 GB)
  gpu_vram={0: 16384, 1: 16384, 2: 24576}
  gpu_names={0: Tesla P100-PCIE-16GB, 1: Tesla P100-PCIE-16GB, 2: NVIDIA GeForce RTX 3090}
  main_index=2
  spill_order=[2, 0, 1]
  cpu_enabled=True
  pins_count=0
2026-06-09 20:40:36,181 - INFO - === Fase 1 INICIO (GPUs primeiro) ===
2026-06-09 20:40:36,234 - INFO - === Fase 1 INICIO (GPUs primeiro) ===
2026-06-09 20:40:36,263 - INFO - Fase 1 — Tentativa 1: Main GPU2 100%
2026-06-09 20:40:36,296 - INFO - Fase 1 — Tentativa 1: Main GPU2 100%
2026-06-09 20:40:36,418 - INFO - Fase 1 — Tentativa 2: Main + 1ª GPU (cascata: GPU2=81%, GPU0=19%)
2026-06-09 20:40:36,451 - INFO - Fase 1 — Tentativa 2: Main + 1ª GPU (cascata: GPU2=81%, GPU0=19%)
2026-06-09 20:40:36,627 - INFO - === Auto-balance: Fase 1 viavel ===
  weight_label=GPU2=81%, GPU0=19%
  weight_map={2: 81%, 0: 19%}
  cpu_weight=0
2026-06-09 20:40:36,651 - INFO - === Auto-balance: Fase 1 viavel ===
  weight_label=GPU2=81%, GPU0=19%
  weight_map={2: 81%, 0: 19%}
  cpu_weight=0
2026-06-09 20:40:36,680 - WARNING - TRIM: GPU0 mantida (19%) — probe=oom
2026-06-09 20:40:36,721 - WARNING - TRIM: GPU0 mantida (19%) — probe=oom
2026-06-09 20:40:36,746 - INFO - === Fase 2 PREPARANDO ===
  trimmed={2: 81%, 0: 19%} main_index=2 cpu_enabled=True
2026-06-09 20:40:36,779 - INFO - === Fase 2 PREPARANDO ===
  trimmed={2: 81%, 0: 19%} main_index=2 cpu_enabled=True
2026-06-09 20:40:36,805 - INFO - === Fase 2 INICIO (maximizar VRAM, GPU-only) ===
2026-06-09 20:40:36,838 - INFO - === Fase 2 INICIO (maximizar VRAM, GPU-only) ===
2026-06-09 20:40:36,856 - INFO - Fase 2: input weight_map={2: 81%, 0: 19%} main_index=2
2026-06-09 20:40:36,888 - INFO - Fase 2: input weight_map={2: 81%, 0: 19%} main_index=2
2026-06-09 20:40:36,914 - INFO - Auto-balance GPU 2: weight=81% vram=96.0%
2026-06-09 20:40:36,934 - INFO - Auto-balance GPU 0: weight=19% vram=19.0%
2026-06-09 20:40:36,952 - INFO - === Fase 2 CONCLUIDA ===
  weight_map={2: 81%, 0: 19%}
  cpu_weight=0
2026-06-09 20:40:36,986 - INFO - === Fase 2 CONCLUIDA ===
  weight_map={2: 81%, 0: 19%}
  cpu_weight=0
2026-06-09 20:40:37,004 - INFO - === Fase 3 INICIO (fine-tuning 1%, GPU-only) ===
  main_gpu=2 current_weight=81% max_possible=100%
  secondary_total=19% CPU=desabilitado
2026-06-09 20:40:37,035 - INFO - === Fase 3 INICIO (fine-tuning 1%, GPU-only) ===
  main_gpu=2 current_weight=81% max_possible=100%
  secondary_total=19% CPU=desabilitado
2026-06-09 20:40:37,155 - WARNING - Fase 3: sem incremento possivel — main GPU2 ja em 81%
2026-06-09 20:40:37,177 - WARNING - Fase 3: sem incremento possivel — main GPU2 ja em 81%
2026-06-09 20:40:37,221 - INFO - _vram_summary: weight_map={2: 81%, 0: 19%} -> summary=GPU2 VRAM 97%; GPU0 VRAM 18%
2026-06-09 20:40:37,246 - INFO - === Auto-balance: peso final ===
  weight_label=GPU2=81%, GPU0=19%
  weight_map={2: 81%, 0: 19%}
  cpu_weight=0
2026-06-09 20:40:37,278 - INFO - === Auto-balance: peso final ===
  weight_label=GPU2=81%, GPU0=19%
  weight_map={2: 81%, 0: 19%}
  cpu_weight=0
2026-06-09 20:40:37,319 - INFO - === HARDWARE SNAPSHOT BEFORE FINAL ===
  gpus=[GPU0: used=2949MB total=16384MB util=0%; GPU1: used=0MB total=16384MB util=0%; GPU2: used=23839MB total=24576MB util=0%]
2026-06-09 20:40:37,354 - INFO - === HARDWARE SNAPSHOT BEFORE FINAL ===
  gpus=[GPU0: used=2949MB total=16384MB util=0%; GPU1: used=0MB total=16384MB util=0%; GPU2: used=23839MB total=24576MB util=0%]
2026-06-09 20:40:37,373 - INFO - === Auto-balance SUCCESS ===
  message=Balance otimizado (GPU2=81%, GPU0=19%). GPU2 VRAM 97%; GPU0 VRAM 18%
  gpu_weights_exported=3 entries
2026-06-09 20:40:37,404 - INFO - === Auto-balance SUCCESS ===
  message=Balance otimizado (GPU2=81%, GPU0=19%). GPU2 VRAM 97%; GPU0 VRAM 18%
  gpu_weights_exported=3 entries
2026-06-09 20:40:37,563 - INFO - Session expired due to inactivity
2026-06-09 20:40:37,856 - INFO - START: /usr/bin/llama-server -m /fake/model.gguf -ngl 999 --flash-attn on --host 0.0.0.0 --port 8085 --tools all --parallel 1 --ctx-size 8192 --batch-size 2048 --mlock --main-gpu 0 --split-mode layer --tensor-split 1.0000 --api-key sk-test --mmproj-auto --jinja --reasoning on --chat-template-kwargs {"enable_thinking":true} (CUDA_VISIBLE_DEVICES=0, ctx_per_slot=8192, server_ctx=8192, batch_size=2048, thinking_enabled=True, mtp_enabled=False, mtp_draft_tokens=3, mtp_applied=False, gpu_pct=100.0, cpu_pct=0, n_gpu_layers=999, n_cpu_layers=0)
2026-06-09 20:40:37,886 - INFO - START: /usr/bin/llama-server -m /fake/model.gguf -ngl 999 --flash-attn on --host 0.0.0.0 --port 8085 --tools all --parallel 1 --ctx-size 8192 --batch-size 2048 --mlock --main-gpu 0 --split-mode layer --tensor-split 0.5000,0.5000 --api-key sk-test --mmproj-auto --jinja --reasoning on --chat-template-kwargs {"enable_thinking":true} (CUDA_VISIBLE_DEVICES=0,1, ctx_per_slot=8192, server_ctx=8192, batch_size=2048, thinking_enabled=True, mtp_enabled=False, mtp_draft_tokens=3, mtp_applied=False, gpu_pct=100.0, cpu_pct=0, n_gpu_layers=999, n_cpu_layers=0)
2026-06-09 20:40:37,926 - INFO - START: /usr/bin/llama-server -m /fake/model.gguf -ngl 999 --flash-attn on --host 0.0.0.0 --port 8085 --tools all --parallel 1 --ctx-size 8192 --batch-size 2048 --mlock --main-gpu 0 --split-mode layer --tensor-split 1.0000 --api-key sk-test --mmproj-auto --jinja --reasoning on --chat-template-kwargs {"enable_thinking":true} (CUDA_VISIBLE_DEVICES=0, ctx_per_slot=8192, server_ctx=8192, batch_size=2048, thinking_enabled=True, mtp_enabled=False, mtp_draft_tokens=3, mtp_applied=False, gpu_pct=100.0, cpu_pct=0, n_gpu_layers=999, n_cpu_layers=0)
2026-06-09 20:40:37,966 - INFO - START: /usr/bin/llama-server -m /fake/model.gguf -ngl 22 --flash-attn on --host 0.0.0.0 --port 8085 --tools all --parallel 1 --ctx-size 8192 --batch-size 2048 --mlock --main-gpu 0 --split-mode layer --tensor-split 1.0000 --api-key sk-test --mmproj-auto --jinja --reasoning on --chat-template-kwargs {"enable_thinking":true} (CUDA_VISIBLE_DEVICES=0, ctx_per_slot=8192, server_ctx=8192, batch_size=2048, thinking_enabled=True, mtp_enabled=False, mtp_draft_tokens=3, mtp_applied=False, gpu_pct=70.0, cpu_pct=30.0, n_gpu_layers=22, n_cpu_layers=10)
2026-06-09 20:40:38,012 - ERROR - GPU metrics error: not enough values to unpack (expected 2, got 0)
2026-06-09 20:40:38,148 - INFO - START: /usr/bin/llama-server -m /fake/model.gguf -ngl 999 --flash-attn on --host 0.0.0.0 --port 8085 --tools all --parallel 1 --ctx-size 8192 --batch-size 2048 --mlock --main-gpu 0 --split-mode layer --tensor-split 1.0000 --api-key sk-test --mmproj-auto --jinja --reasoning on --chat-template-kwargs {"enable_thinking":true} (CUDA_VISIBLE_DEVICES=0, ctx_per_slot=8192, server_ctx=8192, batch_size=2048, thinking_enabled=True, mtp_enabled=False, mtp_draft_tokens=3, mtp_applied=False, gpu_pct=70.0, cpu_pct=0.0, n_gpu_layers=999, n_cpu_layers=0)
2026-06-09 20:40:38,176 - INFO - START: /usr/bin/llama-server -m /fake/model.gguf -ngl 22 --flash-attn on --host 0.0.0.0 --port 8085 --tools all --parallel 1 --ctx-size 8192 --batch-size 2048 --mlock --main-gpu 0 --split-mode layer --tensor-split 1.0000 --api-key sk-test --mmproj-auto --jinja --reasoning on --chat-template-kwargs {"enable_thinking":true} (CUDA_VISIBLE_DEVICES=0, ctx_per_slot=8192, server_ctx=8192, batch_size=2048, thinking_enabled=True, mtp_enabled=False, mtp_draft_tokens=3, mtp_applied=False, gpu_pct=70.0, cpu_pct=30.0, n_gpu_layers=22, n_cpu_layers=10)
2026-06-09 20:40:38,203 - ERROR - GPU metrics error: not enough values to unpack (expected 2, got 0)
2026-06-09 20:40:38,333 - INFO - START: /usr/bin/llama-server -m /fake/model.gguf -ngl 999 --flash-attn on --host 0.0.0.0 --port 8085 --tools all --parallel 1 --ctx-size 8192 --batch-size 2048 --mlock --main-gpu 0 --split-mode layer --tensor-split 1.0000 --api-key sk-test --mmproj-auto --jinja --reasoning on --chat-template-kwargs {"enable_thinking":true} (CUDA_VISIBLE_DEVICES=0, ctx_per_slot=8192, server_ctx=8192, batch_size=2048, thinking_enabled=True, mtp_enabled=False, mtp_draft_tokens=3, mtp_applied=False, gpu_pct=70.0, cpu_pct=0.0, n_gpu_layers=999, n_cpu_layers=0)
2026-06-09 20:40:38,400 - INFO - START: /usr/bin/llama-server -m /fake/model.gguf -ngl 70 --flash-attn on --host 0.0.0.0 --port 8085 --tools all --parallel 1 --ctx-size 8192 --batch-size 2048 --mlock --main-gpu 0 --split-mode layer --tensor-split 0.7143,0.2857 --api-key sk-test --mmproj-auto --jinja --reasoning on --chat-template-kwargs {"enable_thinking":true} (CUDA_VISIBLE_DEVICES=0,1, ctx_per_slot=8192, server_ctx=8192, batch_size=2048, thinking_enabled=True, mtp_enabled=False, mtp_draft_tokens=3, mtp_applied=False, gpu_pct=70.0, cpu_pct=30.0, n_gpu_layers=70, n_cpu_layers=30)
2026-06-09 20:40:38,430 - INFO - START: /usr/bin/llama-server -m /fake/model.gguf -ngl 999 --flash-attn on --host 0.0.0.0 --port 8085 --tools all --parallel 1 --ctx-size 8192 --batch-size 2048 --mlock --main-gpu 1 --split-mode layer --tensor-split 0.6000,0.4000 --api-key sk-test --mmproj-auto --jinja --reasoning on --chat-template-kwargs {"enable_thinking":true} (CUDA_VISIBLE_DEVICES=0,1, ctx_per_slot=8192, server_ctx=8192, batch_size=2048, thinking_enabled=True, mtp_enabled=False, mtp_draft_tokens=3, mtp_applied=False, gpu_pct=100.0, cpu_pct=0, n_gpu_layers=999, n_cpu_layers=0)
2026-06-09 20:40:38,458 - INFO - === Auto-balance EMPIRICAL START ===
  model=test.gguf path=/models/test.gguf
  context_size=4096 parallel_slots=1
  weights_mb=20000 (19.53 GB)  kv_cache_mb=0  total_mb=20000 (19.53 GB)
  active_gpus=2 | total_vram=40000 MB (39.06 GB)
  gpu_vram={0: 24000, 1: 16000}
  gpu_names={0: GPU0, 1: GPU1}
  main_index=0
  spill_order=[0, 1]
  cpu_enabled=True
  pins_count=0
2026-06-09 20:40:38,485 - INFO - === Auto-balance EMPIRICAL START ===
  model=test.gguf path=/models/test.gguf
  context_size=4096 parallel_slots=1
  weights_mb=20000 (19.53 GB)  kv_cache_mb=0  total_mb=20000 (19.53 GB)
  active_gpus=2 | total_vram=40000 MB (39.06 GB)
  gpu_vram={0: 24000, 1: 16000}
  gpu_names={0: GPU0, 1: GPU1}
  main_index=0
  spill_order=[0, 1]
  cpu_enabled=True
  pins_count=0
2026-06-09 20:40:38,513 - INFO - === Fase 1 INICIO (GPUs primeiro) ===
2026-06-09 20:40:38,551 - INFO - === Fase 1 INICIO (GPUs primeiro) ===
2026-06-09 20:40:38,570 - INFO - Fase 1 — Tentativa 1: Main GPU0 100%
2026-06-09 20:40:38,596 - INFO - Fase 1 — Tentativa 1: Main GPU0 100%
2026-06-09 20:40:38,736 - INFO - === Auto-balance: Fase 1 viavel ===
  weight_label=GPU0=100%
  weight_map={0: 100%}
  cpu_weight=0
2026-06-09 20:40:38,787 - INFO - === Auto-balance: Fase 1 viavel ===
  weight_label=GPU0=100%
  weight_map={0: 100%}
  cpu_weight=0
2026-06-09 20:40:38,814 - INFO - === Fase 2 PREPARANDO ===
  trimmed={0: 100%} main_index=0 cpu_enabled=True
2026-06-09 20:40:38,844 - INFO - === Fase 2 PREPARANDO ===
  trimmed={0: 100%} main_index=0 cpu_enabled=True
2026-06-09 20:40:38,865 - INFO - === Fase 2 INICIO (maximizar VRAM, GPU-only) ===
2026-06-09 20:40:38,914 - INFO - === Fase 2 INICIO (maximizar VRAM, GPU-only) ===
2026-06-09 20:40:38,931 - INFO - === Fase 2 CONCLUIDA ===
  weight_map={0: 100%}
  cpu_weight=0
2026-06-09 20:40:38,974 - INFO - === Fase 2 CONCLUIDA ===
  weight_map={0: 100%}
  cpu_weight=0
2026-06-09 20:40:38,996 - INFO - Fase 3: GPU0 já está em 100% — pulando fine-tuning
2026-06-09 20:40:39,027 - INFO - Fase 3: GPU0 já está em 100% — pulando fine-tuning
2026-06-09 20:40:39,045 - INFO - _vram_summary: weight_map={0: 100%} -> summary=GPU0 VRAM 0%
2026-06-09 20:40:39,064 - INFO - === Auto-balance: peso final ===
  weight_label=GPU0=100%
  weight_map={0: 100%}
  cpu_weight=0
2026-06-09 20:40:39,096 - INFO - === Auto-balance: peso final ===
  weight_label=GPU0=100%
  weight_map={0: 100%}
  cpu_weight=0
2026-06-09 20:40:39,113 - INFO - === HARDWARE SNAPSHOT BEFORE FINAL ===
  gpus=[]
2026-06-09 20:40:39,146 - INFO - === HARDWARE SNAPSHOT BEFORE FINAL ===
  gpus=[]
2026-06-09 20:40:39,175 - INFO - === Auto-balance SUCCESS ===
  message=Balance otimizado (GPU0=100%). GPU0 VRAM 0%
  gpu_weights_exported=2 entries
2026-06-09 20:40:39,204 - INFO - === Auto-balance SUCCESS ===
  message=Balance otimizado (GPU0=100%). GPU0 VRAM 0%
  gpu_weights_exported=2 entries
2026-06-09 20:40:39,234 - INFO - === Auto-balance EMPIRICAL START ===
  model=test.gguf path=/models/test.gguf
  context_size=4096 parallel_slots=1
  weights_mb=20000 (19.53 GB)  kv_cache_mb=0  total_mb=20000 (19.53 GB)
  active_gpus=1 | total_vram=24000 MB (23.44 GB)
  gpu_vram={0: 24000}
  gpu_names={0: GPU0}
  main_index=0
  spill_order=[0]
  cpu_enabled=True
  pins_count=1
2026-06-09 20:40:39,270 - INFO - === Auto-balance EMPIRICAL START ===
  model=test.gguf path=/models/test.gguf
  context_size=4096 parallel_slots=1
  weights_mb=20000 (19.53 GB)  kv_cache_mb=0  total_mb=20000 (19.53 GB)
  active_gpus=1 | total_vram=24000 MB (23.44 GB)
  gpu_vram={0: 24000}
  gpu_names={0: GPU0}
  main_index=0
  spill_order=[0]
  cpu_enabled=True
  pins_count=1
2026-06-09 20:40:39,302 - INFO - === Auto-balance: Fase 1 viavel ===
  weight_label=GPU0=100%
  weight_map={0: 100%}
  cpu_weight=0
2026-06-09 20:40:39,338 - INFO - === Auto-balance: Fase 1 viavel ===
  weight_label=GPU0=100%
  weight_map={0: 100%}
  cpu_weight=0
2026-06-09 20:40:39,361 - INFO - === Fase 2 PREPARANDO ===
  trimmed={0: 100%} main_index=0 cpu_enabled=True
2026-06-09 20:40:39,395 - INFO - === Fase 2 PREPARANDO ===
  trimmed={0: 100%} main_index=0 cpu_enabled=True
2026-06-09 20:40:39,414 - INFO - === Fase 2 INICIO (maximizar VRAM, GPU-only) ===
2026-06-09 20:40:39,461 - INFO - === Fase 2 INICIO (maximizar VRAM, GPU-only) ===
2026-06-09 20:40:39,490 - INFO - === Fase 2 CONCLUIDA ===
  weight_map={0: 100%}
  cpu_weight=0
2026-06-09 20:40:39,520 - INFO - === Fase 2 CONCLUIDA ===
  weight_map={0: 100%}
  cpu_weight=0
2026-06-09 20:40:39,537 - INFO - Fase 3: GPU0 já está em 100% — pulando fine-tuning
2026-06-09 20:40:39,570 - INFO - Fase 3: GPU0 já está em 100% — pulando fine-tuning
2026-06-09 20:40:39,593 - INFO - _vram_summary: weight_map={0: 100%} -> summary=GPU0 VRAM 0%
2026-06-09 20:40:39,611 - INFO - === Auto-balance: peso final ===
  weight_label=GPU0=100%
  weight_map={0: 100%}
  cpu_weight=0
2026-06-09 20:40:39,648 - INFO - === Auto-balance: peso final ===
  weight_label=GPU0=100%
  weight_map={0: 100%}
  cpu_weight=0
2026-06-09 20:40:39,666 - INFO - === HARDWARE SNAPSHOT BEFORE FINAL ===
  gpus=[]
2026-06-09 20:40:39,694 - INFO - === HARDWARE SNAPSHOT BEFORE FINAL ===
  gpus=[]
2026-06-09 20:40:39,720 - INFO - === Auto-balance SUCCESS ===
  message=Balance otimizado (GPU0=100%). GPU0 VRAM 0%
  gpu_weights_exported=1 entries
2026-06-09 20:40:39,751 - INFO - === Auto-balance SUCCESS ===
  message=Balance otimizado (GPU0=100%). GPU0 VRAM 0%
  gpu_weights_exported=1 entries
2026-06-09 20:40:39,786 - INFO - === Fase 1 INICIO (GPUs primeiro, CPU permitido neste passo) ===
2026-06-09 20:40:39,855 - INFO - === Fase 1 INICIO (GPUs primeiro, CPU permitido neste passo) ===
2026-06-09 20:40:39,871 - INFO - Fase 1 — Tentativa 1: Main GPU0 100%
2026-06-09 20:40:39,900 - INFO - Fase 1 — Tentativa 1: Main GPU0 100%
2026-06-09 20:40:40,031 - INFO - Fase 1 — Tentativa 2: Main + 1ª GPU (cascata: GPU0=90%, GPU1=10%)
2026-06-09 20:40:40,058 - INFO - Fase 1 — Tentativa 2: Main + 1ª GPU (cascata: GPU0=90%, GPU1=10%)
2026-06-09 20:40:40,240 - INFO - Fase 1 — Tentativa 2: Main + 1ª GPU (cascata: GPU0=80%, GPU1=10%)
2026-06-09 20:40:40,277 - INFO - Fase 1 — Tentativa 2: Main + 1ª GPU (cascata: GPU0=80%, GPU1=10%)
2026-06-09 20:40:40,415 - INFO - Fase 1 — Tentativa 2: Main + 1ª GPU (cascata: GPU0=70%, GPU1=10%)
2026-06-09 20:40:40,443 - INFO - Fase 1 — Tentativa 2: Main + 1ª GPU (cascata: GPU0=70%, GPU1=10%)
2026-06-09 20:40:40,604 - INFO - === Auto-balance EMPIRICAL START ===
  model=test.gguf path=/models/test.gguf
  context_size=4096 parallel_slots=1
  weights_mb=30000 (29.30 GB)  kv_cache_mb=0  total_mb=30000 (29.30 GB)
  active_gpus=2 | total_vram=40000 MB (39.06 GB)
  gpu_vram={0: 24000, 1: 16000}
  gpu_names={0: GPU0, 1: GPU1}
  main_index=0
  spill_order=[0, 1]
  cpu_enabled=True
  pins_count=0
2026-06-09 20:40:40,628 - INFO - === Auto-balance EMPIRICAL START ===
  model=test.gguf path=/models/test.gguf
  context_size=4096 parallel_slots=1
  weights_mb=30000 (29.30 GB)  kv_cache_mb=0  total_mb=30000 (29.30 GB)
  active_gpus=2 | total_vram=40000 MB (39.06 GB)
  gpu_vram={0: 24000, 1: 16000}
  gpu_names={0: GPU0, 1: GPU1}
  main_index=0
  spill_order=[0, 1]
  cpu_enabled=True
  pins_count=0
2026-06-09 20:40:40,647 - INFO - === Auto-balance: Fase 1 viavel ===
  weight_label=GPU0=100%
  weight_map={0: 100%}
  cpu_weight=0
2026-06-09 20:40:40,691 - INFO - === Auto-balance: Fase 1 viavel ===
  weight_label=GPU0=100%
  weight_map={0: 100%}
  cpu_weight=0
2026-06-09 20:40:40,711 - INFO - === Fase 2 PREPARANDO ===
  trimmed={0: 100%} main_index=0 cpu_enabled=True
2026-06-09 20:40:40,751 - INFO - === Fase 2 PREPARANDO ===
  trimmed={0: 100%} main_index=0 cpu_enabled=True
2026-06-09 20:40:40,767 - INFO - === Fase 2 INICIO (maximizar VRAM, GPU-only) ===
2026-06-09 20:40:40,800 - INFO - === Fase 2 INICIO (maximizar VRAM, GPU-only) ===
2026-06-09 20:40:40,820 - INFO - === Fase 2 CONCLUIDA ===
  weight_map={0: 100%}
  cpu_weight=0
2026-06-09 20:40:40,846 - INFO - === Fase 2 CONCLUIDA ===
  weight_map={0: 100%}
  cpu_weight=0
2026-06-09 20:40:40,865 - INFO - Fase 3: GPU0 já está em 100% — pulando fine-tuning
2026-06-09 20:40:40,893 - INFO - Fase 3: GPU0 já está em 100% — pulando fine-tuning
2026-06-09 20:40:40,913 - INFO - _vram_summary: weight_map={0: 100%} -> summary=GPU0 VRAM 0%
2026-06-09 20:40:40,934 - INFO - === Auto-balance: peso final ===
  weight_label=GPU0=100%
  weight_map={0: 100%}
  cpu_weight=0
2026-06-09 20:40:40,963 - INFO - === Auto-balance: peso final ===
  weight_label=GPU0=100%
  weight_map={0: 100%}
  cpu_weight=0
2026-06-09 20:40:40,986 - INFO - === HARDWARE SNAPSHOT BEFORE FINAL ===
  gpus=[]
2026-06-09 20:40:41,015 - INFO - === HARDWARE SNAPSHOT BEFORE FINAL ===
  gpus=[]
2026-06-09 20:40:41,052 - INFO - === Auto-balance SUCCESS ===
  message=Balance otimizado (GPU0=100%). GPU0 VRAM 0%
  gpu_weights_exported=2 entries
2026-06-09 20:40:41,087 - INFO - === Auto-balance SUCCESS ===
  message=Balance otimizado (GPU0=100%). GPU0 VRAM 0%
  gpu_weights_exported=2 entries
2026-06-09 20:40:41,117 - INFO - === Auto-balance EMPIRICAL START ===
  model=test.gguf path=/models/test.gguf
  context_size=4096 parallel_slots=1
  weights_mb=70000 (68.36 GB)  kv_cache_mb=0  total_mb=70000 (68.36 GB)
  active_gpus=2 | total_vram=40000 MB (39.06 GB)
  gpu_vram={0: 24000, 1: 16000}
  gpu_names={0: GPU0, 1: GPU1}
  main_index=0
  spill_order=[0, 1]
  cpu_enabled=True
  pins_count=0
2026-06-09 20:40:41,172 - INFO - === Auto-balance EMPIRICAL START ===
  model=test.gguf path=/models/test.gguf
  context_size=4096 parallel_slots=1
  weights_mb=70000 (68.36 GB)  kv_cache_mb=0  total_mb=70000 (68.36 GB)
  active_gpus=2 | total_vram=40000 MB (39.06 GB)
  gpu_vram={0: 24000, 1: 16000}
  gpu_names={0: GPU0, 1: GPU1}
  main_index=0
  spill_order=[0, 1]
  cpu_enabled=True
  pins_count=0
2026-06-09 20:40:41,193 - WARNING - Fase 1 — cascata GPU-only deu OOM; buscando split GPU-only maximizando o principal (resto balanceado por VRAM) antes do CPU
2026-06-09 20:40:41,228 - WARNING - Fase 1 — cascata GPU-only deu OOM; buscando split GPU-only maximizando o principal (resto balanceado por VRAM) antes do CPU
2026-06-09 20:40:41,246 - WARNING - Fase 1 — maximização GPU-only falhou; iniciando CPU offload (último recurso, +10% por tentativa)
2026-06-09 20:40:41,289 - WARNING - Fase 1 — maximização GPU-only falhou; iniciando CPU offload (último recurso, +10% por tentativa)
2026-06-09 20:40:41,306 - INFO - === Auto-balance: Fase 1 viavel ===
  weight_label=GPU0=50%, GPU1=20%, CPU=30%
  weight_map={0: 50%, 1: 20%}
  cpu_weight=30
2026-06-09 20:40:41,335 - INFO - === Auto-balance: Fase 1 viavel ===
  weight_label=GPU0=50%, GPU1=20%, CPU=30%
  weight_map={0: 50%, 1: 20%}
  cpu_weight=30
2026-06-09 20:40:41,354 - INFO - === Fase 2 PREPARANDO ===
  trimmed={0: 50%, 1: 20%} main_index=0 cpu_enabled=True
2026-06-09 20:40:41,387 - INFO - === Fase 2 PREPARANDO ===
  trimmed={0: 50%, 1: 20%} main_index=0 cpu_enabled=True
2026-06-09 20:40:41,402 - INFO - === Fase 2 INICIO (maximizar VRAM, GPU-only) ===
2026-06-09 20:40:41,433 - INFO - === Fase 2 INICIO (maximizar VRAM, GPU-only) ===
2026-06-09 20:40:41,450 - INFO - === Fase 2 CONCLUIDA ===
  weight_map={0: 50%, 1: 20%}
  cpu_weight=30
2026-06-09 20:40:41,492 - INFO - === Fase 2 CONCLUIDA ===
  weight_map={0: 50%, 1: 20%}
  cpu_weight=30
2026-06-09 20:40:41,508 - INFO - === Fase 3 INICIO (fine-tuning 1%, GPU-only) ===
  main_gpu=0 current_weight=50% max_possible=70%
  secondary_total=20% CPU=desabilitado
2026-06-09 20:40:41,535 - INFO - === Fase 3 INICIO (fine-tuning 1%, GPU-only) ===
  main_gpu=0 current_weight=50% max_possible=70%
  secondary_total=20% CPU=desabilitado
2026-06-09 20:40:41,554 - WARNING - Fase 3: sem incremento possivel — main GPU0 ja em 50%
2026-06-09 20:40:41,589 - WARNING - Fase 3: sem incremento possivel — main GPU0 ja em 50%
2026-06-09 20:40:41,612 - INFO - _vram_summary: weight_map={0: 50%, 1: 20%} -> summary=GPU0 VRAM 0%; GPU1 VRAM 0%
2026-06-09 20:40:41,653 - INFO - === Auto-balance: peso final ===
  weight_label=GPU0=50%, GPU1=20%, CPU=30%
  weight_map={0: 50%, 1: 20%}
  cpu_weight=30
2026-06-09 20:40:41,690 - INFO - === Auto-balance: peso final ===
  weight_label=GPU0=50%, GPU1=20%, CPU=30%
  weight_map={0: 50%, 1: 20%}
  cpu_weight=30
2026-06-09 20:40:41,749 - INFO - === HARDWARE SNAPSHOT BEFORE FINAL ===
  gpus=[]
2026-06-09 20:40:41,799 - INFO - === HARDWARE SNAPSHOT BEFORE FINAL ===
  gpus=[]
2026-06-09 20:40:41,822 - INFO - === Auto-balance SUCCESS ===
  message=Balance otimizado (GPU0=50%, GPU1=20%, CPU=30%). GPU0 VRAM 0%; GPU1 VRAM 0%
  gpu_weights_exported=3 entries
2026-06-09 20:40:41,862 - INFO - === Auto-balance SUCCESS ===
  message=Balance otimizado (GPU0=50%, GPU1=20%, CPU=30%). GPU0 VRAM 0%; GPU1 VRAM 0%
  gpu_weights_exported=3 entries
2026-06-09 20:40:41,893 - INFO - === Auto-balance EMPIRICAL START ===
  model=test.gguf path=/models/test.gguf
  context_size=4096 parallel_slots=1
  weights_mb=70000 (68.36 GB)  kv_cache_mb=0  total_mb=70000 (68.36 GB)
  active_gpus=2 | total_vram=40000 MB (39.06 GB)
  gpu_vram={0: 24000, 1: 16000}
  gpu_names={0: GPU0, 1: GPU1}
  main_index=0
  spill_order=[0, 1]
  cpu_enabled=False
  pins_count=0
2026-06-09 20:40:41,928 - INFO - === Auto-balance EMPIRICAL START ===
  model=test.gguf path=/models/test.gguf
  context_size=4096 parallel_slots=1
  weights_mb=70000 (68.36 GB)  kv_cache_mb=0  total_mb=70000 (68.36 GB)
  active_gpus=2 | total_vram=40000 MB (39.06 GB)
  gpu_vram={0: 24000, 1: 16000}
  gpu_names={0: GPU0, 1: GPU1}
  main_index=0
  spill_order=[0, 1]
  cpu_enabled=False
  pins_count=0
2026-06-09 20:40:41,945 - WARNING - Fase 1 — cascata GPU-only deu OOM; buscando split GPU-only maximizando o principal (resto balanceado por VRAM) antes do CPU
2026-06-09 20:40:41,973 - WARNING - Fase 1 — cascata GPU-only deu OOM; buscando split GPU-only maximizando o principal (resto balanceado por VRAM) antes do CPU
2026-06-09 20:40:41,991 - INFO - === HARDWARE CAPACITY FAILURE ===
  reason=no_feasible_split
  model=test.gguf path=/models/test.gguf
  estimated_model_mb=?
  total_vram_mb=40000 total_vram_gb=39.06
  active_gpus=[0, 1]
  gpu_details=[{'index': 0, 'name': 'GPU0', 'vram_mb': 24000}, {'index': 1, 'name': 'GPU1', 'vram_mb': 16000}]
  context_size=4096 parallel_slots=1
  message=Não foi possível carregar "test.gguf" em nenhuma divisão testada entre as GPUs selecionadas. O modelo excede a capacidade do hardware atual (~39.1 GB de VRAM em 2 GPU(s)) com contexto 4096 e 1 slot(s).
2026-06-09 20:40:42,025 - INFO - === HARDWARE CAPACITY FAILURE ===
  reason=no_feasible_split
  model=test.gguf path=/models/test.gguf
  estimated_model_mb=?
  total_vram_mb=40000 total_vram_gb=39.06
  active_gpus=[0, 1]
  gpu_details=[{'index': 0, 'name': 'GPU0', 'vram_mb': 24000}, {'index': 1, 'name': 'GPU1', 'vram_mb': 16000}]
  context_size=4096 parallel_slots=1
  message=Não foi possível carregar "test.gguf" em nenhuma divisão testada entre as GPUs selecionadas. O modelo excede a capacidade do hardware atual (~39.1 GB de VRAM em 2 GPU(s)) com contexto 4096 e 1 slot(s).
2026-06-09 20:40:42,102 - INFO - START: /usr/bin/llama-server -m /fake/model.gguf -ngl 22 --flash-attn on --host 0.0.0.0 --port 8085 --tools all --parallel 1 --ctx-size 8192 --batch-size 2048 --mlock --main-gpu 0 --split-mode layer --tensor-split 1.0 --api-key sk-test --mmproj-auto --jinja --reasoning on --chat-template-kwargs {"enable_thinking":true} (CUDA_VISIBLE_DEVICES=0, ctx_per_slot=8192, server_ctx=8192, batch_size=2048, thinking_enabled=True, mtp_enabled=False, mtp_draft_tokens=3, mtp_applied=False, gpu_pct=70.0, cpu_pct=30.0, n_gpu_layers=22, n_cpu_layers=10)
2026-06-09 20:40:42,116 - INFO - START: /usr/bin/llama-server -m /fake/model.gguf -ngl 6 --flash-attn on --host 0.0.0.0 --port 8085 --tools all --parallel 1 --ctx-size 8192 --batch-size 2048 --mlock --main-gpu 0 --split-mode layer --tensor-split 1.0 --api-key sk-test --mmproj-auto --jinja --reasoning on --chat-template-kwargs {"enable_thinking":true} (CUDA_VISIBLE_DEVICES=0, ctx_per_slot=8192, server_ctx=8192, batch_size=2048, thinking_enabled=True, mtp_enabled=False, mtp_draft_tokens=3, mtp_applied=False, gpu_pct=20.0, cpu_pct=80.0, n_gpu_layers=6, n_cpu_layers=26)
2026-06-09 20:40:42,175 - INFO - START: /usr/bin/llama-server -m /fake/model.gguf -ngl 999 --flash-attn on --host 0.0.0.0 --port 8085 --tools all --parallel 1 --ctx-size 8192 --batch-size 2048 --mlock --main-gpu 0 --split-mode layer --tensor-split 1.0 --api-key sk-test --mmproj-auto --jinja --reasoning on --chat-template-kwargs {"enable_thinking":true} (CUDA_VISIBLE_DEVICES=0, ctx_per_slot=8192, server_ctx=8192, batch_size=2048, thinking_enabled=True, mtp_enabled=False, mtp_draft_tokens=3, mtp_applied=False, gpu_pct=100.0, cpu_pct=0, n_gpu_layers=999, n_cpu_layers=0)
2026-06-09 20:40:42,208 - INFO - START: /usr/bin/llama-server -m /fake/model.gguf -ngl 22 --flash-attn on --host 0.0.0.0 --port 8085 --tools all --parallel 1 --ctx-size 8192 --batch-size 2048 --mlock --main-gpu 0 --split-mode layer --tensor-split 1.0 --api-key sk-test --mmproj-auto --jinja --reasoning on --chat-template-kwargs {"enable_thinking":true} (CUDA_VISIBLE_DEVICES=0, ctx_per_slot=8192, server_ctx=8192, batch_size=2048, thinking_enabled=True, mtp_enabled=False, mtp_draft_tokens=3, mtp_applied=False, gpu_pct=70.0, cpu_pct=30.0, n_gpu_layers=22, n_cpu_layers=10)
2026-06-09 20:40:42,751 - WARNING - llama-server nao encontrado automaticamente; configure LLAMA_SERVER_BIN ou paths.json (llama_server_bin)
2026-06-09 20:40:42,772 - ERROR - GPU detection error: Command 'nvidia-smi' returned non-zero exit status 1.
2026-06-09 20:40:42,806 - ERROR - GPU metrics error: Command 'nvidia-smi' returned non-zero exit status 1.
2026-06-09 20:40:42,820 - ERROR - System metrics error: ram metrics unavailable
2026-06-09 20:40:42,856 - ERROR - GPU metrics error: Command 'nvidia-smi' returned non-zero exit status 1.
2026-06-09 20:40:43,702 - ERROR - GPU metrics error: Command 'nvidia-smi' returned non-zero exit status 1.
2026-06-09 20:40:43,707 - ERROR - System metrics error: ram down
2026-06-09 20:40:43,736 - ERROR - GPU metrics error: Command 'nvidia-smi' returned non-zero exit status 1.
2026-06-09 20:40:43,877 - INFO - MTP requested but model has no MTP head, skipping flags
2026-06-09 20:40:44,072 - WARNING - llama-server nao encontrado automaticamente; configure LLAMA_SERVER_BIN ou paths.json (llama_server_bin)
2026-06-09 20:40:44,121 - WARNING - Could not detect MTP for /fake/model.gguf: boom
1969-12-31 21:16:40,000 - WARNING - OOM detected! Consecutive: 1
1969-12-31 21:16:45,000 - WARNING - OOM detected! Consecutive: 2
1969-12-31 21:16:40,000 - WARNING - OOM detected! Consecutive: 1
1969-12-31 21:17:11,000 - WARNING - OOM detected! Consecutive: 1
1969-12-31 21:16:40,000 - WARNING - OOM detected! Consecutive: 1
1969-12-31 21:16:45,000 - WARNING - OOM detected! Consecutive: 3
2026-06-09 20:40:44,442 - WARNING - Could not detect model layers for /fake/model.gguf: not found
2026-06-09 20:40:44,478 - INFO - START: /usr/bin/llama-server -m /fake/model.gguf -ngl 999 --flash-attn on --host 0.0.0.0 --port 8085 --tools all --parallel 1 --ctx-size 8192 --batch-size 2048 --mlock --main-gpu 0 --split-mode layer --tensor-split 1.0 --api-key test-token --mmproj-auto --jinja --reasoning on --chat-template-kwargs {"enable_thinking":true} (CUDA_VISIBLE_DEVICES=0, ctx_per_slot=8192, server_ctx=8192, batch_size=2048, thinking_enabled=True, mtp_enabled=False, mtp_draft_tokens=3, mtp_applied=False, gpu_pct=100.0, cpu_pct=0, n_gpu_layers=999, n_cpu_layers=0)
2026-06-09 20:40:44,509 - INFO - START: /usr/bin/llama-server -m /fake/model.gguf -ngl 22 --flash-attn on --host 0.0.0.0 --port 8085 --tools all --parallel 1 --ctx-size 8192 --batch-size 2048 --mlock --main-gpu 0 --split-mode layer --tensor-split 1.0 --api-key test-token --mmproj-auto --jinja --reasoning on --chat-template-kwargs {"enable_thinking":true} (CUDA_VISIBLE_DEVICES=0, ctx_per_slot=8192, server_ctx=8192, batch_size=2048, thinking_enabled=True, mtp_enabled=False, mtp_draft_tokens=3, mtp_applied=False, gpu_pct=70.0, cpu_pct=30.0, n_gpu_layers=22, n_cpu_layers=10)
2026-06-09 20:40:44,553 - INFO - START: /usr/bin/llama-server -m /fake/model.gguf -ngl 0 --flash-attn on --host 0.0.0.0 --port 8085 --tools all --parallel 1 --ctx-size 8192 --batch-size 2048 --mlock --main-gpu 0 --split-mode layer --tensor-split 1.0 --api-key test-token --mmproj-auto --jinja --reasoning on --chat-template-kwargs {"enable_thinking":true} (CUDA_VISIBLE_DEVICES=0, ctx_per_slot=8192, server_ctx=8192, batch_size=2048, thinking_enabled=True, mtp_enabled=False, mtp_draft_tokens=3, mtp_applied=False, gpu_pct=0, cpu_pct=0, n_gpu_layers=0, n_cpu_layers=32)
2026-06-09 20:40:44,589 - INFO - START: /usr/bin/llama-server -m /fake/model.gguf -ngl 999 --flash-attn on --host 0.0.0.0 --port 8085 --tools all --parallel 1 --ctx-size 8192 --batch-size 2048 --mlock --main-gpu 0 --split-mode layer --tensor-split 1.0 --api-key test-token --mmproj-auto --jinja --reasoning on --chat-template-kwargs {"enable_thinking":true} (CUDA_VISIBLE_DEVICES=0, ctx_per_slot=8192, server_ctx=8192, batch_size=2048, thinking_enabled=True, mtp_enabled=False, mtp_draft_tokens=3, mtp_applied=False, gpu_pct=100.0, cpu_pct=0, n_gpu_layers=999, n_cpu_layers=0)
2026-06-09 20:40:44,619 - INFO - START: /usr/bin/llama-server -m /fake/model.gguf -ngl 999 --flash-attn on --host 0.0.0.0 --port 8085 --tools all --parallel 1 --ctx-size 8192 --batch-size 2048 --mlock --main-gpu 0 --split-mode layer --tensor-split 1.0 --api-key test-token --mmproj-auto --jinja --reasoning on --chat-template-kwargs {"enable_thinking":true} (CUDA_VISIBLE_DEVICES=0, ctx_per_slot=8192, server_ctx=8192, batch_size=2048, thinking_enabled=True, mtp_enabled=False, mtp_draft_tokens=3, mtp_applied=False, gpu_pct=100.0, cpu_pct=0, n_gpu_layers=999, n_cpu_layers=0)
2026-06-09 20:40:44,650 - INFO - START: /usr/bin/llama-server -m /fake/model.gguf -ngl 56 --flash-attn on --host 0.0.0.0 --port 8085 --tools all --parallel 1 --ctx-size 8192 --batch-size 2048 --mlock --main-gpu 0 --split-mode layer --tensor-split 1.0 --api-key test-token --mmproj-auto --jinja --reasoning on --chat-template-kwargs {"enable_thinking":true} (CUDA_VISIBLE_DEVICES=0, ctx_per_slot=8192, server_ctx=8192, batch_size=2048, thinking_enabled=True, mtp_enabled=False, mtp_draft_tokens=3, mtp_applied=False, gpu_pct=70.0, cpu_pct=30.0, n_gpu_layers=56, n_cpu_layers=24)
2026-06-09 20:40:44,678 - INFO - START: /usr/bin/llama-server -m /fake/model.gguf -ngl 999 --flash-attn on --host 0.0.0.0 --port 8085 --tools all --parallel 1 --ctx-size 8192 --batch-size 2048 --mlock --main-gpu 0 --split-mode layer --tensor-split 1.0 --api-key test-token --mmproj-auto --jinja --reasoning on --chat-template-kwargs {"enable_thinking":true} (CUDA_VISIBLE_DEVICES=0, ctx_per_slot=8192, server_ctx=8192, batch_size=2048, thinking_enabled=True, mtp_enabled=False, mtp_draft_tokens=3, mtp_applied=False, gpu_pct=200.0, cpu_pct=0, n_gpu_layers=999, n_cpu_layers=0)
2026-06-09 20:40:44,724 - INFO - START: /usr/bin/llama-server -m /fake/model.gguf -ngl 999 --flash-attn on --host 0.0.0.0 --port 8085 --tools all --parallel 1 --ctx-size 8192 --batch-size 2048 --mlock --main-gpu 0 --split-mode layer --tensor-split 1.0 --api-key test-token --mmproj-auto --jinja --reasoning on --chat-template-kwargs {"enable_thinking":true} (CUDA_VISIBLE_DEVICES=0, ctx_per_slot=8192, server_ctx=8192, batch_size=2048, thinking_enabled=True, mtp_enabled=False, mtp_draft_tokens=3, mtp_applied=False, gpu_pct=100.0, cpu_pct=0, n_gpu_layers=999, n_cpu_layers=0)
2026-06-09 20:40:44,755 - INFO - START: /usr/bin/llama-server -m /fake/model.gguf -ngl 0 --flash-attn on --host 0.0.0.0 --port 8085 --tools all --parallel 1 --ctx-size 8192 --batch-size 2048 --mlock --main-gpu 0 --split-mode layer --tensor-split 1.0 --api-key test-token --mmproj-auto --jinja --reasoning on --chat-template-kwargs {"enable_thinking":true} (CUDA_VISIBLE_DEVICES=0, ctx_per_slot=8192, server_ctx=8192, batch_size=2048, thinking_enabled=True, mtp_enabled=False, mtp_draft_tokens=3, mtp_applied=False, gpu_pct=0, cpu_pct=0, n_gpu_layers=0, n_cpu_layers=32)
2026-06-09 20:40:45,295 - WARNING - Port 8085 still bound after 0.5s wait — start() may fail to bind
2026-06-09 20:40:45,312 - INFO - llama-server stopped
2026-06-09 20:40:45,490 - INFO - Verificacao de versao iniciada em /tmp/automanager-test
2026-06-09 20:40:45,515 - WARNING - Diretorio nao e um repositorio git: /tmp/automanager-test
2026-06-09 20:40:45,549 - INFO - Verificacao de versao iniciada em /tmp/automanager-test
2026-06-09 20:40:45,564 - INFO - Versao atualizada (branch=main, ref=aaa1111)
2026-06-09 20:40:45,594 - INFO - Verificacao de versao iniciada em /tmp/automanager-test
2026-06-09 20:40:45,607 - INFO - Atualizacao disponivel (branch=main, ahead=2, aaa1111 -> ddd4444)
2026-06-09 20:40:45,654 - INFO - Verificacao de versao iniciada em /tmp/automanager-test
2026-06-09 20:40:45,676 - WARNING - git fetch falhou (branch=main): fatal: could not read from remote
2026-06-09 20:40:45,727 - INFO - Verificacao de versao iniciada em /tmp/automanager-test
2026-06-09 20:40:45,734 - WARNING - git fetch expirou apos 30s (branch=main)
2026-06-09 20:40:45,766 - INFO - Verificacao de versao iniciada em /tmp/automanager-test
2026-06-09 20:40:45,786 - INFO - Versao atualizada (branch=feature/foo, ref=1111111)
2026-06-09 20:40:45,823 - INFO - Verificacao de versao iniciada em /tmp/automanager-test
2026-06-09 20:40:45,844 - INFO - Atualizacao disponivel (branch=main, ahead=12, local00 -> remote0)
2026-06-09 22:06:50,401 - INFO - MTP requested but model has no MTP head, skipping flags
2026-06-09 22:06:50,494 - WARNING - llama-server nao encontrado automaticamente; configure LLAMA_SERVER_BIN ou paths.json (llama_server_bin)
2026-06-09 22:06:50,513 - WARNING - Could not detect MTP for /fake/model.gguf: boom
1969-12-31 21:16:40,000 - WARNING - OOM detected! Consecutive: 1
1969-12-31 21:16:45,000 - WARNING - OOM detected! Consecutive: 2
1969-12-31 21:16:40,000 - WARNING - OOM detected! Consecutive: 1
1969-12-31 21:17:11,000 - WARNING - OOM detected! Consecutive: 1
1969-12-31 21:16:40,000 - WARNING - OOM detected! Consecutive: 1
1969-12-31 21:16:45,000 - WARNING - OOM detected! Consecutive: 3
2026-06-09 22:07:14,464 - INFO - MTP requested but model has no MTP head, skipping flags
2026-06-09 22:07:14,563 - WARNING - llama-server nao encontrado automaticamente; configure LLAMA_SERVER_BIN ou paths.json (llama_server_bin)
2026-06-09 22:07:14,592 - WARNING - Could not detect MTP for /fake/model.gguf: boom
1969-12-31 21:16:40,000 - WARNING - OOM detected! Consecutive: 1
1969-12-31 21:16:45,000 - WARNING - OOM detected! Consecutive: 2
1969-12-31 21:16:40,000 - WARNING - OOM detected! Consecutive: 1
1969-12-31 21:17:11,000 - WARNING - OOM detected! Consecutive: 1
1969-12-31 21:16:40,000 - WARNING - OOM detected! Consecutive: 1
1969-12-31 21:16:45,000 - WARNING - OOM detected! Consecutive: 3
2026-06-09 22:10:28,909 - INFO - models_dir atualizado para C:\Users\s293\AppData\Local\Temp\pytest-of-s293\pytest-265\test_set_models_dir_updates_sc0\new-models
2026-06-09 22:10:28,985 - WARNING - llama-server nao encontrado automaticamente; configure LLAMA_SERVER_BIN ou paths.json (llama_server_bin)
2026-06-09 22:10:29,034 - WARNING - Could not detect model layers for /media/docker/models/model.gguf: Command '"llama-server.exe" --model-info "/media/docker/models/model.gguf" 2>&1' returned non-zero exit status 1.
2026-06-09 22:10:29,080 - WARNING - Could not detect model layers for /media/docker/models/model.gguf: Command '"llama-server.exe" --model-info "/media/docker/models/model.gguf" 2>&1' returned non-zero exit status 1.
2026-06-09 22:10:29,412 - INFO - estimate_model_vram_mb [DISK] model=C:\Users\s293\AppData\Local\Temp\pytest-of-s293\pytest-265\test_estimate_model_vram_uses_0\qwen-49b.gguf disk_mb=100 runtime_overhead_mb=256 weights_mb=356 kv_cache_mb=6553 total_mb=6909
2026-06-09 22:10:29,446 - INFO - estimate_model_vram_mb [DISK] model=C:\Users\s293\AppData\Local\Temp\pytest-of-s293\pytest-265\test_estimate_model_vram_uses_0\qwen-49b.gguf disk_mb=100 runtime_overhead_mb=256 weights_mb=356 kv_cache_mb=6553 total_mb=6909
2026-06-09 22:10:29,474 - INFO - === HARDWARE CAPACITY FAILURE ===
  reason=no_feasible_split
  model=huge-model.gguf path=/models/huge-model.gguf
  estimated_model_mb=?
  total_vram_mb=24576 total_vram_gb=24.00
  active_gpus=[0]
  gpu_details=[{'index': 0, 'name': 'RTX 3090', 'vram_mb': 24576}]
  context_size=32768 parallel_slots=2
  message=Não foi possível carregar "huge-model.gguf" em nenhuma divisão testada entre as GPUs selecionadas. O modelo excede a capacidade do hardware atual (~24.0 GB de VRAM em 1 GPU(s)) com contexto 32768 e 2 slot(s).
2026-06-09 22:10:29,509 - INFO - === HARDWARE CAPACITY FAILURE ===
  reason=no_feasible_split
  model=huge-model.gguf path=/models/huge-model.gguf
  estimated_model_mb=?
  total_vram_mb=24576 total_vram_gb=24.00
  active_gpus=[0]
  gpu_details=[{'index': 0, 'name': 'RTX 3090', 'vram_mb': 24576}]
  context_size=32768 parallel_slots=2
  message=Não foi possível carregar "huge-model.gguf" em nenhuma divisão testada entre as GPUs selecionadas. O modelo excede a capacidade do hardware atual (~24.0 GB de VRAM em 1 GPU(s)) com contexto 32768 e 2 slot(s).
2026-06-09 22:10:29,528 - WARNING - OOM detected! Consecutive: 1
2026-06-09 22:10:29,601 - INFO - === Fase 1 INICIO (GPUs primeiro, CPU permitido neste passo) ===
2026-06-09 22:10:29,633 - INFO - === Fase 1 INICIO (GPUs primeiro, CPU permitido neste passo) ===
2026-06-09 22:10:29,649 - INFO - Fase 1 — Tentativa 1: Main GPU2 100%
2026-06-09 22:10:29,677 - INFO - Fase 1 — Tentativa 1: Main GPU2 100%
2026-06-09 22:10:29,801 - INFO - Fase 1 — Tentativa 2: Main + 1ª GPU (cascata: GPU2=90%, GPU0=10%)
2026-06-09 22:10:29,828 - INFO - Fase 1 — Tentativa 2: Main + 1ª GPU (cascata: GPU2=90%, GPU0=10%)
2026-06-09 22:10:29,949 - INFO - Fase 1 — Tentativa 3: Main + 2ª GPU (cascata: GPU2=80%, GPU0=10%, GPU1=10%)
2026-06-09 22:10:29,989 - INFO - Fase 1 — Tentativa 3: Main + 2ª GPU (cascata: GPU2=80%, GPU0=10%, GPU1=10%)
2026-06-09 22:10:30,055 - INFO - Fase 1 — Tentativa 3: Main + 2ª GPU (cascata: GPU2=70%, GPU0=10%, GPU1=10%)
2026-06-09 22:10:30,086 - INFO - Fase 1 — Tentativa 3: Main + 2ª GPU (cascata: GPU2=70%, GPU0=10%, GPU1=10%)
2026-06-09 22:10:30,147 - INFO - Fase 1 — Tentativa 3: Main + 2ª GPU (cascata: GPU2=60%, GPU0=10%, GPU1=10%)
2026-06-09 22:10:30,173 - INFO - Fase 1 — Tentativa 3: Main + 2ª GPU (cascata: GPU2=60%, GPU0=10%, GPU1=10%)
2026-06-09 22:10:30,234 - INFO - Fase 1 — Tentativa 3: Main + 2ª GPU (cascata: GPU2=50%, GPU0=10%, GPU1=10%)
2026-06-09 22:10:30,261 - INFO - Fase 1 — Tentativa 3: Main + 2ª GPU (cascata: GPU2=50%, GPU0=10%, GPU1=10%)
2026-06-09 22:10:30,327 - INFO - Fase 1 — Tentativa 3: Main + 2ª GPU (cascata: GPU2=40%, GPU0=10%, GPU1=10%)
2026-06-09 22:10:30,354 - INFO - Fase 1 — Tentativa 3: Main + 2ª GPU (cascata: GPU2=40%, GPU0=10%, GPU1=10%)
2026-06-09 22:10:30,419 - INFO - Fase 1 — Tentativa 3: Main + 2ª GPU (cascata: GPU2=30%, GPU0=10%, GPU1=10%)
2026-06-09 22:10:30,446 - INFO - Fase 1 — Tentativa 3: Main + 2ª GPU (cascata: GPU2=30%, GPU0=10%, GPU1=10%)
2026-06-09 22:10:30,507 - INFO - Fase 1 — Tentativa 3: Main + 2ª GPU (cascata: GPU2=20%, GPU0=10%, GPU1=10%)
2026-06-09 22:10:30,535 - INFO - Fase 1 — Tentativa 3: Main + 2ª GPU (cascata: GPU2=20%, GPU0=10%, GPU1=10%)
2026-06-09 22:10:30,595 - INFO - Fase 1 — Tentativa 3: Main + 2ª GPU (cascata: GPU2=10%, GPU0=10%, GPU1=10%)
2026-06-09 22:10:30,622 - INFO - Fase 1 — Tentativa 3: Main + 2ª GPU (cascata: GPU2=10%, GPU0=10%, GPU1=10%)
2026-06-09 22:10:30,688 - INFO - === Fase 1 INICIO (GPUs primeiro, CPU permitido neste passo) ===
2026-06-09 22:10:30,719 - INFO - === Fase 1 INICIO (GPUs primeiro, CPU permitido neste passo) ===
2026-06-09 22:10:30,736 - INFO - Fase 1 — Tentativa 1: Main GPU2 100%
2026-06-09 22:10:30,767 - INFO - Fase 1 — Tentativa 1: Main GPU2 100%
2026-06-09 22:10:30,832 - INFO - PROBE #1 START (gpus=1): weight_map={0: 100%} synced={0: 100%} cpu=10->0 [gpu[0]=100.0%, cpu[-1]=0.0%]
2026-06-09 22:10:30,859 - INFO - PROBE #1 START (gpus=1): weight_map={0: 100%} synced={0: 100%} cpu=10->0 [gpu[0]=100.0%, cpu[-1]=0.0%]
2026-06-09 22:10:30,876 - INFO - PROBE #1 RESULT: ready | synced={0: 100%} cpu=0
2026-06-09 22:10:30,906 - INFO - PROBE #1 RESULT: ready | synced={0: 100%} cpu=0
2026-06-09 22:10:30,953 - WARNING - _wait_for_outcome: OOM-on-exit after 0.0s (log=/tmp/server.log) | preview=['ggml CUDA error: out of memory']
2026-06-09 22:10:30,975 - WARNING - _wait_for_outcome: CRASHED after 0.0s (log=/tmp/server.log) | preview=["error: unknown model architecture 'qwen3-next'"]
2026-06-09 22:10:31,002 - INFO - PROBE #1 START (gpus=1): weight_map={0: 100%} synced={0: 100%} cpu=0->0 [gpu[0]=100.0%]
2026-06-09 22:10:31,074 - INFO - PROBE #1 START (gpus=1): weight_map={0: 100%} synced={0: 100%} cpu=0->0 [gpu[0]=100.0%]
2026-06-09 22:10:31,144 - WARNING - PROBE #1 RESULT: crashed | synced={0: 100%} cpu=0
2026-06-09 22:10:31,200 - WARNING - PROBE #1 RESULT: crashed | synced={0: 100%} cpu=0
2026-06-09 22:10:31,315 - WARNING - PROBE #1 RESULT: crashed | synced={0: 100%} cpu=0
2026-06-09 22:10:31,347 - WARNING - PROBE #1 RESULT: crashed | synced={0: 100%} cpu=0
2026-06-09 22:10:31,459 - WARNING - PROBE #1 RESULT: crashed | synced={0: 100%} cpu=0
2026-06-09 22:10:31,485 - WARNING - PROBE #1 RESULT: crashed | synced={0: 100%} cpu=0
2026-06-09 22:10:31,612 - INFO - PROBE #1 START (gpus=1): weight_map={0: 100%} synced={0: 100%} cpu=0->0 [gpu[0]=100.0%]
2026-06-09 22:10:31,642 - INFO - PROBE #1 START (gpus=1): weight_map={0: 100%} synced={0: 100%} cpu=0->0 [gpu[0]=100.0%]
2026-06-09 22:10:31,665 - WARNING - PROBE #1 RESULT: crashed | synced={0: 100%} cpu=0
2026-06-09 22:10:31,695 - WARNING - PROBE #1 RESULT: crashed | synced={0: 100%} cpu=0
2026-06-09 22:10:31,811 - INFO - PROBE #1 RESULT: ready | synced={0: 100%} cpu=0
2026-06-09 22:10:31,838 - INFO - PROBE #1 RESULT: ready | synced={0: 100%} cpu=0
2026-06-09 22:10:31,868 - INFO - PROBE #1 START (gpus=1): weight_map={0: 100%} synced={0: 100%} cpu=0->0 [gpu[0]=100.0%]
2026-06-09 22:10:31,899 - INFO - PROBE #1 START (gpus=1): weight_map={0: 100%} synced={0: 100%} cpu=0->0 [gpu[0]=100.0%]
2026-06-09 22:10:31,916 - WARNING - PROBE #1 RESULT: crashed | synced={0: 100%} cpu=0
2026-06-09 22:10:31,950 - WARNING - PROBE #1 RESULT: crashed | synced={0: 100%} cpu=0
2026-06-09 22:10:31,974 - INFO - estimate_model_vram_mb [DISK] model=/models/Qwen3-Coder-Next.gguf disk_mb=20000 runtime_overhead_mb=1000 weights_mb=21000 kv_cache_mb=409 total_mb=21409
2026-06-09 22:10:32,005 - INFO - estimate_model_vram_mb [DISK] model=/models/Qwen3-Coder-Next.gguf disk_mb=20000 runtime_overhead_mb=1000 weights_mb=21000 kv_cache_mb=409 total_mb=21409
2026-06-09 22:10:32,020 - INFO - estimate_model_vram_mb [DISK] model=/models/Qwen3-Coder-Next.gguf disk_mb=20000 runtime_overhead_mb=1000 weights_mb=21000 kv_cache_mb=409 total_mb=21409
2026-06-09 22:10:32,050 - INFO - estimate_model_vram_mb [DISK] model=/models/Qwen3-Coder-Next.gguf disk_mb=20000 runtime_overhead_mb=1000 weights_mb=21000 kv_cache_mb=409 total_mb=21409
2026-06-09 22:10:32,066 - INFO - === Auto-balance EMPIRICAL START ===
  model=Qwen3-Coder-Next.gguf path=/models/Qwen3-Coder-Next.gguf
  context_size=4096 parallel_slots=1
  weights_mb=21000 (20.51 GB)  kv_cache_mb=409  total_mb=21409 (20.91 GB)
  active_gpus=3 | total_vram=57344 MB (56.00 GB)
  gpu_vram={0: 16384, 1: 16384, 2: 24576}
  gpu_names={0: Tesla P100-PCIE-16GB, 1: Tesla P100-PCIE-16GB, 2: NVIDIA GeForce RTX 3090}
  main_index=2
  spill_order=[2, 0, 1]
  cpu_enabled=True
  pins_count=0
2026-06-09 22:10:32,097 - INFO - === Auto-balance EMPIRICAL START ===
  model=Qwen3-Coder-Next.gguf path=/models/Qwen3-Coder-Next.gguf
  context_size=4096 parallel_slots=1
  weights_mb=21000 (20.51 GB)  kv_cache_mb=409  total_mb=21409 (20.91 GB)
  active_gpus=3 | total_vram=57344 MB (56.00 GB)
  gpu_vram={0: 16384, 1: 16384, 2: 24576}
  gpu_names={0: Tesla P100-PCIE-16GB, 1: Tesla P100-PCIE-16GB, 2: NVIDIA GeForce RTX 3090}
  main_index=2
  spill_order=[2, 0, 1]
  cpu_enabled=True
  pins_count=0
2026-06-09 22:10:32,112 - INFO - === Fase 1 INICIO (GPUs primeiro) ===
2026-06-09 22:10:32,140 - INFO - === Fase 1 INICIO (GPUs primeiro) ===
2026-06-09 22:10:32,158 - INFO - Fase 1 — Tentativa 1: Main GPU2 100%
2026-06-09 22:10:32,188 - INFO - Fase 1 — Tentativa 1: Main GPU2 100%
2026-06-09 22:10:32,204 - ERROR - === SERVER CRASH FAILURE (não-OOM) ===
  model=Qwen3-Coder-Next.gguf path=/models/Qwen3-Coder-Next.gguf
  elapsed=1.0s crashed_split={2: 100} cpu=0%
  server_log=/tmp/server.log
  log_tail=['unknown architecture']
  message=O servidor encerrou inesperadamente (~1.0s) ao carregar "Qwen3-Coder-Next.gguf", sem indício de falta de memória (OOM). Isso indica incompatibilidade do modelo/binário llama.cpp ou um parâmetro de inicialização inválido — não falta de VRAM. O auto-balance foi interrompido.
2026-06-09 22:10:32,241 - ERROR - === SERVER CRASH FAILURE (não-OOM) ===
  model=Qwen3-Coder-Next.gguf path=/models/Qwen3-Coder-Next.gguf
  elapsed=1.0s crashed_split={2: 100} cpu=0%
  server_log=/tmp/server.log
  log_tail=['unknown architecture']
  message=O servidor encerrou inesperadamente (~1.0s) ao carregar "Qwen3-Coder-Next.gguf", sem indício de falta de memória (OOM). Isso indica incompatibilidade do modelo/binário llama.cpp ou um parâmetro de inicialização inválido — não falta de VRAM. O auto-balance foi interrompido.
2026-06-09 22:10:32,263 - INFO - === Fase 1c — busca GPU-only (maximizar principal) ===
  principal=GPU2 faixa=[43%, 50%] resto por VRAM em [0, 1]
2026-06-09 22:10:32,301 - INFO - === Fase 1c — busca GPU-only (maximizar principal) ===
  principal=GPU2 faixa=[43%, 50%] resto por VRAM em [0, 1]
2026-06-09 22:10:32,627 - INFO - Auto-balance: split GPU-only viável (principal maximizado): GPU2=45%, GPU0=28%, GPU1=27%
2026-06-09 22:10:32,651 - INFO - === Fase 1c — busca GPU-only (maximizar principal) ===
  principal=GPU2 faixa=[43%, 50%] resto por VRAM em [0, 1]
2026-06-09 22:10:32,682 - INFO - === Fase 1c — busca GPU-only (maximizar principal) ===
  principal=GPU2 faixa=[43%, 50%] resto por VRAM em [0, 1]
2026-06-09 22:10:33,088 - INFO - Fase 2: input weight_map={2: 80%, 0: 10%, 1: 10%} main_index=2
2026-06-09 22:10:33,120 - INFO - Fase 2: input weight_map={2: 80%, 0: 10%, 1: 10%} main_index=2
2026-06-09 22:10:33,134 - INFO - Auto-balance GPU 2: weight=80% vram=0.0%
2026-06-09 22:10:33,151 - INFO - Auto-balance GPU 0: weight=10% vram=0.0%
2026-06-09 22:10:33,168 - INFO - Auto-balance GPU 1: weight=10% vram=0.0%
2026-06-09 22:10:33,187 - INFO - TRIM: GPU1 removida — 10% redistribuido para GPU2 | GPU2=90%, GPU0=10%
2026-06-09 22:10:33,215 - INFO - TRIM: GPU1 removida — 10% redistribuido para GPU2 | GPU2=90%, GPU0=10%
2026-06-09 22:10:33,231 - WARNING - TRIM: GPU0 mantida (10%) — probe=oom
2026-06-09 22:10:33,262 - WARNING - TRIM: GPU0 mantida (10%) — probe=oom
2026-06-09 22:10:33,280 - WARNING - TRIM: GPU1 mantida (10%) — probe=oom
2026-06-09 22:10:33,311 - WARNING - TRIM: GPU1 mantida (10%) — probe=oom
2026-06-09 22:10:33,327 - WARNING - TRIM: GPU0 mantida (10%) — probe=oom
2026-06-09 22:10:33,361 - WARNING - TRIM: GPU0 mantida (10%) — probe=oom
2026-06-09 22:10:33,399 - INFO - === Auto-balance EMPIRICAL START ===
  model=test.gguf path=/models/test.gguf
  context_size=4096 parallel_slots=1
  weights_mb=30000 (29.30 GB)  kv_cache_mb=0  total_mb=30000 (29.30 GB)
  active_gpus=3 | total_vram=57344 MB (56.00 GB)
  gpu_vram={0: 16384, 1: 16384, 2: 24576}
  gpu_names={0: Tesla P100-PCIE-16GB, 1: Tesla P100-PCIE-16GB, 2: NVIDIA GeForce RTX 3090}
  main_index=2
  spill_order=[2, 0, 1]
  cpu_enabled=True
  pins_count=0
2026-06-09 22:10:33,429 - INFO - === Auto-balance EMPIRICAL START ===
  model=test.gguf path=/models/test.gguf
  context_size=4096 parallel_slots=1
  weights_mb=30000 (29.30 GB)  kv_cache_mb=0  total_mb=30000 (29.30 GB)
  active_gpus=3 | total_vram=57344 MB (56.00 GB)
  gpu_vram={0: 16384, 1: 16384, 2: 24576}
  gpu_names={0: Tesla P100-PCIE-16GB, 1: Tesla P100-PCIE-16GB, 2: NVIDIA GeForce RTX 3090}
  main_index=2
  spill_order=[2, 0, 1]
  cpu_enabled=True
  pins_count=0
2026-06-09 22:10:33,444 - INFO - === Fase 1 INICIO (GPUs primeiro) ===
2026-06-09 22:10:33,472 - INFO - === Fase 1 INICIO (GPUs primeiro) ===
2026-06-09 22:10:33,488 - INFO - Fase 1 — Tentativa 1: Main GPU2 100%
2026-06-09 22:10:33,519 - INFO - Fase 1 — Tentativa 1: Main GPU2 100%
2026-06-09 22:10:33,582 - INFO - Fase 1 — Tentativa 2: Main + 1ª GPU (cascata: GPU2=81%, GPU0=19%)
2026-06-09 22:10:33,610 - INFO - Fase 1 — Tentativa 2: Main + 1ª GPU (cascata: GPU2=81%, GPU0=19%)
2026-06-09 22:10:33,681 - INFO - === Auto-balance: Fase 1 viavel ===
  weight_label=GPU2=81%, GPU0=19%
  weight_map={2: 81%, 0: 19%}
  cpu_weight=0
2026-06-09 22:10:33,712 - INFO - === Auto-balance: Fase 1 viavel ===
  weight_label=GPU2=81%, GPU0=19%
  weight_map={2: 81%, 0: 19%}
  cpu_weight=0
2026-06-09 22:10:33,728 - WARNING - TRIM: GPU0 mantida (19%) — probe=oom
2026-06-09 22:10:33,758 - WARNING - TRIM: GPU0 mantida (19%) — probe=oom
2026-06-09 22:10:33,776 - INFO - === Fase 2 PREPARANDO ===
  trimmed={2: 81%, 0: 19%} main_index=2 cpu_enabled=True
2026-06-09 22:10:33,806 - INFO - === Fase 2 PREPARANDO ===
  trimmed={2: 81%, 0: 19%} main_index=2 cpu_enabled=True
2026-06-09 22:10:33,821 - INFO - === Fase 2 INICIO (maximizar VRAM, GPU-only) ===
2026-06-09 22:10:33,846 - INFO - === Fase 2 INICIO (maximizar VRAM, GPU-only) ===
2026-06-09 22:10:33,861 - INFO - Fase 2: input weight_map={2: 81%, 0: 19%} main_index=2
2026-06-09 22:10:33,890 - INFO - Fase 2: input weight_map={2: 81%, 0: 19%} main_index=2
2026-06-09 22:10:33,907 - INFO - Auto-balance GPU 2: weight=81% vram=96.0%
2026-06-09 22:10:33,923 - INFO - Auto-balance GPU 0: weight=19% vram=19.0%
2026-06-09 22:10:33,946 - INFO - === Fase 2 CONCLUIDA ===
  weight_map={2: 81%, 0: 19%}
  cpu_weight=0
2026-06-09 22:10:33,976 - INFO - === Fase 2 CONCLUIDA ===
  weight_map={2: 81%, 0: 19%}
  cpu_weight=0
2026-06-09 22:10:33,994 - INFO - === Fase 3 INICIO (fine-tuning 1%, GPU-only) ===
  main_gpu=2 current_weight=81% max_possible=100%
  secondary_total=19% CPU=desabilitado
2026-06-09 22:10:34,028 - INFO - === Fase 3 INICIO (fine-tuning 1%, GPU-only) ===
  main_gpu=2 current_weight=81% max_possible=100%
  secondary_total=19% CPU=desabilitado
2026-06-09 22:10:34,089 - WARNING - Fase 3: sem incremento possivel — main GPU2 ja em 81%
2026-06-09 22:10:34,114 - WARNING - Fase 3: sem incremento possivel — main GPU2 ja em 81%
2026-06-09 22:10:34,130 - INFO - _vram_summary: weight_map={2: 81%, 0: 19%} -> summary=GPU2 VRAM 97%; GPU0 VRAM 18%
2026-06-09 22:10:34,146 - INFO - === Auto-balance: peso final ===
  weight_label=GPU2=81%, GPU0=19%
  weight_map={2: 81%, 0: 19%}
  cpu_weight=0
2026-06-09 22:10:34,176 - INFO - === Auto-balance: peso final ===
  weight_label=GPU2=81%, GPU0=19%
  weight_map={2: 81%, 0: 19%}
  cpu_weight=0
2026-06-09 22:10:34,191 - INFO - === HARDWARE SNAPSHOT BEFORE FINAL ===
  gpus=[GPU0: used=2949MB total=16384MB util=0%; GPU1: used=0MB total=16384MB util=0%; GPU2: used=23839MB total=24576MB util=0%]
2026-06-09 22:10:34,225 - INFO - === HARDWARE SNAPSHOT BEFORE FINAL ===
  gpus=[GPU0: used=2949MB total=16384MB util=0%; GPU1: used=0MB total=16384MB util=0%; GPU2: used=23839MB total=24576MB util=0%]
2026-06-09 22:10:34,240 - INFO - === Auto-balance SUCCESS ===
  message=Balance otimizado (GPU2=81%, GPU0=19%). GPU2 VRAM 97%; GPU0 VRAM 18%
  gpu_weights_exported=3 entries
2026-06-09 22:10:34,269 - INFO - === Auto-balance SUCCESS ===
  message=Balance otimizado (GPU2=81%, GPU0=19%). GPU2 VRAM 97%; GPU0 VRAM 18%
  gpu_weights_exported=3 entries
2026-06-09 22:10:34,357 - INFO - Session expired due to inactivity
2026-06-09 22:10:34,458 - INFO - START: /usr/bin/llama-server -m /fake/model.gguf -ngl 999 --flash-attn on --host 0.0.0.0 --port 8085 --tools all --parallel 1 --ctx-size 8192 --batch-size 2048 --mlock --main-gpu 0 --split-mode layer --tensor-split 1.0000 --api-key sk-test --mmproj-auto --jinja --reasoning on --chat-template-kwargs {"enable_thinking":true} (CUDA_VISIBLE_DEVICES=0, ctx_per_slot=8192, server_ctx=8192, batch_size=2048, thinking_enabled=True, mtp_enabled=False, mtp_draft_tokens=3, mtp_applied=False, gpu_pct=100.0, cpu_pct=0, n_gpu_layers=999, n_cpu_layers=0)
2026-06-09 22:10:34,478 - INFO - START: /usr/bin/llama-server -m /fake/model.gguf -ngl 999 --flash-attn on --host 0.0.0.0 --port 8085 --tools all --parallel 1 --ctx-size 8192 --batch-size 2048 --mlock --main-gpu 0 --split-mode layer --tensor-split 0.5000,0.5000 --api-key sk-test --mmproj-auto --jinja --reasoning on --chat-template-kwargs {"enable_thinking":true} (CUDA_VISIBLE_DEVICES=0,1, ctx_per_slot=8192, server_ctx=8192, batch_size=2048, thinking_enabled=True, mtp_enabled=False, mtp_draft_tokens=3, mtp_applied=False, gpu_pct=100.0, cpu_pct=0, n_gpu_layers=999, n_cpu_layers=0)
2026-06-09 22:10:34,499 - INFO - START: /usr/bin/llama-server -m /fake/model.gguf -ngl 999 --flash-attn on --host 0.0.0.0 --port 8085 --tools all --parallel 1 --ctx-size 8192 --batch-size 2048 --mlock --main-gpu 0 --split-mode layer --tensor-split 1.0000 --api-key sk-test --mmproj-auto --jinja --reasoning on --chat-template-kwargs {"enable_thinking":true} (CUDA_VISIBLE_DEVICES=0, ctx_per_slot=8192, server_ctx=8192, batch_size=2048, thinking_enabled=True, mtp_enabled=False, mtp_draft_tokens=3, mtp_applied=False, gpu_pct=100.0, cpu_pct=0, n_gpu_layers=999, n_cpu_layers=0)
2026-06-09 22:10:34,527 - INFO - START: /usr/bin/llama-server -m /fake/model.gguf -ngl 22 --flash-attn on --host 0.0.0.0 --port 8085 --tools all --parallel 1 --ctx-size 8192 --batch-size 2048 --mlock --main-gpu 0 --split-mode layer --tensor-split 1.0000 --api-key sk-test --mmproj-auto --jinja --reasoning on --chat-template-kwargs {"enable_thinking":true} (CUDA_VISIBLE_DEVICES=0, ctx_per_slot=8192, server_ctx=8192, batch_size=2048, thinking_enabled=True, mtp_enabled=False, mtp_draft_tokens=3, mtp_applied=False, gpu_pct=70.0, cpu_pct=30.0, n_gpu_layers=22, n_cpu_layers=10)
2026-06-09 22:10:34,554 - ERROR - GPU metrics error: not enough values to unpack (expected 2, got 0)
2026-06-09 22:10:34,678 - INFO - START: /usr/bin/llama-server -m /fake/model.gguf -ngl 999 --flash-attn on --host 0.0.0.0 --port 8085 --tools all --parallel 1 --ctx-size 8192 --batch-size 2048 --mlock --main-gpu 0 --split-mode layer --tensor-split 1.0000 --api-key sk-test --mmproj-auto --jinja --reasoning on --chat-template-kwargs {"enable_thinking":true} (CUDA_VISIBLE_DEVICES=0, ctx_per_slot=8192, server_ctx=8192, batch_size=2048, thinking_enabled=True, mtp_enabled=False, mtp_draft_tokens=3, mtp_applied=False, gpu_pct=70.0, cpu_pct=0.0, n_gpu_layers=999, n_cpu_layers=0)
2026-06-09 22:10:34,698 - INFO - START: /usr/bin/llama-server -m /fake/model.gguf -ngl 22 --flash-attn on --host 0.0.0.0 --port 8085 --tools all --parallel 1 --ctx-size 8192 --batch-size 2048 --mlock --main-gpu 0 --split-mode layer --tensor-split 1.0000 --api-key sk-test --mmproj-auto --jinja --reasoning on --chat-template-kwargs {"enable_thinking":true} (CUDA_VISIBLE_DEVICES=0, ctx_per_slot=8192, server_ctx=8192, batch_size=2048, thinking_enabled=True, mtp_enabled=False, mtp_draft_tokens=3, mtp_applied=False, gpu_pct=70.0, cpu_pct=30.0, n_gpu_layers=22, n_cpu_layers=10)
2026-06-09 22:10:34,718 - ERROR - GPU metrics error: not enough values to unpack (expected 2, got 0)
2026-06-09 22:10:34,835 - INFO - START: /usr/bin/llama-server -m /fake/model.gguf -ngl 999 --flash-attn on --host 0.0.0.0 --port 8085 --tools all --parallel 1 --ctx-size 8192 --batch-size 2048 --mlock --main-gpu 0 --split-mode layer --tensor-split 1.0000 --api-key sk-test --mmproj-auto --jinja --reasoning on --chat-template-kwargs {"enable_thinking":true} (CUDA_VISIBLE_DEVICES=0, ctx_per_slot=8192, server_ctx=8192, batch_size=2048, thinking_enabled=True, mtp_enabled=False, mtp_draft_tokens=3, mtp_applied=False, gpu_pct=70.0, cpu_pct=0.0, n_gpu_layers=999, n_cpu_layers=0)
2026-06-09 22:10:34,864 - INFO - START: /usr/bin/llama-server -m /fake/model.gguf -ngl 70 --flash-attn on --host 0.0.0.0 --port 8085 --tools all --parallel 1 --ctx-size 8192 --batch-size 2048 --mlock --main-gpu 0 --split-mode layer --tensor-split 0.7143,0.2857 --api-key sk-test --mmproj-auto --jinja --reasoning on --chat-template-kwargs {"enable_thinking":true} (CUDA_VISIBLE_DEVICES=0,1, ctx_per_slot=8192, server_ctx=8192, batch_size=2048, thinking_enabled=True, mtp_enabled=False, mtp_draft_tokens=3, mtp_applied=False, gpu_pct=70.0, cpu_pct=30.0, n_gpu_layers=70, n_cpu_layers=30)
2026-06-09 22:10:34,883 - INFO - START: /usr/bin/llama-server -m /fake/model.gguf -ngl 999 --flash-attn on --host 0.0.0.0 --port 8085 --tools all --parallel 1 --ctx-size 8192 --batch-size 2048 --mlock --main-gpu 1 --split-mode layer --tensor-split 0.6000,0.4000 --api-key sk-test --mmproj-auto --jinja --reasoning on --chat-template-kwargs {"enable_thinking":true} (CUDA_VISIBLE_DEVICES=0,1, ctx_per_slot=8192, server_ctx=8192, batch_size=2048, thinking_enabled=True, mtp_enabled=False, mtp_draft_tokens=3, mtp_applied=False, gpu_pct=100.0, cpu_pct=0, n_gpu_layers=999, n_cpu_layers=0)
2026-06-09 22:10:34,909 - INFO - === Auto-balance EMPIRICAL START ===
  model=test.gguf path=/models/test.gguf
  context_size=4096 parallel_slots=1
  weights_mb=20000 (19.53 GB)  kv_cache_mb=0  total_mb=20000 (19.53 GB)
  active_gpus=2 | total_vram=40000 MB (39.06 GB)
  gpu_vram={0: 24000, 1: 16000}
  gpu_names={0: GPU0, 1: GPU1}
  main_index=0
  spill_order=[0, 1]
  cpu_enabled=True
  pins_count=0
2026-06-09 22:10:34,938 - INFO - === Auto-balance EMPIRICAL START ===
  model=test.gguf path=/models/test.gguf
  context_size=4096 parallel_slots=1
  weights_mb=20000 (19.53 GB)  kv_cache_mb=0  total_mb=20000 (19.53 GB)
  active_gpus=2 | total_vram=40000 MB (39.06 GB)
  gpu_vram={0: 24000, 1: 16000}
  gpu_names={0: GPU0, 1: GPU1}
  main_index=0
  spill_order=[0, 1]
  cpu_enabled=True
  pins_count=0
2026-06-09 22:10:34,954 - INFO - === Fase 1 INICIO (GPUs primeiro) ===
2026-06-09 22:10:34,983 - INFO - === Fase 1 INICIO (GPUs primeiro) ===
2026-06-09 22:10:35,003 - INFO - Fase 1 — Tentativa 1: Main GPU0 100%
2026-06-09 22:10:35,039 - INFO - Fase 1 — Tentativa 1: Main GPU0 100%
2026-06-09 22:10:35,118 - INFO - === Auto-balance: Fase 1 viavel ===
  weight_label=GPU0=100%
  weight_map={0: 100%}
  cpu_weight=0
2026-06-09 22:10:35,146 - INFO - === Auto-balance: Fase 1 viavel ===
  weight_label=GPU0=100%
  weight_map={0: 100%}
  cpu_weight=0
2026-06-09 22:10:35,177 - INFO - === Fase 2 PREPARANDO ===
  trimmed={0: 100%} main_index=0 cpu_enabled=True
2026-06-09 22:10:35,210 - INFO - === Fase 2 PREPARANDO ===
  trimmed={0: 100%} main_index=0 cpu_enabled=True
2026-06-09 22:10:35,226 - INFO - === Fase 2 INICIO (maximizar VRAM, GPU-only) ===
2026-06-09 22:10:35,258 - INFO - === Fase 2 INICIO (maximizar VRAM, GPU-only) ===
2026-06-09 22:10:35,274 - INFO - === Fase 2 CONCLUIDA ===
  weight_map={0: 100%}
  cpu_weight=0
2026-06-09 22:10:35,304 - INFO - === Fase 2 CONCLUIDA ===
  weight_map={0: 100%}
  cpu_weight=0
2026-06-09 22:10:35,319 - INFO - Fase 3: GPU0 já está em 100% — pulando fine-tuning
2026-06-09 22:10:35,351 - INFO - Fase 3: GPU0 já está em 100% — pulando fine-tuning
2026-06-09 22:10:35,366 - INFO - _vram_summary: weight_map={0: 100%} -> summary=GPU0 VRAM 0%
2026-06-09 22:10:35,383 - INFO - === Auto-balance: peso final ===
  weight_label=GPU0=100%
  weight_map={0: 100%}
  cpu_weight=0
2026-06-09 22:10:35,412 - INFO - === Auto-balance: peso final ===
  weight_label=GPU0=100%
  weight_map={0: 100%}
  cpu_weight=0
2026-06-09 22:10:35,427 - INFO - === HARDWARE SNAPSHOT BEFORE FINAL ===
  gpus=[]
2026-06-09 22:10:35,459 - INFO - === HARDWARE SNAPSHOT BEFORE FINAL ===
  gpus=[]
2026-06-09 22:10:35,475 - INFO - === Auto-balance SUCCESS ===
  message=Balance otimizado (GPU0=100%). GPU0 VRAM 0%
  gpu_weights_exported=2 entries
2026-06-09 22:10:35,506 - INFO - === Auto-balance SUCCESS ===
  message=Balance otimizado (GPU0=100%). GPU0 VRAM 0%
  gpu_weights_exported=2 entries
2026-06-09 22:10:35,527 - INFO - === Auto-balance EMPIRICAL START ===
  model=test.gguf path=/models/test.gguf
  context_size=4096 parallel_slots=1
  weights_mb=20000 (19.53 GB)  kv_cache_mb=0  total_mb=20000 (19.53 GB)
  active_gpus=1 | total_vram=24000 MB (23.44 GB)
  gpu_vram={0: 24000}
  gpu_names={0: GPU0}
  main_index=0
  spill_order=[0]
  cpu_enabled=True
  pins_count=1
2026-06-09 22:10:35,558 - INFO - === Auto-balance EMPIRICAL START ===
  model=test.gguf path=/models/test.gguf
  context_size=4096 parallel_slots=1
  weights_mb=20000 (19.53 GB)  kv_cache_mb=0  total_mb=20000 (19.53 GB)
  active_gpus=1 | total_vram=24000 MB (23.44 GB)
  gpu_vram={0: 24000}
  gpu_names={0: GPU0}
  main_index=0
  spill_order=[0]
  cpu_enabled=True
  pins_count=1
2026-06-09 22:10:35,574 - INFO - === Auto-balance: Fase 1 viavel ===
  weight_label=GPU0=100%
  weight_map={0: 100%}
  cpu_weight=0
2026-06-09 22:10:35,607 - INFO - === Auto-balance: Fase 1 viavel ===
  weight_label=GPU0=100%
  weight_map={0: 100%}
  cpu_weight=0
2026-06-09 22:10:35,625 - INFO - === Fase 2 PREPARANDO ===
  trimmed={0: 100%} main_index=0 cpu_enabled=True
2026-06-09 22:10:35,652 - INFO - === Fase 2 PREPARANDO ===
  trimmed={0: 100%} main_index=0 cpu_enabled=True
2026-06-09 22:10:35,670 - INFO - === Fase 2 INICIO (maximizar VRAM, GPU-only) ===
2026-06-09 22:10:35,702 - INFO - === Fase 2 INICIO (maximizar VRAM, GPU-only) ===
2026-06-09 22:10:35,717 - INFO - === Fase 2 CONCLUIDA ===
  weight_map={0: 100%}
  cpu_weight=0
2026-06-09 22:10:35,746 - INFO - === Fase 2 CONCLUIDA ===
  weight_map={0: 100%}
  cpu_weight=0
2026-06-09 22:10:35,762 - INFO - Fase 3: GPU0 já está em 100% — pulando fine-tuning
2026-06-09 22:10:35,791 - INFO - Fase 3: GPU0 já está em 100% — pulando fine-tuning
2026-06-09 22:10:35,807 - INFO - _vram_summary: weight_map={0: 100%} -> summary=GPU0 VRAM 0%
2026-06-09 22:10:35,824 - INFO - === Auto-balance: peso final ===
  weight_label=GPU0=100%
  weight_map={0: 100%}
  cpu_weight=0
2026-06-09 22:10:35,854 - INFO - === Auto-balance: peso final ===
  weight_label=GPU0=100%
  weight_map={0: 100%}
  cpu_weight=0
2026-06-09 22:10:35,871 - INFO - === HARDWARE SNAPSHOT BEFORE FINAL ===
  gpus=[]
2026-06-09 22:10:35,897 - INFO - === HARDWARE SNAPSHOT BEFORE FINAL ===
  gpus=[]
2026-06-09 22:10:35,914 - INFO - === Auto-balance SUCCESS ===
  message=Balance otimizado (GPU0=100%). GPU0 VRAM 0%
  gpu_weights_exported=1 entries
2026-06-09 22:10:35,943 - INFO - === Auto-balance SUCCESS ===
  message=Balance otimizado (GPU0=100%). GPU0 VRAM 0%
  gpu_weights_exported=1 entries
2026-06-09 22:10:35,962 - INFO - === Fase 1 INICIO (GPUs primeiro, CPU permitido neste passo) ===
2026-06-09 22:10:35,997 - INFO - === Fase 1 INICIO (GPUs primeiro, CPU permitido neste passo) ===
2026-06-09 22:10:36,015 - INFO - Fase 1 — Tentativa 1: Main GPU0 100%
2026-06-09 22:10:36,048 - INFO - Fase 1 — Tentativa 1: Main GPU0 100%
2026-06-09 22:10:36,111 - INFO - Fase 1 — Tentativa 2: Main + 1ª GPU (cascata: GPU0=90%, GPU1=10%)
2026-06-09 22:10:36,151 - INFO - Fase 1 — Tentativa 2: Main + 1ª GPU (cascata: GPU0=90%, GPU1=10%)
2026-06-09 22:10:36,229 - INFO - Fase 1 — Tentativa 2: Main + 1ª GPU (cascata: GPU0=80%, GPU1=10%)
2026-06-09 22:10:36,259 - INFO - Fase 1 — Tentativa 2: Main + 1ª GPU (cascata: GPU0=80%, GPU1=10%)
2026-06-09 22:10:36,322 - INFO - Fase 1 — Tentativa 2: Main + 1ª GPU (cascata: GPU0=70%, GPU1=10%)
2026-06-09 22:10:36,349 - INFO - Fase 1 — Tentativa 2: Main + 1ª GPU (cascata: GPU0=70%, GPU1=10%)
2026-06-09 22:10:36,413 - INFO - === Auto-balance EMPIRICAL START ===
  model=test.gguf path=/models/test.gguf
  context_size=4096 parallel_slots=1
  weights_mb=30000 (29.30 GB)  kv_cache_mb=0  total_mb=30000 (29.30 GB)
  active_gpus=2 | total_vram=40000 MB (39.06 GB)
  gpu_vram={0: 24000, 1: 16000}
  gpu_names={0: GPU0, 1: GPU1}
  main_index=0
  spill_order=[0, 1]
  cpu_enabled=True
  pins_count=0
2026-06-09 22:10:36,442 - INFO - === Auto-balance EMPIRICAL START ===
  model=test.gguf path=/models/test.gguf
  context_size=4096 parallel_slots=1
  weights_mb=30000 (29.30 GB)  kv_cache_mb=0  total_mb=30000 (29.30 GB)
  active_gpus=2 | total_vram=40000 MB (39.06 GB)
  gpu_vram={0: 24000, 1: 16000}
  gpu_names={0: GPU0, 1: GPU1}
  main_index=0
  spill_order=[0, 1]
  cpu_enabled=True
  pins_count=0
2026-06-09 22:10:36,461 - INFO - === Auto-balance: Fase 1 viavel ===
  weight_label=GPU0=100%
  weight_map={0: 100%}
  cpu_weight=0
2026-06-09 22:10:36,491 - INFO - === Auto-balance: Fase 1 viavel ===
  weight_label=GPU0=100%
  weight_map={0: 100%}
  cpu_weight=0
2026-06-09 22:10:36,509 - INFO - === Fase 2 PREPARANDO ===
  trimmed={0: 100%} main_index=0 cpu_enabled=True
2026-06-09 22:10:36,542 - INFO - === Fase 2 PREPARANDO ===
  trimmed={0: 100%} main_index=0 cpu_enabled=True
2026-06-09 22:10:36,559 - INFO - === Fase 2 INICIO (maximizar VRAM, GPU-only) ===
2026-06-09 22:10:36,588 - INFO - === Fase 2 INICIO (maximizar VRAM, GPU-only) ===
2026-06-09 22:10:36,604 - INFO - === Fase 2 CONCLUIDA ===
  weight_map={0: 100%}
  cpu_weight=0
2026-06-09 22:10:36,634 - INFO - === Fase 2 CONCLUIDA ===
  weight_map={0: 100%}
  cpu_weight=0
2026-06-09 22:10:36,650 - INFO - Fase 3: GPU0 já está em 100% — pulando fine-tuning
2026-06-09 22:10:36,679 - INFO - Fase 3: GPU0 já está em 100% — pulando fine-tuning
2026-06-09 22:10:36,725 - INFO - _vram_summary: weight_map={0: 100%} -> summary=GPU0 VRAM 0%
2026-06-09 22:10:36,741 - INFO - === Auto-balance: peso final ===
  weight_label=GPU0=100%
  weight_map={0: 100%}
  cpu_weight=0
2026-06-09 22:10:36,770 - INFO - === Auto-balance: peso final ===
  weight_label=GPU0=100%
  weight_map={0: 100%}
  cpu_weight=0
2026-06-09 22:10:36,786 - INFO - === HARDWARE SNAPSHOT BEFORE FINAL ===
  gpus=[]
2026-06-09 22:10:36,817 - INFO - === HARDWARE SNAPSHOT BEFORE FINAL ===
  gpus=[]
2026-06-09 22:10:36,838 - INFO - === Auto-balance SUCCESS ===
  message=Balance otimizado (GPU0=100%). GPU0 VRAM 0%
  gpu_weights_exported=2 entries
2026-06-09 22:10:36,868 - INFO - === Auto-balance SUCCESS ===
  message=Balance otimizado (GPU0=100%). GPU0 VRAM 0%
  gpu_weights_exported=2 entries
2026-06-09 22:10:36,888 - INFO - === Auto-balance EMPIRICAL START ===
  model=test.gguf path=/models/test.gguf
  context_size=4096 parallel_slots=1
  weights_mb=70000 (68.36 GB)  kv_cache_mb=0  total_mb=70000 (68.36 GB)
  active_gpus=2 | total_vram=40000 MB (39.06 GB)
  gpu_vram={0: 24000, 1: 16000}
  gpu_names={0: GPU0, 1: GPU1}
  main_index=0
  spill_order=[0, 1]
  cpu_enabled=True
  pins_count=0
2026-06-09 22:10:36,918 - INFO - === Auto-balance EMPIRICAL START ===
  model=test.gguf path=/models/test.gguf
  context_size=4096 parallel_slots=1
  weights_mb=70000 (68.36 GB)  kv_cache_mb=0  total_mb=70000 (68.36 GB)
  active_gpus=2 | total_vram=40000 MB (39.06 GB)
  gpu_vram={0: 24000, 1: 16000}
  gpu_names={0: GPU0, 1: GPU1}
  main_index=0
  spill_order=[0, 1]
  cpu_enabled=True
  pins_count=0
2026-06-09 22:10:36,934 - WARNING - Fase 1 — cascata GPU-only deu OOM; buscando split GPU-only maximizando o principal (resto balanceado por VRAM) antes do CPU
2026-06-09 22:10:36,960 - WARNING - Fase 1 — cascata GPU-only deu OOM; buscando split GPU-only maximizando o principal (resto balanceado por VRAM) antes do CPU
2026-06-09 22:10:36,978 - WARNING - Fase 1 — maximização GPU-only falhou; iniciando CPU offload (último recurso, +10% por tentativa)
2026-06-09 22:10:37,010 - WARNING - Fase 1 — maximização GPU-only falhou; iniciando CPU offload (último recurso, +10% por tentativa)
2026-06-09 22:10:37,025 - INFO - === Auto-balance: Fase 1 viavel ===
  weight_label=GPU0=50%, GPU1=20%, CPU=30%
  weight_map={0: 50%, 1: 20%}
  cpu_weight=30
2026-06-09 22:10:37,058 - INFO - === Auto-balance: Fase 1 viavel ===
  weight_label=GPU0=50%, GPU1=20%, CPU=30%
  weight_map={0: 50%, 1: 20%}
  cpu_weight=30
2026-06-09 22:10:37,074 - INFO - === Fase 2 PREPARANDO ===
  trimmed={0: 50%, 1: 20%} main_index=0 cpu_enabled=True
2026-06-09 22:10:37,102 - INFO - === Fase 2 PREPARANDO ===
  trimmed={0: 50%, 1: 20%} main_index=0 cpu_enabled=True
2026-06-09 22:10:37,118 - INFO - === Fase 2 INICIO (maximizar VRAM, GPU-only) ===
2026-06-09 22:10:37,153 - INFO - === Fase 2 INICIO (maximizar VRAM, GPU-only) ===
2026-06-09 22:10:37,172 - INFO - === Fase 2 CONCLUIDA ===
  weight_map={0: 50%, 1: 20%}
  cpu_weight=30
2026-06-09 22:10:37,199 - INFO - === Fase 2 CONCLUIDA ===
  weight_map={0: 50%, 1: 20%}
  cpu_weight=30
2026-06-09 22:10:37,215 - INFO - === Fase 3 INICIO (fine-tuning 1%, GPU-only) ===
  main_gpu=0 current_weight=50% max_possible=70%
  secondary_total=20% CPU=desabilitado
2026-06-09 22:10:37,241 - INFO - === Fase 3 INICIO (fine-tuning 1%, GPU-only) ===
  main_gpu=0 current_weight=50% max_possible=70%
  secondary_total=20% CPU=desabilitado
2026-06-09 22:10:37,261 - WARNING - Fase 3: sem incremento possivel — main GPU0 ja em 50%
2026-06-09 22:10:37,291 - WARNING - Fase 3: sem incremento possivel — main GPU0 ja em 50%
2026-06-09 22:10:37,312 - INFO - _vram_summary: weight_map={0: 50%, 1: 20%} -> summary=GPU0 VRAM 0%; GPU1 VRAM 0%
2026-06-09 22:10:37,327 - INFO - === Auto-balance: peso final ===
  weight_label=GPU0=50%, GPU1=20%, CPU=30%
  weight_map={0: 50%, 1: 20%}
  cpu_weight=30
2026-06-09 22:10:37,364 - INFO - === Auto-balance: peso final ===
  weight_label=GPU0=50%, GPU1=20%, CPU=30%
  weight_map={0: 50%, 1: 20%}
  cpu_weight=30
2026-06-09 22:10:37,380 - INFO - === HARDWARE SNAPSHOT BEFORE FINAL ===
  gpus=[]
2026-06-09 22:10:37,411 - INFO - === HARDWARE SNAPSHOT BEFORE FINAL ===
  gpus=[]
2026-06-09 22:10:37,430 - INFO - === Auto-balance SUCCESS ===
  message=Balance otimizado (GPU0=50%, GPU1=20%, CPU=30%). GPU0 VRAM 0%; GPU1 VRAM 0%
  gpu_weights_exported=3 entries
2026-06-09 22:10:37,459 - INFO - === Auto-balance SUCCESS ===
  message=Balance otimizado (GPU0=50%, GPU1=20%, CPU=30%). GPU0 VRAM 0%; GPU1 VRAM 0%
  gpu_weights_exported=3 entries
2026-06-09 22:10:37,478 - INFO - === Auto-balance EMPIRICAL START ===
  model=test.gguf path=/models/test.gguf
  context_size=4096 parallel_slots=1
  weights_mb=70000 (68.36 GB)  kv_cache_mb=0  total_mb=70000 (68.36 GB)
  active_gpus=2 | total_vram=40000 MB (39.06 GB)
  gpu_vram={0: 24000, 1: 16000}
  gpu_names={0: GPU0, 1: GPU1}
  main_index=0
  spill_order=[0, 1]
  cpu_enabled=False
  pins_count=0
2026-06-09 22:10:37,512 - INFO - === Auto-balance EMPIRICAL START ===
  model=test.gguf path=/models/test.gguf
  context_size=4096 parallel_slots=1
  weights_mb=70000 (68.36 GB)  kv_cache_mb=0  total_mb=70000 (68.36 GB)
  active_gpus=2 | total_vram=40000 MB (39.06 GB)
  gpu_vram={0: 24000, 1: 16000}
  gpu_names={0: GPU0, 1: GPU1}
  main_index=0
  spill_order=[0, 1]
  cpu_enabled=False
  pins_count=0
2026-06-09 22:10:37,527 - WARNING - Fase 1 — cascata GPU-only deu OOM; buscando split GPU-only maximizando o principal (resto balanceado por VRAM) antes do CPU
2026-06-09 22:10:37,559 - WARNING - Fase 1 — cascata GPU-only deu OOM; buscando split GPU-only maximizando o principal (resto balanceado por VRAM) antes do CPU
2026-06-09 22:10:37,576 - INFO - === HARDWARE CAPACITY FAILURE ===
  reason=no_feasible_split
  model=test.gguf path=/models/test.gguf
  estimated_model_mb=?
  total_vram_mb=40000 total_vram_gb=39.06
  active_gpus=[0, 1]
  gpu_details=[{'index': 0, 'name': 'GPU0', 'vram_mb': 24000}, {'index': 1, 'name': 'GPU1', 'vram_mb': 16000}]
  context_size=4096 parallel_slots=1
  message=Não foi possível carregar "test.gguf" em nenhuma divisão testada entre as GPUs selecionadas. O modelo excede a capacidade do hardware atual (~39.1 GB de VRAM em 2 GPU(s)) com contexto 4096 e 1 slot(s).
2026-06-09 22:10:37,606 - INFO - === HARDWARE CAPACITY FAILURE ===
  reason=no_feasible_split
  model=test.gguf path=/models/test.gguf
  estimated_model_mb=?
  total_vram_mb=40000 total_vram_gb=39.06
  active_gpus=[0, 1]
  gpu_details=[{'index': 0, 'name': 'GPU0', 'vram_mb': 24000}, {'index': 1, 'name': 'GPU1', 'vram_mb': 16000}]
  context_size=4096 parallel_slots=1
  message=Não foi possível carregar "test.gguf" em nenhuma divisão testada entre as GPUs selecionadas. O modelo excede a capacidade do hardware atual (~39.1 GB de VRAM em 2 GPU(s)) com contexto 4096 e 1 slot(s).
2026-06-09 22:10:37,634 - INFO - START: /usr/bin/llama-server -m /fake/model.gguf -ngl 22 --flash-attn on --host 0.0.0.0 --port 8085 --tools all --parallel 1 --ctx-size 8192 --batch-size 2048 --mlock --main-gpu 0 --split-mode layer --tensor-split 1.0 --api-key sk-test --mmproj-auto --jinja --reasoning on --chat-template-kwargs {"enable_thinking":true} (CUDA_VISIBLE_DEVICES=0, ctx_per_slot=8192, server_ctx=8192, batch_size=2048, thinking_enabled=True, mtp_enabled=False, mtp_draft_tokens=3, mtp_applied=False, gpu_pct=70.0, cpu_pct=30.0, n_gpu_layers=22, n_cpu_layers=10)
2026-06-09 22:10:37,654 - INFO - START: /usr/bin/llama-server -m /fake/model.gguf -ngl 6 --flash-attn on --host 0.0.0.0 --port 8085 --tools all --parallel 1 --ctx-size 8192 --batch-size 2048 --mlock --main-gpu 0 --split-mode layer --tensor-split 1.0 --api-key sk-test --mmproj-auto --jinja --reasoning on --chat-template-kwargs {"enable_thinking":true} (CUDA_VISIBLE_DEVICES=0, ctx_per_slot=8192, server_ctx=8192, batch_size=2048, thinking_enabled=True, mtp_enabled=False, mtp_draft_tokens=3, mtp_applied=False, gpu_pct=20.0, cpu_pct=80.0, n_gpu_layers=6, n_cpu_layers=26)
2026-06-09 22:10:37,683 - INFO - START: /usr/bin/llama-server -m /fake/model.gguf -ngl 999 --flash-attn on --host 0.0.0.0 --port 8085 --tools all --parallel 1 --ctx-size 8192 --batch-size 2048 --mlock --main-gpu 0 --split-mode layer --tensor-split 1.0 --api-key sk-test --mmproj-auto --jinja --reasoning on --chat-template-kwargs {"enable_thinking":true} (CUDA_VISIBLE_DEVICES=0, ctx_per_slot=8192, server_ctx=8192, batch_size=2048, thinking_enabled=True, mtp_enabled=False, mtp_draft_tokens=3, mtp_applied=False, gpu_pct=100.0, cpu_pct=0, n_gpu_layers=999, n_cpu_layers=0)
2026-06-09 22:10:37,707 - INFO - START: /usr/bin/llama-server -m /fake/model.gguf -ngl 22 --flash-attn on --host 0.0.0.0 --port 8085 --tools all --parallel 1 --ctx-size 8192 --batch-size 2048 --mlock --main-gpu 0 --split-mode layer --tensor-split 1.0 --api-key sk-test --mmproj-auto --jinja --reasoning on --chat-template-kwargs {"enable_thinking":true} (CUDA_VISIBLE_DEVICES=0, ctx_per_slot=8192, server_ctx=8192, batch_size=2048, thinking_enabled=True, mtp_enabled=False, mtp_draft_tokens=3, mtp_applied=False, gpu_pct=70.0, cpu_pct=30.0, n_gpu_layers=22, n_cpu_layers=10)
2026-06-09 22:10:37,801 - ERROR - GPU detection error: Command 'nvidia-smi' returned non-zero exit status 1.
2026-06-09 22:10:37,822 - ERROR - GPU metrics error: Command 'nvidia-smi' returned non-zero exit status 1.
2026-06-09 22:10:37,837 - ERROR - System metrics error: ram metrics unavailable
2026-06-09 22:10:37,855 - ERROR - GPU metrics error: Command 'nvidia-smi' returned non-zero exit status 1.
2026-06-09 22:10:38,278 - ERROR - GPU metrics error: Command 'nvidia-smi' returned non-zero exit status 1.
2026-06-09 22:10:38,299 - ERROR - System metrics error: ram down
2026-06-09 22:10:38,322 - ERROR - GPU metrics error: Command 'nvidia-smi' returned non-zero exit status 1.
2026-06-09 22:10:38,369 - INFO - MTP requested but model has no MTP head, skipping flags
2026-06-09 22:10:38,435 - WARNING - llama-server nao encontrado automaticamente; configure LLAMA_SERVER_BIN ou paths.json (llama_server_bin)
2026-06-09 22:10:38,454 - WARNING - Could not detect MTP for /fake/model.gguf: boom
1969-12-31 21:16:40,000 - WARNING - OOM detected! Consecutive: 1
1969-12-31 21:16:45,000 - WARNING - OOM detected! Consecutive: 2
1969-12-31 21:16:40,000 - WARNING - OOM detected! Consecutive: 1
1969-12-31 21:17:11,000 - WARNING - OOM detected! Consecutive: 1
1969-12-31 21:16:40,000 - WARNING - OOM detected! Consecutive: 1
1969-12-31 21:16:45,000 - WARNING - OOM detected! Consecutive: 3
2026-06-09 22:10:38,631 - WARNING - Could not detect model layers for /fake/model.gguf: not found
2026-06-09 22:10:38,653 - INFO - START: /usr/bin/llama-server -m /fake/model.gguf -ngl 999 --flash-attn on --host 0.0.0.0 --port 8085 --tools all --parallel 1 --ctx-size 8192 --batch-size 2048 --mlock --main-gpu 0 --split-mode layer --tensor-split 1.0 --api-key test-token --mmproj-auto --jinja --reasoning on --chat-template-kwargs {"enable_thinking":true} (CUDA_VISIBLE_DEVICES=0, ctx_per_slot=8192, server_ctx=8192, batch_size=2048, thinking_enabled=True, mtp_enabled=False, mtp_draft_tokens=3, mtp_applied=False, gpu_pct=100.0, cpu_pct=0, n_gpu_layers=999, n_cpu_layers=0)
2026-06-09 22:10:38,674 - INFO - START: /usr/bin/llama-server -m /fake/model.gguf -ngl 22 --flash-attn on --host 0.0.0.0 --port 8085 --tools all --parallel 1 --ctx-size 8192 --batch-size 2048 --mlock --main-gpu 0 --split-mode layer --tensor-split 1.0 --api-key test-token --mmproj-auto --jinja --reasoning on --chat-template-kwargs {"enable_thinking":true} (CUDA_VISIBLE_DEVICES=0, ctx_per_slot=8192, server_ctx=8192, batch_size=2048, thinking_enabled=True, mtp_enabled=False, mtp_draft_tokens=3, mtp_applied=False, gpu_pct=70.0, cpu_pct=30.0, n_gpu_layers=22, n_cpu_layers=10)
2026-06-09 22:10:38,697 - INFO - START: /usr/bin/llama-server -m /fake/model.gguf -ngl 0 --flash-attn on --host 0.0.0.0 --port 8085 --tools all --parallel 1 --ctx-size 8192 --batch-size 2048 --mlock --main-gpu 0 --split-mode layer --tensor-split 1.0 --api-key test-token --mmproj-auto --jinja --reasoning on --chat-template-kwargs {"enable_thinking":true} (CUDA_VISIBLE_DEVICES=0, ctx_per_slot=8192, server_ctx=8192, batch_size=2048, thinking_enabled=True, mtp_enabled=False, mtp_draft_tokens=3, mtp_applied=False, gpu_pct=0, cpu_pct=0, n_gpu_layers=0, n_cpu_layers=32)
2026-06-09 22:10:38,721 - INFO - START: /usr/bin/llama-server -m /fake/model.gguf -ngl 999 --flash-attn on --host 0.0.0.0 --port 8085 --tools all --parallel 1 --ctx-size 8192 --batch-size 2048 --mlock --main-gpu 0 --split-mode layer --tensor-split 1.0 --api-key test-token --mmproj-auto --jinja --reasoning on --chat-template-kwargs {"enable_thinking":true} (CUDA_VISIBLE_DEVICES=0, ctx_per_slot=8192, server_ctx=8192, batch_size=2048, thinking_enabled=True, mtp_enabled=False, mtp_draft_tokens=3, mtp_applied=False, gpu_pct=100.0, cpu_pct=0, n_gpu_layers=999, n_cpu_layers=0)
2026-06-09 22:10:38,742 - INFO - START: /usr/bin/llama-server -m /fake/model.gguf -ngl 999 --flash-attn on --host 0.0.0.0 --port 8085 --tools all --parallel 1 --ctx-size 8192 --batch-size 2048 --mlock --main-gpu 0 --split-mode layer --tensor-split 1.0 --api-key test-token --mmproj-auto --jinja --reasoning on --chat-template-kwargs {"enable_thinking":true} (CUDA_VISIBLE_DEVICES=0, ctx_per_slot=8192, server_ctx=8192, batch_size=2048, thinking_enabled=True, mtp_enabled=False, mtp_draft_tokens=3, mtp_applied=False, gpu_pct=100.0, cpu_pct=0, n_gpu_layers=999, n_cpu_layers=0)
2026-06-09 22:10:38,764 - INFO - START: /usr/bin/llama-server -m /fake/model.gguf -ngl 56 --flash-attn on --host 0.0.0.0 --port 8085 --tools all --parallel 1 --ctx-size 8192 --batch-size 2048 --mlock --main-gpu 0 --split-mode layer --tensor-split 1.0 --api-key test-token --mmproj-auto --jinja --reasoning on --chat-template-kwargs {"enable_thinking":true} (CUDA_VISIBLE_DEVICES=0, ctx_per_slot=8192, server_ctx=8192, batch_size=2048, thinking_enabled=True, mtp_enabled=False, mtp_draft_tokens=3, mtp_applied=False, gpu_pct=70.0, cpu_pct=30.0, n_gpu_layers=56, n_cpu_layers=24)
2026-06-09 22:10:38,784 - INFO - START: /usr/bin/llama-server -m /fake/model.gguf -ngl 999 --flash-attn on --host 0.0.0.0 --port 8085 --tools all --parallel 1 --ctx-size 8192 --batch-size 2048 --mlock --main-gpu 0 --split-mode layer --tensor-split 1.0 --api-key test-token --mmproj-auto --jinja --reasoning on --chat-template-kwargs {"enable_thinking":true} (CUDA_VISIBLE_DEVICES=0, ctx_per_slot=8192, server_ctx=8192, batch_size=2048, thinking_enabled=True, mtp_enabled=False, mtp_draft_tokens=3, mtp_applied=False, gpu_pct=200.0, cpu_pct=0, n_gpu_layers=999, n_cpu_layers=0)
2026-06-09 22:10:38,804 - INFO - START: /usr/bin/llama-server -m /fake/model.gguf -ngl 999 --flash-attn on --host 0.0.0.0 --port 8085 --tools all --parallel 1 --ctx-size 8192 --batch-size 2048 --mlock --main-gpu 0 --split-mode layer --tensor-split 1.0 --api-key test-token --mmproj-auto --jinja --reasoning on --chat-template-kwargs {"enable_thinking":true} (CUDA_VISIBLE_DEVICES=0, ctx_per_slot=8192, server_ctx=8192, batch_size=2048, thinking_enabled=True, mtp_enabled=False, mtp_draft_tokens=3, mtp_applied=False, gpu_pct=100.0, cpu_pct=0, n_gpu_layers=999, n_cpu_layers=0)
2026-06-09 22:10:38,829 - INFO - START: /usr/bin/llama-server -m /fake/model.gguf -ngl 0 --flash-attn on --host 0.0.0.0 --port 8085 --tools all --parallel 1 --ctx-size 8192 --batch-size 2048 --mlock --main-gpu 0 --split-mode layer --tensor-split 1.0 --api-key test-token --mmproj-auto --jinja --reasoning on --chat-template-kwargs {"enable_thinking":true} (CUDA_VISIBLE_DEVICES=0, ctx_per_slot=8192, server_ctx=8192, batch_size=2048, thinking_enabled=True, mtp_enabled=False, mtp_draft_tokens=3, mtp_applied=False, gpu_pct=0, cpu_pct=0, n_gpu_layers=0, n_cpu_layers=32)
2026-06-09 22:10:39,361 - WARNING - Port 8085 still bound after 0.5s wait — start() may fail to bind
2026-06-09 22:10:39,381 - INFO - llama-server stopped
2026-06-09 22:10:39,423 - INFO - Verificacao de versao iniciada em /tmp/automanager-test
2026-06-09 22:10:39,441 - WARNING - Diretorio nao e um repositorio git: /tmp/automanager-test
2026-06-09 22:10:39,458 - INFO - Verificacao de versao iniciada em /tmp/automanager-test
2026-06-09 22:10:39,474 - INFO - Versao atualizada (branch=main, ref=aaa1111)
2026-06-09 22:10:39,491 - INFO - Verificacao de versao iniciada em /tmp/automanager-test
2026-06-09 22:10:39,510 - INFO - Atualizacao disponivel (branch=main, ahead=2, aaa1111 -> ddd4444)
2026-06-09 22:10:39,530 - INFO - Verificacao de versao iniciada em /tmp/automanager-test
2026-06-09 22:10:39,545 - WARNING - git fetch falhou (branch=main): fatal: could not read from remote
2026-06-09 22:10:39,563 - INFO - Verificacao de versao iniciada em /tmp/automanager-test
2026-06-09 22:10:39,580 - WARNING - git fetch expirou apos 30s (branch=main)
2026-06-09 22:10:39,599 - INFO - Verificacao de versao iniciada em /tmp/automanager-test
2026-06-09 22:10:39,622 - INFO - Versao atualizada (branch=feature/foo, ref=1111111)
2026-06-09 22:10:39,646 - INFO - Verificacao de versao iniciada em /tmp/automanager-test
2026-06-09 22:10:39,663 - INFO - Atualizacao disponivel (branch=main, ahead=12, local00 -> remote0)
